zpid,street_address,zipcode,description,latitude,longitude,garage_spaces,has_association,has_garage,has_spa,has_view,home_type,year_built,latest_price,latest_saledate,latest_salemonth,latest_saleyear,num_of_photos,num_of_appliances,num_of_parking_features,num_of_patio_and_porch_features,num_of_security_features,num_of_waterfront_features,num_of_window_features,num_of_community_features,lot_size_sq_ft,living_area_sq_ft,avg_school_distance,avg_school_rating,avg_school_size,_median_students_per_teacher,num_of_bathrooms,num_of_bedrooms,num_of_stories,age
29351485,5706 Eagle Clfs,78731,"5706 Eagle Clfs, Austin, TX 78731 is a single family home that contains 1,573 sq ft and was built in 1984. It contains 3 bedrooms and 2 bathrooms. 
 
The Zestimate for this house is $499,568. The Rent Zestimate for this home is $2,300/mo.",30.3537712097168,-97.79362487792967,0,TRUE,FALSE,FALSE,FALSE,Single Family,1984,425000,2019-07-17,7,2019,1,7,1,0,2,0,1,0,3920,1573,3.4333333333333336,7,1177,16,2,3,1,35
29355947,5505 Lakemoore Dr,78731,"Options & opportunity for this corner lot with 3/2 home in the sought-after Lakewood neighborhood with its renowned Owners' Private Park along Bull Creek! Next door is a $1.9M home Pending after 6 days on market. Secure your homesite in this quaint, booming, unique neighborhood. Current home is very livable, remodel, add on (instant equity?) or tear down to build your dream home. Excellent schools - Doss, Murchison, Anderson w/ IB options. Walking trail to Bull Creek District Park 2 homes away. Hurry",30.365068435668945,-97.7858657836914,0,TRUE,FALSE,FALSE,FALSE,Single Family,1962,535000,2019-07-01,7,2019,15,4,2,1,0,0,1,0,16117.2,1707,1.8666666666666665,7,1483,16,2,3,1,57
29351445,5626 Parade Rdg,78731,"Want low maintenance living, lake privelages and private lake access, in an ideal location perfectly situated in Austin's Hill Country? See this stylish Garden Home in the highly sought after community of The Courtyard. Functional floorplan:3bed-1study-3baths.Tasteful finish-outs: hardwoods,granite,shutters & more.Master suite w/seperate sitting area,Jack&Jill Bath,Fireplace w/Wet Bar.*PRIVATE PARK ON BULL CREEK/LAKE AUSTIN W/DAY DOCK,PLAYGROUND,PICNIC-BBQ AREAS,TRAILS,BOAT RAMP/DOCK,& CANOE RACK EXCLUSIVELY FOR COURTYARD RESIDENTS--OWNERS OFFERING RECENTLY AQUIRED NEW CANOE W/PUCHASE!*

Neighborhood Description

One of my favorite neighborhoods in all of Austin. Just off the 360 bridge, situated on the banks of Lake Austin and Bull Creek, The Courtyard has it all. Nestled into the hill country with the true neighborhood feel, it's no secret why The Courtyard is such a highly sought after neighborhood. Not only does it consist of amazing well placed properties, the community park and amenities are second to none. The private gated park, held exclusively for residents of The Courtyard, is an outdoor explorers dream. Located on the waterfront of Bull Creek and Lake Austin, you'll find a day dock, picnic and bbq areas, playground facilities, expanive green space, a network of hiking trails, a canoe rack and a boat dock....all exclusively available to The Courtyard residents!",30.35277366638184,-97.7920913696289,0,TRUE,FALSE,FALSE,FALSE,Single Family,1985,550000,2019-03-25,3,2019,40,4,1,0,0,0,0,0,3911,2474,3.333333333333333,7,1177,16,3,3,2,34
29351434,5607 Courtyard Dr,78731,"5607 Courtyard Dr, Austin, TX 78731 is a single family home that contains 2,519 sq ft and was built in 1991. It contains 3 bedrooms and 3 bathrooms. 
 
The Zestimate for this house is $741,196. The Rent Zestimate for this home is $3,000/mo.",30.353260040283203,-97.79042053222656,2,TRUE,TRUE,FALSE,FALSE,Single Family,1991,650000,2019-05-13,5,2019,40,4,2,0,0,0,0,0,9365,2519,3.2999999999999994,7,1177,16,3,3,2,28
29353930,6300 Sprucewood Cv,78731,"Gorgeous, well-maintained home on a 1/3 acre lot in an amazing neighborhood! This spacious home boasts hardwood floors, 2 livings areas, 2 dining areas and a beautiful atrium. 2 bedrooms, one with a library/play area, 1 full bathroom and laundry room are downstairs. Large, private Master bedroom upstairs w/ double vanity, double closets, walk-in shower and a spacious balcony. The extra large deck is perfect for entertaining under large live oaks around the home. This beautiful home is sure to go quick!",30.35880279541016,-97.7865982055664,0,FALSE,FALSE,FALSE,FALSE,Single Family,1985,399000,2018-05-03,5,2018,28,2,1,0,0,0,0,0,14374.8,2068,1.9,7,1483,16,2,3,2,33
29351423,5503 Courtyard Dr,78731,"SOLD!! After being listed with previous agent at 450K, The Austin Real Estate Team came in, painted 2 rooms, fully furnished and staged the entire home, raised the price 25K and had 4 offers in 28 days....SOLD! Clients netted 43K more than previous contract they'd accepted, which thankfully fell through!
Amazing home in well established Courtyard community!Live in well appointed Waterfront community w/easy access to Lake Austin & Bull Creek.This fantastic 3 bedroom/3.5 bath home is situated on an expansive tree-covered lot backing to the greenbelt! Loaded w/upgrades & countless extras,this home has much to offer! Features include:Granite countertops,dual fireplaces,designer paint,custom in-ground pool,double living w/office, large bedrooms,Grand Foyer w/water feature,floor to ceiling windows & much more!

Neighborhood Description

Gorgeous 2-story home located in The Courtyard. Greenbelt directly behind home borders Lake Austin and is just a 3-minute walk from backyard!  Neighborhood has private gated neighborhood park on Bull Creek that is exclusive to home owners - enjoy lake privileges, boat dock, fishing pier, barbeque grills, picnic tables, hiking trails, playscape, kayak/canoe and boat storage!",30.35234260559082,-97.79283142089844,2,TRUE,TRUE,FALSE,TRUE,Single Family,1984,465900,2020-03-24,3,2020,56,4,2,2,0,0,1,0,10628,2848,3.4,7,1177,16,4,3,2,36
29351415,5500 N Scout Island Cir,78731,"Live the lake lifestyle!!  Boat dock is deeded w/ this one story transitional home in the Courtyard neighborhood. One of only 18 homes w/ boat dock &  access to Lake Austin from this neighborhoods private waterfront park.  Custom built, this home is on the market for the first time. Very open concept w/multiple living spaces incl. a game room, living & study. Game room could be altered to be 4th bedroom w/ closet. Hill Country views, Pool, pool bath, outdoor kitchen, koi pond &  wine cellar.",30.356645584106445,-97.78723907470705,0,TRUE,FALSE,TRUE,TRUE,Single Family,1999,1249000,2018-10-11,10,2018,26,0,1,0,0,0,0,0,14810.4,3427,3.1666666666666665,7,1177,16,4,3,1,19
29351414,5410 N Scout Island Cir,78731,"A deeded boat dock on Lake Austin w/a waterfront park are just two of the highlights of this remodeled home. Soaring ceilings & wall of windows greet you along w/ a backdrop of a view of the pool & lush landscape.  Open kitchen w/ subzero refrig & custom built-ins. Onyx master spa bath w/ fireplace & steam shower & custom crafted closet are featured in the owners retreat. 3 liv spaces plus dedicated theatre room.  Finishes inc. Allergy free carpet, Italian tile, Mahogany & Cherry floors, outdoor kitchen w/ limestone decking, 16,000 gallon salt water pool, mosquito system.  Recently updated mechanical include:  HVAC systems, 2 Rinnai Tankless hot water heaters, Emerson Wi-fi thermostats.",30.356599807739247,-97.78700256347656,2,TRUE,TRUE,TRUE,TRUE,Single Family,1999,1500000,2019-06-26,6,2019,57,4,2,0,0,0,1,0,14374.8,3994,3.1333333333333333,7,1177,16,4,4,2,20
29353898,5604 Blueridge Ct,78731,"Incredible opportunity to own a stunning home in Lakewood Village, mins from Bull Creek, 360 & Lake Austin. Certified as a wildlife habitat w/ drought resistant landscaping. Open floor plan with wood flooring. The kitchen has granite & SS. The large master bedroom has access to the back patio & an ensuite bath & a walk-in closet. Bonus room w/ seating area/gym on the first floor. Game room/bedroom and guest bedroom on the 2nd floor. Park-like backyard with oversized back deck. Shingles Installed 6/5/2020.",30.362150192260746,-97.78648376464844,2,FALSE,TRUE,TRUE,TRUE,Single Family,1981,855000,2020-07-13,7,2020,36,8,2,1,0,0,0,0,22651.2,3193,1.866666666666667,7,1483,16,3,4,2,39
29353897,5602 Blueridge Ct,78731,"5602 Blueridge Ct, Austin, TX 78731 is a single family home that contains 2,160 sq ft and was built in 1963. It contains 3 bedrooms and 2 bathrooms. 
 
The Zestimate for this house is $751,718. The Rent Zestimate for this home is $3,000/mo.",30.362192153930664,-97.78605651855467,3,TRUE,TRUE,FALSE,TRUE,Single Family,1963,649000,2019-04-08,4,2019,38,1,2,0,0,0,0,0,18730.8,2160,1.866666666666667,7,1483,16,2,3,1,56
29351394,5902 Inter Council Cv,78731,"Welcoming, light-filled home with soaring ceilings, on Courtyard culdesac. Gleaming hardwoods, easy flowing floor plan w/well-appointed wet bar-seamless transition between living, dining & kitchen areas. Gourmet kitchen renovation complete w/double ovens & 5 burner gas cooktop brick hutch. Wow master bath!!! Possibly the most stunning backyard ever-tremendous deck & lush landscaping creates the essence of a nature park & plenty of room for fun! This home was built for ease of living from it's master suite with spa-like bath, guest room with private bath to it's two bedrooms upstairs with shared bathroom.  Don't miss the dedicated sitting area with fireplace, upstairs loft and walk in pantry.  The Courtyard has boat dock & lake front park for residents!",30.35415267944336,-97.78614044189452,0,TRUE,FALSE,FALSE,FALSE,Single Family,1995,725000,2018-08-15,8,2018,40,5,1,0,0,0,0,0,17424,2893,3.033333333333333,7,1177,16,3,4,2,23
29351383,6002 Little Bull Cv,78731,"Rare opportunity on quiet cul-de-sac in the ultra-convenient Courtyard community! Includes private resident access to Lake Austin waterfront park, playground, & dock. Hardwoods throughout main level, gas fireplace with stone surround in family room, bonus room downstairs with French doors onto covered patio could be office, playroom, or extra bedroom. Stunning master bathroom remodel with Carrera marble countertops, bath & shower surrounds, & flooring.",30.35559272766113,-97.78649139404295,3,TRUE,TRUE,FALSE,FALSE,Single Family,1994,820000,2018-12-28,12,2018,34,3,2,0,0,0,0,0,9147,3560,3.1333333333333333,7,1177,16,3,5,2,24
29351381,5405 N Scout Island Cir,78731,"For more information or to schedule a private showing call 512-0222-3015. Gorgeous 5-bed/4-bath home located in highly sought after West Austin Community. Offering a bright, open floorplan, ideal for entertaining, w/3-living & 2-dining areas! Master suite & secondary bed/bath down. 3-beds, 2-full baths + gameroom up! Loaded w/tasteful finishes & custom accents; granite counter, SS appliances, designer paint, hardwood & tile flooring! Private park on bull creek/Lake Austin w/day dock,playground,picnic-bbq areas,trails,boat ramp/dock & canoe rack exclusive to Courtyard residents!",30.35588836669922,-97.78661346435548,0,TRUE,FALSE,FALSE,TRUE,Single Family,1994,799999,2019-01-16,1,2019,39,4,1,0,0,0,0,0,9408,3549,3.1333333333333333,7,1177,16,5,5,2,25
29353878,5704 Driftwood Dr,78731,"Stunning New Construction - the latest collaboration from award-winning Tornbjerg Design and Parkside Homes.  Warm modern finishes throughout, abundant natural light, and open living area. Master and Guest Bed (or flex room) on main level; dedicated study downstairs; large mud/pantry combo; 2 en-suite bedrooms upstairs with large playroom. Standing seam metal roof, contemporary dark bronze windows; custom white oak kitchen with quartz counters. Super quality, location, and design at this price.",30.36276435852051,-97.7879867553711,0,TRUE,FALSE,FALSE,FALSE,Single Family,2018,1235000,2018-05-25,5,2018,35,1,1,0,0,0,0,0,16552.8,3602,1.9666666666666663,7,1483,16,4,4,2,0
29351378,5212 S Scout Island Cir,78731,"Luxurious Custom Home on large lot! This home boasts 3972 sf, 4 bedrooms and 4.5 bathrooms. Step outside to the private backyard oasis to find a sparkling in-ground pool surrounded by mature trees! This serene backyard escape offers the ideal backdrop for entertaining and relaxing! Residents of Courtyard enjoy deeded access to Bull Creek, walking trails, playscapes, kayak storage, and a boat launch on Lake Austin via County Line Barbecue! Easy access to Loop 360 and 2222 for commuting!",30.35368347167969,-97.78617095947266,0,TRUE,FALSE,FALSE,FALSE,Single Family,1992,949997,2019-05-20,5,2019,39,3,1,0,0,0,2,0,12632.4,3972,3.033333333333333,7,1177,16,5,4,2,27
29353871,6501 Brownwood Ct,78731,"Serene Tranquil Beauty! This updated Mid-Century Modern home is set on a .7167 Acre lot with mature trees in Northwest Hills. The gorgeous landscaped lot is accessed by two driveways. Lovely views from newly installed picture windows overlooking spacious front lawn. Oak Hardwood Floors throughout, Large Energy-Efficient Windows bring light into the rooms. Genuine Saltillo tile floors installed on the lower level. New HVAC, Metal Roof, Private Neighborhood Park on Bull Creek one block away. Multiple Decks and Balconies.",30.36315536499023,-97.78704071044922,3,TRUE,TRUE,FALSE,FALSE,Single Family,1957,949000,2019-07-17,7,2019,32,3,3,1,0,0,1,0,31363.2,3360,1.9,7,1483,16,4,4,1,62
29353870,5600 Driftwood Dr,78731,"This house is the product of the precision and character as only a builder and designer would put together for their own home! No measurement was left to chance; each fixture was the result of sifting and selecting only the most high-end touches throughout. You will love this home for the inviting warmth, the vibrant light, the striking staircase, but most of all, the originality. Whether you're looking up to the 10-foot ceilings or down to the imported cement tile, you will be surrounded by beauty.",30.36306571960449,-97.78641510009766,0,TRUE,FALSE,FALSE,FALSE,Single Family,2018,1173000,2019-02-28,2,2019,40,4,0,0,0,0,0,0,9321,2933,1.866666666666667,7,1483,16,3,4,1,1
29353869,6502 Marblewood Dr,78731,"6502 Marblewood Dr, Austin, TX 78731 is a single family home that contains 2,453 sq ft and was built in 1988. It contains 3 bedrooms and 2 bathrooms. 
 
The Zestimate for this house is $908,930. The Rent Zestimate for this home is $3,739/mo.",30.36336326599121,-97.78651428222656,0,TRUE,FALSE,FALSE,FALSE,Single Family,1988,759000,2018-10-19,10,2018,1,0,1,0,0,0,0,0,19602,2453,1.9,7,1483,16,2,3,1,30
29351365,5801 Tom Wooten Cv,78731,"Cul-de-sac, private park at Bull Creek, low HOA fees, private tennis and swim club in neighborhood (fee based), walk to Lake Austin 360 Bridge",30.354066848754886,-97.78661346435548,0,TRUE,FALSE,FALSE,FALSE,Single Family,1984,799900,2019-06-21,6,2019,9,4,1,0,0,0,0,0,10454,2329,3.1,7,1177,16,3,3,2,35
29351336,5802 Harrington Cv,78731,"5802 Harrington Cv, Austin, TX 78731 is a single family home that contains 2,281 sq ft and was built in 1981. It contains 3 bedrooms and 3 bathrooms. 
 
The Zestimate for this house is $635,500. The Rent Zestimate for this home is $3,200/mo.",30.35539245605469,-97.78881072998048,2,TRUE,TRUE,FALSE,FALSE,Single Family,1981,485000,2018-06-25,6,2018,34,8,2,0,0,0,0,0,7143,2281,3.233333333333333,7,1177,16,3,3,2,37
29351824,5616 N Scout Island Cir,78731,"Austin's premier tennis community with private Lake Austin access and swim club, minutes to downtown and walking distance to enjoy sunsets at Pennybacker Bridge.  Former model home features 3 bedrooms plus flex room (could be 4th bedroom), office and 3 baths.  Kitchen opens to family room and back deck overlooks peaceful green belt.  28 foot ceilings in dramatic entry, recessed LED lights, exquisitely updated with designer-selected colors and fabrics.  Community parks, picnics, parades and clubs.",30.35690879821777,-97.78998565673828,2,TRUE,TRUE,FALSE,FALSE,Single Family,1992,875000,2020-06-08,6,2020,33,4,2,1,1,0,1,0,11325.6,3481,3.333333333333333,7,1177,16,3,4,2,28
29351820,5608 N Scout Island Cir,78731,"Improved price & working details on decorating allowance! Spacious 3 BD 2.5 BA 1 story. Private study. Well-designed floorplan, great flow between 2 din, 2 liv, bar space, kitchen. High ceilings give grand, open feel & windows bring in natural light & awesome views of outdrs, trees, woods from backyd & greenbelt beyond. Be the chef in grand kitchen: oversized prep island, gas cooktop, convection appliances, warming drawer, refrigerator(conveys), wine cooler in bar area, granite counters, sleek cabinetry, tons of storage. Master bedrm has high ceilings, 2 closets, en suite bathrm has dual sink vanity, jetted soaking tub & walk-in shower. HOA waterfront park, Lake Austin access via Bull Creek. Gr8 location!",30.35674476623535,-97.7891082763672,2,TRUE,TRUE,FALSE,FALSE,Single Family,1993,819500,2020-06-16,6,2020,51,3,2,0,0,0,0,0,11325.6,2902,3.2999999999999994,7,1177,16,3,3,1,27
29351312,5403 S Scout Island Cir,78731,"Located in the scenic neighborhood of The Courtyard, this 3,134 sq ft (TCAD) home with 4 bedrooms and 3 full bathrooms is situated on 0.32 acres and features a beautiful wooded backyard with a small pool and spa. Enjoy all of the amenities offered by the private Courtyard Tennis and Swim Club (membership required), including a lap-pool and gym, as well as community boat dock access to Bull Creek and Lake Austin. Owners in The Courtyard also have access to a gated, waterfront HOA park with playscape, picnic areas and day dock for fishing. The Courtyard is conveniently located off of Capital of Texas Highway and RM 2222 just minutes from Downtown Austin, local restaurants and AISD Schools (Highland Park Elementary, Lamar Middle, McCallum High).",30.353816986083984,-97.78807830810548,2,TRUE,TRUE,FALSE,FALSE,Single Family,1990,850000,2018-12-07,12,2018,27,3,2,0,0,0,0,0,14374.8,3134,3.1333333333333333,7,1177,16,3,4,2,28
29351295,5718 Sam Houston Cir,78731,"Minutes to Lake Austin, Arboretum and downtown, this lovely community is near the intersection of 2222 and 360.  Community park on Lake Austin with dock, playground for neighborhood enjoyment.",30.35379981994629,-97.78922271728516,0,TRUE,FALSE,FALSE,FALSE,Single Family,1980,399900,2019-10-31,10,2019,39,3,1,3,1,0,3,0,16117.2,2451,3.2,7,1177,16,3,4,2,39
70324280,5618 Parade Rdg,78731,"5618 Parade Rdg, Austin, TX 78731 is a single family home that contains 1,987 sq ft and was built in 2005. It contains 2 bedrooms and 2 bathrooms. 
 
The Zestimate for this house is $702,021. The Rent Zestimate for this home is $3,000/mo.",30.353227615356445,-97.79193115234376,0,TRUE,FALSE,FALSE,FALSE,Single Family,2005,549000,2018-04-20,4,2018,1,0,1,0,0,0,0,0,3920,1987,3.2999999999999994,7,1177,16,2,2,1,13
29351768,5900 Cartwright Cv,78731,"This home sits on a beautifully landscaped cul de sac lot in The Courtyard.  Highlights include bay windows, plantation shutters, hardwood floors & custom accents. The open floorplan is great for entertaining w/high ceilings, a limestone fireplace, and built-ins. The chef's kitchen features custom cabinets, a gas range, granite counters, ample storage, & large breakfast nook. Off the kitchen is the laundry and 2-car garage w/epoxy floors.  The downstairs master features a sitting area, a spa bath w/dual vanities, a walk-in shower & oversized closet. The spacious secondary bedrooms share a full bath in the hall. Upstairs is a bonus room w/a hidden office & balcony. The private backyard retreat has multiple patios & stone paths that lead you through the lush yard. Located in a waterfront & country club community, there is exclusive access to the lake, private dock, a community park & playscape. Members of the Tennis & Swim Club have access to the tennis courts, pools & other amenities.",30.35583305358887,-97.78889465332033,2,TRUE,TRUE,FALSE,FALSE,Single Family,1983,699000,2020-01-01,1,2020,40,3,2,3,1,0,2,0,6359,2369,3.233333333333333,7,1177,16,2,3,2,37
29351764,5608 Courtyard Cv,78731,"Newly remodeled 3/2.5 single story home in highly sought after Courtyard neighborhood. Beautiful home on corner lot feat. tons of upgrades, including unique art additions by prev. owner, in spacious & open floor plan. Private backyard paradise w/large trees, lush landscaping, heated lap pool, sprinkler system, & outdoor movie setup! Neighborhood includes residents only park & playscape, Bull Creek/Lake Austin access w/boat & kayak storage, Pool & Tennis Club, & more! This home is truly a must see!",30.356311798095703,-97.79011535644533,4,TRUE,TRUE,FALSE,FALSE,Single Family,1983,600000,2018-12-13,12,2018,21,1,3,0,0,0,0,1,6969,2169,3.333333333333333,7,1177,16,3,3,2,35
29351759,5601 Courtyard Cv,78731,"Reduced! Incredible ranch style white stone home in Courtyard! Cul de sac location, mature trees. Walk to Courtyard Tennis and Swim.  Refreshed with new paint, wallpaper removal, carpet, electrical switches and landscaping. New grass and roof.",30.356185913085938,-97.78932189941406,0,TRUE,FALSE,FALSE,FALSE,Single Family,1983,450000,2019-01-15,1,2019,34,0,1,0,0,0,0,0,6141,1603,3.2999999999999994,7,1177,16,2,2,1,36
29350246,5709 Sam Houston Cir,78731,"Copy/paste link for 3D tour: bit.ly/5709SamHouston3D. Come live the dream on Lake Austin in this beautiful waterfront home! Enjoy an amazing lake living experience in the quiet Courtyard community with miles of trails, picnic areas, park, tennis club, and your own private boat dock! The lush grounds with towering oak trees, gorgeous covered patio, and a fabulous deck that overlooks Lake Austin provide plenty of space for outdoor dining and entertaining. The spacious open floor plan captures the serene views through walls of windows. Grand master suite up with updated bath feels like a hideaway in the trees. The guest bedroom with full bath on main would make a great in-law suite. With four bedrooms, two spacious living rooms, two dining areas, and a renovated Chefs kitchen with huge island and stainless steel appliances, this home has plenty to offer! Located just minutes to downtown, Arboretum, Domain or Barton Creek Mall, this one-of-a-kind property is a perfect summer getaway!",30.353105545043945,-97.789703369140625,2,TRUE,TRUE,FALSE,TRUE,Single Family,1979,1995000,2020-07-03,7,2020,80,4,2,3,1,0,0,0,10323,3528,3.2,7,1177,16,3,4,2,41
29350245,5707 Sam Houston Cir,78731,"This impeccable Courtyard home has a great flow, natural lighting and completely surrounded by nature.  Enjoy a well designed kitchen with center island, granite countertops, Stainless appliances, double oven and CA closet designed pantry.  The kitchen cuddles up to a perfect spot to enjoy nature in an informal living space with wall to wall windows.  You will also enjoy a step down large family room with a fireplace and a connected deck.  This home features one bdrm and full bath down and the master with en-suite and 2 secondary bedrooms with private decks upstairs. All walk-ins have CA closets. Tile and hardwoods throughout.  No carpet! The backyard is the show stopper overlooking the creek, multiple use deck and outdoor fireplace.  Walking distance to the private community park with Bull Creek access, playground, grills and kayaks.",30.35322952270508,-97.78997039794922,2,TRUE,TRUE,FALSE,TRUE,Single Family,1981,859000,2019-04-30,4,2019,39,2,2,0,0,0,1,0,7797,3028,3.2,7,1177,16,3,4,2,38
29353458,7700 Pleasant Meadow Cir,78731,"An entertainer's delight, this fabulous home sits on a quiet cul-de-sac with an over-sized lot and serene backyard paradise. Very private setting with stunning pool, lovely mature trees, lots of seating arrangements, shade areas, sun areas, basketball hoop and concrete pad for fantastic outdoor entertaining. Inside is equally stunning with impeccable detailing and architectural elements that exude casual elegance. All areas of the home flow seamlessly to the tranquil covered back patio. The family room has vaulted ceiling with beam accents and floor-to-ceiling stone fireplace flanked by wooden accents on the walls. The kitchen has been updated with gorgeous countertops, stainless steel appliances, and modern glass backsplash. The downstairs master suite invites you in with peace and serenity overlooking the backyard and pool and connects to a double-vanity bath. Easy access to Mopac/360/2222. Minutes to Downtown and The Domain. Great community with top-rated schools.",30.36385726928711,-97.755523681640625,2,FALSE,TRUE,FALSE,FALSE,Single Family,1977,975000,2018-08-18,8,2018,1,7,2,0,0,0,0,0,20037.6,3666,0.6666666666666666,7,1483,16,4,4,2,41
29356457,7406 W Rim Dr,78731,"Lovely 1 story home in Northwest Hills that was remodeled in 2005. Gourmet kitchen has stainless steel appliances, Kitchen Craft custom cherry cabinets, granite counters & center island with counter seating. Cherry wood floors & Italian porcelain tile throughout most of the home. The hardware was replaced on all doors & cabinets. 3 large living areas with a flow that is great for entertaining. Extensive recessed lighting & Pella double-paned windows. The Backyard is large enough for a pool. Outstanding schools including Doss Elementary, Murchison Middle School & Anderson High School.",30.36719512939453,-97.76878356933594,0,FALSE,FALSE,FALSE,FALSE,Single Family,1968,499000,2019-05-28,5,2019,1,0,1,0,0,0,0,0,12196.8,2940,0.9666666666666668,7,1483,16,2.5,4,1,51
29356496,7606 W Rim Dr,78731,"Rare opportunity to buy on the coveted West Rim DR in beloved NW Hills. Bring your contractor! Zoned to top rated schools! Great location - center of ATX - mins to Domain, Downtown, UT, Lk Austin, Lk Travis, Arboretum, HEB, shopping, dining & golf. Storybook curb appeal - FLAT beautifully landscaped front & back yard - plenty of room to play or for pool. Master down & four beds up. Kitchen partially opens to dining & living. Delightful screened-in porch & useful storage shed in back. SF per TCAD",30.36902618408203,-97.76701354980467,0,FALSE,FALSE,FALSE,FALSE,Single Family,1969,689000,2019-06-14,6,2019,35,3,1,0,1,0,0,0,10018,2584,0.9666666666666668,7,1483,16,4,5,2,50
29355955,6501 Laurelwood Dr,78731,"Fully remodeled home sits on over .37 acre corner lot against North Cat Mountain, just steps from Bull Creek Greenbelt Trail. Open floorplan is ideal for entertaining, opening to butterfly garden bordered covered patio. Main house is 3/2 1639 sf; DETACHED GUESTHOUSE w/sep. driveway & HVAC is 1/1 384 sf. Pella double pane windows and glass doors, Solar Tubes. To die for kitchen w/ Thermador induction cooktop, Bosch applicances. ADT security system owned, Rainbird irrigation on entire property. Voluntary membership in Lakewood Club incl 5-acre private park on Bull Creek, kayak access to Lake Austin for only $45/year! 17.6 acres immediately behind house is owned by neighbor as Golden Cheek Warbler habitat. Easy access to major roads (2222, Capital of TX Hwy, MoPac) and lovely Pennybacker Bridge. Award-winning schools with major modernization bond-funded projects underway: Doss Elem, Murchison MS & Anderson High with International Baccalaureate programs. Seller related to Listing Agent",30.36379814147949,-97.78468322753906,0,TRUE,FALSE,FALSE,FALSE,Single Family,1978,725000,2018-11-09,11,2018,32,4,2,0,0,0,0,0,16552.8,2073,1.8,7,1483,16,3,4,1,40
29355452,3905 Petra Path,78731,"PRICE REDUCTION!! Charming 4 bedroom home in the heart of Northwest Hills on a gorgeous street. Wonderfully remodeled kitchen w/ SS appliances, double ovens, granite countertops. This home is an entertainer's dream with a full bar in the game room and access to a serene screened in porch. The flow of this home is perfect for large groups or intimate gatherings. Recent seamless metal roof and HVAC system. Large office and storage that could be converted to guest quarters. Close proximity to the JCC + award winning schools.",30.36535263061523,-97.7570571899414,0,FALSE,FALSE,FALSE,FALSE,Single Family,1973,749000,2018-12-06,12,2018,37,2,1,0,0,0,0,0,12632.4,3670,0.6666666666666666,7,1483,16,3,4,2,45
29353496,3901 Pebble Path,78731,"Incredible, corner lot in Northwest Hills. Open floor plan with vaulted ceilings, home office and formals and casual living and dining spaces. Complete with outdoor living as well as a screened porch. Master + one bedroom and additional bath downstairs with two bedrooms up. This neighborhood has so much to offer with very mature trees and access to all that coveted Northwest Hills has to offer.",30.364362716674805,-97.75691223144533,2,FALSE,TRUE,FALSE,FALSE,Single Family,1975,825000,2019-08-26,8,2019,30,7,2,2,1,0,0,0,15681.6,3221,0.6333333333333333,7,1483,16,3,4,2,44
29355447,3901 Myrick Dr,78731,"Beautifully maintained single story home in the coveted Mesa Forest gated community.  Large master bedroom with his and her baths and an abundance of closet space.  Second bedroom is currently used as an office with built in shelves.  Half bath is plumbed for a shower.  
            
            Light and bright with low HOA and community pool.",30.365819931030284,-97.75593566894533,0,TRUE,FALSE,FALSE,FALSE,Single Family,1996,725000,2019-07-01,7,2019,28,3,1,1,1,0,1,0,8276,2487,0.6666666666666666,7,1483,16,3,2,1,23
29352947,7106 Spurlock Dr,78731,"7106 Spurlock Dr, Austin, TX 78731 is a single family home that contains 3,800 sq ft and was built in 2020. It contains 5 bedrooms and 4 bathrooms. 
 
The Zestimate for this house is $1,908,856. The Rent Zestimate for this home is $3,123/mo.",30.35955047607422,-97.76380157470705,2,FALSE,TRUE,FALSE,TRUE,Single Family,2020,650000,2020-08-31,8,2020,56,1,2,0,0,0,0,0,9670,3800,0.6333333333333333,7,1483,16,4,5,1,0
29355445,3909 Myrick Dr,78731,"3909 Myrick Drive, Austin, TX 78731",30.36595916748047,-97.75630950927734,0,TRUE,FALSE,FALSE,FALSE,Single Family,1996,850000,2019-07-23,7,2019,30,2,1,0,0,0,0,0,7840,2985,0.6666666666666666,7,1483,16,3,3,1,23
29358429,4211 Burney Dr,78731,"4211 Burney Dr, Austin, TX 78731 is a single family home that contains 1,837 sq ft and was built in 1971. It contains 3 bedrooms and 2 bathrooms. 
 
The Zestimate for this house is $541,904. The Rent Zestimate for this home is $2,950/mo.",30.369407653808604,-97.76451110839844,2,FALSE,TRUE,FALSE,FALSE,Single Family,1971,550000,2020-05-12,5,2020,1,3,2,0,0,0,0,0,10280,1837,0.8666666666666667,7,1483,16,2,3,1,49
29353426,3804 Greystone Dr,78731,"Owner has made many improvements including Renewal Windows/Door by Andersen, popcorn ceilings removed, new HVAC and insulation (5/2012), new tile in kitchen and baths, new carpet in bedrooms, remodeled secondary bath, and more.",30.36032295227051,-97.7563247680664,0,FALSE,FALSE,FALSE,FALSE,Single Family,1971,745000,2018-04-27,4,2018,37,3,1,0,0,0,0,0,11325.6,2761,0.6,7,1483,16,3,4,2,47
29355922,7179 Las Ventanas Dr,78731,"7179 Las Ventanas Dr, Austin, TX 78731 is a single family home that contains 3,112 sq ft and was built in 1993. It contains 3 bedrooms and 4 bathrooms. 
 
The Zestimate for this house is $922,384. The Rent Zestimate for this home is $3,300/mo.",30.36601638793945,-97.77588653564452,2,TRUE,TRUE,FALSE,FALSE,Single Family,1993,825000,2020-04-06,4,2020,1,4,2,1,2,0,2,0,8712,3112,1.3,7,1483,16,4,3,2,27
29352920,7209 Lamplight Ln,78731,"Let your imagination run wild with this remodel opportunity in one of the most sought-after areas of Austin. Your canvas is one story, over 2700 square feet and has wonderful natural light throughout. Enjoy the mobility of Northwest Hills with access to Mopac, LOOP 360, and RM-2222 while appreciating the walkability to schools, shops, and restaurants. Escape the mayhem of the city and retreat to your quiet street in the heart of Northwest Hills. Cool off from the Texas heat in your private back yard pool and take pride in the great investment you've just made. Your best life begins with a home that inspires you.",30.36018371582031,-97.76102447509766,0,FALSE,FALSE,FALSE,FALSE,Single Family,1970,699000,2019-05-31,5,2019,19,2,1,0,0,0,0,0,12196.8,2742,0.5666666666666668,7,1483,16,3,4,1,49
29353495,3903 Pebble Path,78731,"Fantastic single story home in desirable Northwest Hills. Beautifully maintained home on large lot with towering oak trees and private backyard. The floor plan is great for a family and features large rooms, wood floors, crown molding, good storage, screened-in porch and back entry garage. Located on a quiet street with easy access to MOPAC, close to schools, shopping and restaurants.",30.36451530456543,-97.7572250366211,2,FALSE,TRUE,FALSE,FALSE,Single Family,1974,780000,2020-05-11,5,2020,25,5,2,2,1,0,1,0,11761.2,2657,0.6333333333333333,7,1483,16,2,3,1,46
29353902,5503 Driftwood Dr,78731,"Masterfully rebuilt in 2004, modern floor plan suited for casual ease & comfortable gatherings. Private setting, secluded street, minutes to all the conveniences. Main level: 2 large living areas, fireplace, huge island kitchen open to informal dining area, granite-ss, 3 bdr, 2.5 ba, study/wk rm & util w/sink. Up a graceful curving stair a serene master retreat, sitting area & private terrace, hill country view. 1 blk to Bull Creek Park trailhead. Private park along Bull Creek exclusively for Homeowners.",30.36288642883301,-97.7853775024414,2,TRUE,TRUE,FALSE,FALSE,Single Family,1963,642400,2018-10-02,10,2018,40,3,2,0,0,0,0,0,25264.8,3682,1.8,7,1483,16,4,4,2,55
29355488,7904 Moritz Ln,78731,"Elegant, single story home in gorgeous Northwest Hills, Mesa Forest gated community. Open living room w/high ceilings, wood floors & gas fireplace. 3rd bedroom lined w/bookshelves could be office/library. Peaceful, screened porch! Expansive kitchen open to living room features granite counters, gas cooking, beautiful cabinets. Large master suite w/double vanity, walk-in shower & great closet space. Serene backyard w/beautiful Heritage oak tree. Community pool. Grocery & more shopping so close! Immaculate!",30.366943359375,-97.75572204589844,0,TRUE,FALSE,FALSE,FALSE,Single Family,1998,625000,2019-12-31,12,2019,28,6,1,1,2,0,2,0,6098,1769,0.7333333333333334,7,1483,16,2,3,1,21
241929891,4005 Knollwood Dr,78731,"END OF MAY COMPLETION.Mid-construction photos. Exceptional new construction home executed by The Muskin Company, Clayton & Little Architects and Allison Crawford Design.  This stylish home blends seamlessly on an established street due to the thoughtful and intentional architectural design elements, exterior material selections and placement within the mature tree canopy.  The home's sensible interiors are organic and clean, integrating with the natural elements of the lot and outdoor living spaces.",30.35463714599609,-97.76714324951172,0,FALSE,FALSE,FALSE,FALSE,Single Family,2018,1595000,2018-09-21,9,2018,24,4,1,0,0,0,0,0,12196.8,3525,0.8333333333333334,7,1483,16,5,5,2,0
29353390,4005 Greystone Dr,78731,"RARE fully renovated single story home in the heart of Northwest Hills! Backyard oasis features a modern pool/hot tub, covered patio PLUS a custom detached office! Remodeled kitchen opens to living room and overlooks backyard, great for entertaining! Open floor plan w/ vaulted ceiling, oversized windows & recessed lighting throughout! Upgrades include engineered wood floors, tile, granite, custom cabinetry & SS appliances. 2 living spaces! Feeds into highly desirable Doss, Murchison, Anderson High School!",30.3625602722168,-97.76107025146484,2,FALSE,TRUE,FALSE,TRUE,Single Family,1967,915000,2020-08-14,8,2020,111,4,2,2,2,0,2,0,9670,2214,0.6666666666666666,7,1483,16,2,4,1,53
111972888,4212 Far West Blvd,78731,"Well-maintained home in highly desirable Northwest Hills, walking/biking distance to new state-of-the-art elementary school. This gem, on the quiet end of Far West, has vaulted ceilings in the living room and master and fresh interior paint 8/2020. This house is move-in ready or it could be updated to the buyers' dream home. No carpet, bamboo floors throughout with tile in the wet areas. Separate utility room/pantry and half bath off the kitchen. Large back yard with organic garden and more. Sprinkler Sys:Yes",30.361406326293945,-97.76970672607422,2,FALSE,TRUE,FALSE,FALSE,Single Family,1967,745000,2020-10-20,10,2020,46,4,2,0,0,0,0,0,10236,2137,0.9333333333333332,7,1483,16,27,4,1,53
29349467,6215 Ledge Mountain Dr,78731,"6215 Ledge Mountain Dr, Austin, TX 78731 is a single family home that contains 3,697 sq ft and was built in 1985. It contains 4 bedrooms and 4 bathrooms. 
 
The Zestimate for this house is $1,471,277. The Rent Zestimate for this home is $3,150/mo.",30.35066223144531,-97.775054931640625,5,FALSE,TRUE,FALSE,TRUE,Single Family,1985,595000,2020-09-23,9,2020,115,4,3,0,0,0,0,0,10890,3697,2.3666666666666667,7,1177,16,4,4,3,35
70331967,7320 Vista Mountain Dr,78731,Call Agent #1 for showings.,30.37114524841309,-97.78063201904295,2,TRUE,TRUE,TRUE,TRUE,Single Family,2008,1495000,2019-02-28,2,2019,36,3,2,0,0,0,0,0,11761.2,3498,1.6666666666666667,7,1483,16,4,4,2,11
29352985,7220 Running Rope,78731,"7220 Running Rope, Austin, TX 78731 is a single family home that contains 2,430 sq ft and was built in 1969. It contains 4 bedrooms and 3 bathrooms. 
 
The Zestimate for this house is $910,874. The Rent Zestimate for this home is $3,600/mo.",30.36147689819336,-97.76185607910156,0,FALSE,FALSE,FALSE,FALSE,Single Family,1969,899900,2020-12-15,12,2020,31,0,1,4,3,0,0,0,10585,2430,0.6,7,1483,16,3,4,1,51
29353379,4000 Greystone Dr,78731,"Delightful one story home with recent updates that include dark engineered hardwoods, stainless steel dishwasher, replaced windows, doors, and garage door. Fourth flex room could be study or bedroom. Clean and move in ready, this home features built ins, no carpet, crown molding, indoor utilities, neutral colored tiled baths and a great sized backyard. Loads of natural light comes into the home. Feeds into popular Austin ISD schools, this home is conveniently located in the heart of Northwest Hills.",30.362775802612305,-97.76026916503906,2,FALSE,TRUE,FALSE,FALSE,Single Family,1967,380000,2018-07-21,7,2018,1,2,2,0,0,0,0,0,9147,1970,0.6,7,1483,16,2,4,1,51
29351376,5208 S Scout Island Cir,78731,"Lovely home in the desirable community, The Courtyard, with access to Lake Austin, community amenities (pool, tennis, and dock), close to downtown, The Domain shopping, & much more. Great curb appeal-professional landscaping, beautiful brick exterior, freshly painted interior, and ready for its next chapter. Formal dining & living area with coffered ceilings, Nest thermostats, spacious kitchen w/stainless appliances, lots of storage, & main level master. Study/4th bed option. Private backyard & shady trees.",30.353822708129886,-97.78565979003906,0,TRUE,FALSE,FALSE,FALSE,Single Family,1999,779000,2019-10-09,10,2019,27,2,1,3,1,0,3,0,10018,3007,3.033333333333333,7,1177,16,3,4,2,20
29353860,4911 Bob Cat Run,78731,"The view is AMAZING at this fabulous lock & leave home in North Cat Mountain. Tremendous windows afford long Hill Country views from every angle. Floorplan is an entertainer's dream w/wet bar and light-filled dining & living areas. Owner designed, custom kitchen w/ custom cabinets, hidden step ladder, appliance hideaway, double ovens, pot filler & sunny breakfast area. Disability features include wide doors, electric chair & hand rails. One story w/ stair lift in garage. 2017 Solar panels-bills range from below $0-$110 monthly.",30.363555908203125,-97.778778076171875,2,TRUE,TRUE,FALSE,TRUE,Single Family,1984,599000,2018-10-19,10,2018,32,2,2,0,0,0,0,0,8054,2356,1.4,7,1483,16,2,2,1,34
29353857,4908 Bob Cat Run,78731,"4908 Bob Cat Run, Austin, TX 78731 is a single family home that contains 1,968 sq ft and was built in 1983. It contains 3 bedrooms and 2 bathrooms. 
 
The Zestimate for this house is $652,181. The Rent Zestimate for this home is $2,800/mo.",30.36396026611328,-97.778594970703125,2,TRUE,TRUE,FALSE,TRUE,Single Family,1983,598000,2020-07-13,7,2020,39,4,2,1,1,0,2,0,6272,1968,1.4,7,1483,16,2,3,1,37
29356469,4208 Deepwoods Dr,78731,"This is the NW Hills gem you've been waiting for. It is 2356 sf of charm and is located on one of the premier streets in the neighborhood. The front yard is full of large trees. The back yard is enclosed with a painted wood privacy fence and has a nice back patio. A big yard, there is even room for a pool in the back - the plans are included! The home is updated throughout including the 4 bedrooms and 3 bathrooms. The Kitchen is lovely and features Shaker Style white cabinets with black granite countertops, a farmhouse sink and a professional quality faucet and stainless steel appliances. The home has carpeted areas as well as both wood and stone floors. The Front Living Space has a gorgeous wood floor with an inlaid strip of contrasting wood. Beautiful paint color choices on the walls, trim and woodwork. Large windows let in lots of light and look out over the tree-covered neighborhood. This is truly the one you've been waiting for! Doss, Murchison and Anderson schools",30.3656005859375,-97.76678466796876,0,FALSE,FALSE,FALSE,FALSE,Single Family,1966,795000,2019-01-17,1,2019,37,4,1,0,0,0,0,0,9321,2356,0.8666666666666667,7,1483,16,3,4,2,53
29353853,4900 Bob Cat Run,78731,"Like living in a treehouse -- this luxurious home in N. Cat Mountain couldn't be more incredible. Gorgeous views from clerestory windows provide a serene setting, bringing the outdoors in. Private balcony off master adds yet another space to enjoy the view. Hardwood floors, designer tile, high ceilings, floor to ceiling fireplace and open floorplan makes this home excellent for entertaining. Designer kitchen, luxurious tub and walk-in shower, spacious closet and so many more features in this elegant home.",30.36372947692871,-97.7779312133789,2,TRUE,TRUE,FALSE,TRUE,Single Family,1984,614900,2020-07-20,7,2020,34,2,2,1,0,0,0,0,4007,1973,1.4,7,1483,16,3,2,2,36
29356347,7713 Mesa Dr,78731,"7713 Mesa Dr, Austin, TX 78731 is a single family home that contains 3,358 sq ft and was built in 1969. It contains 4 bedrooms and 3 bathrooms. 
 
The Zestimate for this house is $1,052,221. The Rent Zestimate for this home is $4,290/mo.",30.367246627807617,-97.7596206665039,0,FALSE,FALSE,FALSE,FALSE,Single Family,1969,935000,2019-02-26,2,2019,22,0,1,0,0,0,0,0,13939.2,3358,0.7333333333333334,7,1483,16,3,4,2,50
29353832,6815 Cougar Run,78731,Custom built by Don Skirrow in a prime location. This custom home is perfect if you want to be close to Downtown (approx. 20 min)The Domain(approx. 15 min) The Aboretum(approx. 10 min) University of Texas (approx. 20 min) without the noise!  Located in a peaceful quiet setting and a heavily populated section of trees in the back to enjoy your morning coffee or evening cocktails or just reading your favorite book and relaxing. Cellar area in back for additional storage.,30.362808227539062,-97.77759552001952,2,TRUE,TRUE,FALSE,TRUE,Single Family,1991,735000,2020-07-09,7,2020,26,2,2,0,0,0,0,0,4051,2625,1.366666666666667,7,1483,16,3,3,2,29
29355818,4209 Gnarl Dr,78731,"Welcome home! The quintessential NWH home. Walk to the award winning and much sought after Doss, Murchison & Anderson. Completely remodeled 4 bedroom home with spa like baths & gourmet kitchen. Backyard oasis is big enough for parties but quiet enough for just family. Kitchen has granite counters, recessed lighting & highend appliances. Masterbath has radiant heat marble floors, marble counter top on zinc vanity, tankless H2O heater for upstairs baths insures endless hot H2O, traditional tank for downstairs. Look at pictures & schedule a visit!",30.36384010314941,-97.76815032958984,0,FALSE,FALSE,FALSE,FALSE,Single Family,1967,749999,2018-05-04,5,2018,21,3,1,0,0,0,0,0,9147,2622,0.9,7,1483,16,3,4,2,51
29358814,5318 Valburn Cir,78731,"An immaculate single owner home.  The pictures do not do it justice.
This 4-bedroom 3 bath, 3040 square foot custom built home, while needing some update, is move in ready today.
The full covered patio that extends the entire length of the house is an entertainers delight.  With 4 entries from the master, breakfast, family room and bedroom 4, along with pass throughs from the kitchen and bar area, you will always have easy access to your guests.
There is a second suite with its own bathroom and sitting area along with its own kitchenette.
The skylights in the formal living, kitchen, back porch, breakfast area and main hallway provide an abundance of natural light in the house.
Located in the much sought-after Northwest Hill of Austin, this is a home to make your own.
The property is shown by appointment only.
",30.37441253662109,-97.77472686767578,2,FALSE,TRUE,FALSE,FALSE,Single Family,1978,799000,2019-04-08,4,2019,69,1,2,0,0,0,0,0,12632.4,3040,1.4333333333333331,7,1483,16,3,4,1,41
29353312,6305 Mountain Park Cv,78731,"Gorgeous remodel nestled on a quiet cul de sac with clean lines and playful accents throughout. No detail overlooked and home has 4 bedrooms, 3.5 baths and separate office. Incredible entertaining backyard with pool, hot tub, outdoor kitchen, putting green and more feeding into Doss Elementary, Murchison Middle and Anderson High.",30.35890388488769,-97.785125732421875,0,FALSE,FALSE,TRUE,FALSE,Single Family,1983,1050000,2018-08-03,8,2018,37,3,1,0,0,0,0,0,11761.2,2898,1.8,7,1483,16,4,4,2,35
29355809,4214 Cat Hollow Dr,78731,"There is so much to love about this beautifully remodeled 1960's home. The home is tucked away on a quiet tree-lined street in the much desired Northwest Hills neighborhood and yet it is so close to many stores and restaurants as well as minutes from downtown. The highly rated Doss Elementary School and Murchison Middle School are less than a mile away, and Anderson High School is just down Mesa Dr.  The home boasts over $100K in upgrades in the last 3 years including new siding, windows and doors, electrical panel and upgrades, PVC drain lines, multiple energy efficiency features throughout, and so much more. Renovations include a massive hall bathroom make over down to the studs and the reconfiguration of the converted garage to allow for a mother-in-law suite with separate entrance (5th bedroom) and an office or craft room (or possible butler's pantry). The master bathroom and kitchen have also undergone a large remodel, all contributing to the home's tasteful and contemporary look.",30.36376762390137,-97.76896667480467,0,FALSE,FALSE,FALSE,FALSE,Single Family,1967,615000,2019-09-27,9,2019,35,3,2,2,3,0,2,0,9670,2638,0.9,7,1483,16,2,5,1,52
29353306,6306 Mountain Park Cv,78731,"6306 Mountain Park Cv, Austin, TX 78731 is a single family home that contains 2,678 sq ft and was built in 1984. It contains 3 bedrooms and 3 bathrooms. 
 
The Zestimate for this house is $909,215. The Rent Zestimate for this home is $3,750/mo.",30.35930633544922,-97.78569793701172,2,FALSE,TRUE,FALSE,FALSE,Single Family,1984,825000,2020-04-27,4,2020,40,3,2,0,0,0,1,0,12196.8,2678,1.8333333333333333,7,1483,16,3,3,2,36
29358805,5212 Valburn Cir,78731,"Stunning well-appointed home on oversized cul-de-sac lot w/ beautiful curb appeal. From the spacious, flowing floor plan to the open design, this home is great for entertaining! The many windows bring the natural beauty indoors and keep it light & bright! Unwind, relax & restore your soul after a busy day in the resort style backyard featuring a sparkling pool, spacious patio and built-in grilling area. Plenty of flex space for office, exercise room, etc. See update list!",30.37358665466309,-97.7751235961914,2,FALSE,TRUE,FALSE,FALSE,Single Family,1977,1050000,2020-07-20,7,2020,63,4,2,2,0,0,1,0,13503.6,3437,1.4666666666666668,7,1483,16,3,5,2,43
29355789,4214 Woodway Dr,78731,"Live on one of the best streets in Northwest Hills!  Gorgeous updated kitchen with double ovens, touch faucet and quartz countertops.  Screened-in porch overlooks flat, private backyard.  Great flow with 3 large living areas and two dining downstairs.  Wood floors throughout first floor except playroom.  Feeds to highly desirable Doss/Murchison/Anderson schools.",30.36519432067871,-97.76805114746094,0,FALSE,FALSE,FALSE,FALSE,Single Family,1967,950000,2019-10-08,10,2019,25,0,1,1,2,0,1,0,9583,3044,0.9,7,1483,16,3,4,2,52
29355788,4212 Woodway Dr,78731,"4212 Woodway Dr, Austin, TX 78731 is a single family home that contains 2,293 sq ft and was built in 1966. It contains 4 bedrooms and 3 bathrooms. 
 
The Zestimate for this house is $757,166. The Rent Zestimate for this home is $2,850/mo.",30.36511039733887,-97.7677993774414,0,FALSE,FALSE,FALSE,FALSE,Single Family,1966,650000,2020-02-14,2,2020,7,2,1,1,0,0,0,0,10846,2293,0.9,7,1483,16,3,4,1,54
29353285,6308 Gato Path,78731,"Terrific, stone and cedar updated Northwest Hills, Austin, Texas home, first time on the market in more than 20 years. Updates just completed by owner include both HVACs, paint, carpeting, lighting, and more. Big, bright central living room with real wood floors, vaulted ceiling and stone fireplace. Redone kitchen with new paint, floors, gas stove, dishwasher, quartz counter tops. Primary bedroom overlooking the trees on main level with new carpet and paint and just redone bathroom-floors, quartz counters, shower. Downstairs are 2 large bedrooms with new carpeting and redone hall bathroom with divided spaces good for sharing. Plus a flex room great for studio, crafts, or maybe a media room. Gorgeous, extensive decks, both covered and open on two floors overlooking the sprawling back yard with beautiful landscaping and lots of room to roam. Great schools-brand new Doss Elementary, Murchison Middle School and Anderson High School, all in the neighborhood.",30.35835838317871,-97.78467559814452,4,FALSE,TRUE,FALSE,FALSE,Single Family,1983,799000,2020-09-25,9,2020,39,3,2,2,2,0,0,0,12196.8,2171,1.7666666666666666,7,1483,16,3,3,2,37
29355783,4211 Deepwoods Dr,78731,"Custom NWH Acadian-style home-new in 2014-w/open floorplan and plantation shutters. Quality & thoughtful design; Versatile 4 bed, 4 full bath (all en suite) 3 living areas, w/office & huge studio; Abundant space & light w/custom fixtures and garage door; Many smart additions (garage sprinkler alarm thermostat); Hard-wired AV/data/security system. Hardwood floors throughout & tasteful colors. Double sliding doors open to private patio getaway by the gas fireplace and pool-ready yard w/mature landscaping.",30.36540985107422,-97.7676010131836,2,FALSE,TRUE,FALSE,FALSE,Single Family,2014,1300000,2020-07-08,7,2020,38,3,2,1,0,0,1,0,10062,3435,0.9,7,1483,16,4,4,1,6
29353279,5401 Cedro Trl,78731,"5401 Cedro Trl, Austin, TX 78731 is a single family home that contains 2,512 sq ft and was built in 1984. It contains 4 bedrooms and 3 bathrooms. 
 
The Zestimate for this house is $888,144. The Rent Zestimate for this home is $3,750/mo.",30.35971260070801,-97.78477478027344,0,FALSE,FALSE,FALSE,FALSE,Single Family,1984,755000,2020-05-01,5,2020,38,3,1,3,0,0,2,0,13068,2512,1.7666666666666666,7,1483,16,3,4,2,36
29351279,4030 Walnut Clay Dr,78731,"4030 Walnut Clay Dr, Austin, TX 78731 is a single family home that contains 3,474 sq ft and was built in 1993. It contains 5 bedrooms and 4 bathrooms. 
 
The Zestimate for this house is $1,188,033. The Rent Zestimate for this home is $4,846/mo.",30.35331153869629,-97.76872253417967,0,FALSE,FALSE,FALSE,FALSE,Single Family,1993,975000,2018-08-03,8,2018,1,0,1,0,0,0,0,0,29620.800000000007,3474,0.9666666666666668,7,1483,16,4,5,2,25
29353278,6309 Gato Path,78731,"Great corner lot location in beautiful NWHills. Updated kitchen and bathrooms, wood floors throughout (no carpet), large bedrooms and huge game room with built-ins! Limestone terrace in backyard for great entertaining. Gas grill conveys. Agent has familial relationship with owner.",30.35847282409668,-97.78412628173828,0,FALSE,FALSE,FALSE,FALSE,Single Family,1983,804999,2018-06-01,6,2018,37,3,1,0,0,0,0,0,12196.8,3098,1.7333333333333334,7,1483,16,3,4,2,35
29358777,5201 Rico Cv,78731,"STUNNING 2 story limestone home on a corner lot in a peaceful Northwest Hills cul-de-sac. Bright and airy floor plan features gleaming oak hardwood floors and tall ceilings. Open chef's kitchen has granite countertops, stainless steel appliances & center island. First floor boasts master suite & guest room with private entrance. 2 beds, 1 bath up with game room.  Terrific back yard with sparkling, heated pool & covered patio for outdoor entertaining. Four fabulous living areas, including separate office. Award-winning Doss Elementary and International Baccalaureate Murchison Middle and Anderson High Schools.",30.37467193603516,-97.77335357666016,0,FALSE,FALSE,FALSE,FALSE,Single Family,1998,1425000,2019-05-15,5,2019,40,4,2,0,1,0,1,0,16552.8,3935,1.366666666666667,7,1483,16,3,4,2,21
29353270,6313 Gato Path,78731,"Rare Single Story. Fabulous floor plan on quiet street in North Cat Mountain Area. Large Master Suite w/ sitting area and 2 walk-ins. The two other large bedrooms, each with their own bath & walk ins are on other end of house, a true mother in law plan. The spacious family room in center of the home boast a higher ceiling, fireplace and custom built in shelves. Home has been carefully maintained by the original owners. In the Doss, Murchison and Anderson zones.  2 Â½ car garage.",30.35901641845703,-97.78409576416016,0,FALSE,FALSE,FALSE,FALSE,Single Family,1984,644500,2019-02-01,2,2019,33,4,1,0,0,0,0,0,13503.6,2362,1.7333333333333334,7,1483,16,3,3,1,35
29351270,4013 Sierra Dr,78731,"This classic one story sits above a deep draw to the lot below it & affords distant views of the hill country and a downtown skyline view. Large rooms, 4 bedrooms, 3.5 bathrooms, formal dining room, formal living room/home office with massive picture window overlooking the hill country. Granite & parquet floors. Great trees on big lot, private courtyard and backyard with covered patios,  Awesome location just minutes to downtown, minutes to the Domain, & in the highly desirable Northwest Hills of Austin.",30.353702545166016,-97.7694854736328,2,FALSE,TRUE,FALSE,TRUE,Single Family,1963,895000,2020-03-12,3,2020,5,1,2,2,1,0,0,0,14810.4,2533,0.9666666666666668,7,1483,16,4,4,1,57
29358768,5129 Valburn Ct,78731,"Gorgeous, airy, 2 story home- Northwest Hills w/stunning canyon views- 1/3 acre lot! Spacious, open floor plan-3 beds/2.5 baths & 3 living areas. 3rd living could be 4th bed. Hardwood floors on both levels, tall ceilings; windows replaced-beautiful natural light. Renovated kitchen includes Quartz countertops, stainless appliances &  cabinetry. Enjoy spectacular views from large deck & professionally landscaped yard. This home is immaculate-a dream to show! 2 hour notice pls. Brand new roof! Pre-Inspected.",30.376445770263672,-97.77088165283205,2,TRUE,TRUE,FALSE,TRUE,Single Family,1998,700000,2018-10-30,10,2018,40,7,2,0,0,0,0,0,15245.999999999998,2492,1.3666666666666665,7,1483,16,3,3,2,20
29358767,5133 Valburn Ct,78731,"Gorgeous 5 bedroom, 3 1/2 Bath home nestled on a serene private street in highly sought after Northwest Hills.  Breathtaking views from your private backyard along with a heated swimming pool and spa.  The Backyard also includes 2 covered decks/balconies. The Large master suite has a comfortable sitting area.  An Amazing master bathroom includes a walk in shower and jetted tub as well as a huge walk in closet. The Home has been freshly painted and all carpet is new. The kitchen opens up to living area making it perfect for entertaining guests. Kitchen includes Jenn Air Gas cooktop with grill and griddle. Dual HVAC systems.",30.37642478942871,-97.77105712890624,0,TRUE,FALSE,TRUE,FALSE,Single Family,1998,675000,2018-08-04,8,2018,38,4,1,0,0,0,0,0,13503.6,3346,1.3666666666666665,7,1483,16,4,5,2,20
29353764,6516 Ladera Norte,78731,"Unique home located on a nearly half-acre lot with a private and serene view of trees and hills from nearly every window. Many spacious decks and windows bring the outside in complementing the high ceilings and clerestory windows. The kitchen has been updated with custom cabinets and a special Legacy gas stove. One dining area and one living area with a fireplace offer comfortable and easy living. Master on the main floor allows access to the deck and backyard. Downstairs are 2 additional bedrooms and a full bath and laundry room. Extra living space is offered in a large screened-in porch.
            A private back yard surrounded by shade trees offers an opportunity for gardening and outdoor parties. Extra features include a solar panel on the roof, a plugin garage for an electric car and a remote control screen in the kitchen.",30.361528396606445,-97.7819595336914,0,FALSE,FALSE,FALSE,TRUE,Single Family,1983,768275,2020-04-28,4,2020,50,0,1,2,0,0,3,0,16988.4,1945,1.6,7,1483,16,3,3,2,37
29358757,5012 N Rim Dr,78731,"Fabulous opportunity to update this great Northwest Hills contemporary home with soaring ceilings and backing to acres of green canyon. Loads of light, big rooms, spacious kitchen with granite and a tremendous attic which could become an upstairs game room.  Master suite with full bath + additional bedroom and full bath located on the main level. 2 beds and 1 full bath upstairs. Great location near shopping, restaurants and top-rated schools.",30.37376976013184,-97.77225494384766,0,FALSE,FALSE,FALSE,FALSE,Single Family,1977,650000,2018-08-21,8,2018,40,8,1,0,0,0,0,0,19166.4,2626,1.3333333333333333,7,1483,16,4,4,2,41
29353257,5101 Backtrail Dr,78731,"You will love everything about this gorgeous, updated home in the highly coveted Northwest Hills, feeding into top-notch Doss, Murchison and Anderson schools.  Every detail of this renovation was thoughtfully selected from the high-quality oak wood flooring and tile to the luxurious baths with loads of storage upstairs.  Full of natural light, the functional floor plan boasts of 4 bedrooms, plus a bonus room great for an office, game or guest room. Perfectly perched on a level lot with magnificent oaks, you have a beautiful view of the hills from this park-like property.  Plus, the recently added deck and flagstone patio makes for great backyard living and entertaining.  Conventiently close to shopping, 360, 2222 and Mopac. Schedule your visit today!",30.35993385314941,-97.78302001953124,0,FALSE,FALSE,FALSE,FALSE,Single Family,1983,774900,2018-03-29,3,2018,9,0,1,0,0,0,0,0,11325.6,2676,1.6666666666666667,7,1483,16,3,4,1,35
29351257,4008 Sierra Dr,78731,"One hour notice required. Remodeled one story in Northwest Hills. Recent windows, gutters, roof, extensive landscaping & french drain, hardwoods to mention a few upgrades to major systems.Private master has large walk-in closet and completely remodeled bathroom. Large secondary bedrooms. Island kitchen is open to dining and living spaces, great for entertaining. Loads of windows allow natural light and pretty backyard views.Great backyard big enough for a pool and play!Owner is licensed Real Estate agent.",30.354454040527344,-97.76815032958984,0,FALSE,FALSE,FALSE,FALSE,Single Family,1962,899900,2018-12-12,12,2018,32,4,1,0,0,0,0,0,13068,2652,0.8666666666666667,7,1483,16,3,3,1,56
29353256,5103 Backtrail Dr,78731,"Wonderful Northwest Hills home! Spacious living room w/ tall ceilings opens to GORGEOUS covered patio, beautiful backyard & POOL, terrific for outdoor living! Granite & stainless kitchen w/ gas cooking. Tranquil main level master connects to AMAZING/study w/ 4 walls of built-in bookshelves & private patio. 3 beds, game area & full bath up. 2 flex living areas could be media room, craft/art studio, playroom. Just freshly painted, carpeted and staged! Great Bull Creek Park and Arboretum nearby.",30.36004447937012,-97.78327941894533,0,FALSE,FALSE,FALSE,FALSE,Single Family,1983,749500,2020-05-08,5,2020,39,9,1,3,1,0,0,0,11325.6,3938,1.7,7,1483,16,4,5,2,37
29351252,6408 Mesa Dr,78731,Unique opportunity in Northwest Hills to create your dream home. This one story home sits on .34 acre with a mostly flat lot. All the rooms are large with spacious closets.  Expansive backyard with a covered patio and mature trees. Sprinkler Sys:Yes,30.352783203125,-97.771728515625,2,FALSE,TRUE,TRUE,FALSE,Single Family,1964,859900,2020-11-06,11,2020,82,0,2,2,0,0,0,0,14810.4,2438,1.1,7,1483,16,3,3,1,56
29353243,5300 Backtrail Dr,78731,"Completely charming, this amazing home sits in a prime location in beautiful North Cat Mountain situated right in the sought after Doss School district. Offering four bedrooms and 2.5 baths on a spacious 1/3 acre, an elegant brick and stucco exterior welcomes you home. 

Built in 1984, this single owner home has been lovingly maintained and showcases an amazing floor plan with pleasing natural light and inviting spaces. Enter into the grand two-story foyer with dramatic staircase. Excellent for hosting guests, find a beautiful family room with cozy fire place and large adjoining formal dining room.  The living room with wet bar boasts hardwood floors and delightful indoor/outdoor living as large doors open out to an exquisite patio. Gather for small bites and conversation then dine out in the open air and relax among serene nature views. 

The kitchen is quite spacious and presents an excellent canvas for your dream cooking space to be realized.  A picture of tranquility, the master features exposed beams and a large ensuite bath. Each of the additional bedrooms is quite large. On the second level, lounge in the sun on the amazing deck overlooking the rolling hills beyond. Out back, the wonderful east facing yard boasts lovely afternoon shade--perfect for a BBQ!  

Additional features of note include a dedicated laundry room with storage, two car side entry garage, plus new HVAC and water heater. This prestigious Cat Mountain location enables you to enjoy Central Austin while surrounded by nature in the scenic hillside.  Austin Country Club, the iconic Pennybacker Bridge, Mount Bonnell, 360/Mopac/183, and the Arboretum & Domain are all within a convenient distance.",30.361385345458984,-97.783966064453125,5,FALSE,TRUE,TRUE,FALSE,Single Family,1984,749000,2021-01-04,1,2021,31,1,2,3,1,0,0,0,13939.2,2596,1.7333333333333332,7,1483,16,3,4,2,37
29349476,6324 Bon Terra Dr,78731,"Elegant 2-story home in beautiful Northwest Hills on a cul-de-sac. Hardwood floors downstairs, nice open floor plan and tall ceilings. Spacious kitchen with expansive counter space AND open to the family room. 1st floor features 2 big living and dining spaces and a large bedroom/office with full bath. Upstairs is Exceptional master bedroom suite with great sitting area, multiple closets and large bath. You can also buy the lot next door for even more space. Just reduced and ready to move into!",30.350601196289062,-97.77082824707033,0,FALSE,FALSE,FALSE,FALSE,Single Family,1991,699000,2018-01-26,1,2018,39,4,1,0,0,0,0,0,17424,3480,2.1666666666666665,7,1177,16,5,5,2,27
29351243,6504 Mesa Dr,78731,"6504 Mesa Dr, Austin, TX 78731 is a single family home that contains 2,204 sq ft and was built in 1971. It contains 4 bedrooms and 3 bathrooms. 
 
The Zestimate for this house is $860,391. The Rent Zestimate for this home is $3,500/mo.",30.35397720336914,-97.77082824707033,0,FALSE,FALSE,FALSE,FALSE,Single Family,1971,624999,2018-03-08,3,2018,4,0,1,0,0,0,0,0,16117.2,2204,1.0333333333333332,7,1483,16,3,4,1,47
29350239,6401 Williams Ridge Way,78731,"Incredible opportunity on double cul-de-sac in desirable Cat Mountain. Charming front porch adds to inviting curb appeal. Very traditional home with fresh paint & new carpet ready for move-in or updating to your preference. Master suite on main level with formals, study and oversized kitchen which opens to spacious family room. Back deck has views of the canyon, gorgeous sunrises. 3 car garage. Mins to Exemplary Doss/Murchison/Anderson.",30.35351371765137,-97.77680206298828,0,TRUE,FALSE,FALSE,FALSE,Single Family,1997,875000,2018-12-11,12,2018,27,4,1,0,0,0,0,0,12632.4,3075,1.3666666666666665,7,1483,16,3,4,2,21
29351234,6505 Shadow Valley Dr,78731,This home is to be featured on an upcoming episode of HGTV! Three of Austin's finest public schools. The perfect house to make your own. Fantastic location near Far West and Mopac. This 4/3 home has a nice sized kitchen with lots of cabinets and counter space. The formal dining has a built in buffet. Triple atrium doors onto a relaxing sun-room to bring the outdoors inside. Screened in porch & garden area off master bedroom. Beautiful lot with majestic trees. Create a gorgeous oasis backing to a heavily-wooded area and seasonal creek near downtown Austin.,30.351970672607425,-97.7619400024414,2,FALSE,TRUE,FALSE,FALSE,Single Family,1977,509900,2019-09-05,9,2019,62,7,2,0,0,0,0,0,12632.4,3078,0.7333333333333334,7,1483,16,3,4,2,42
29351228,6602 Shadow Valley Dr,78731,"6602 Shadow Valley Dr, Austin, TX 78731 is a single family home that contains 1,844 sq ft and was built in 1971. It contains 4 bedrooms and 2 bathrooms. 
 
The Zestimate for this house is $752,432. The Rent Zestimate for this home is $2,900/mo.",30.35249137878418,-97.762847900390625,0,FALSE,FALSE,FALSE,FALSE,Single Family,1971,650000,2019-09-27,9,2019,29,5,1,1,3,0,0,0,13939.2,1844,0.7333333333333334,7,1483,16,2,4,1,48
29350219,6117 Mountain Villa Cv,78731,Complete info: http://6117mountainvillacv.IsNowForSale.com - Desirable Cat Mountain home with lovely views and private garden area - 2 living - 3 bedrooms 2.5 bath. High ceilings with lots of windows create a stunning view. Welcome home to a tree house retreat in central Austin with all the comforts.,30.35139083862305,-97.779693603515625,2,TRUE,TRUE,FALSE,FALSE,Single Family,1984,745000,2020-06-30,6,2020,68,7,2,1,1,0,0,0,4966,2447,2.6333333333333333,7,1177,16,3,3,3,36
29351717,6703 Mesa Dr,78731,"If you are fan of clean lines, traditional materials and serene atmosphere; you will adore this home. Built by the Assistant Dean of Architecture at UT, this midcentury modern gem has the quintessential Eichler home qualities.  Its secluded open-air atrium welcomes guests into its light-filled interior with skylights, floor-to-ceiling windows and private garden. Walls of glass create open, inviting living spaces that blend the indoors with the outdoors. The engaging layout allows for clean, serene lines across the more public areas & privacy in others.",30.35576248168945,-97.7679443359375,0,FALSE,FALSE,FALSE,FALSE,Single Family,1962,770000,2018-08-15,8,2018,40,6,2,0,0,0,0,0,12632.4,2886,0.8333333333333334,7,1483,16,2,3,1,56
29351216,6806 Edgefield Dr,78731,"6806 Edgefield Dr, Austin, TX 78731 is a single family home that contains 3,758 sq ft and was built in 1968. It contains 5 bedrooms and 5 bathrooms. 
 
The Zestimate for this house is $1,326,025. The Rent Zestimate for this home is $5,100/mo.",30.35651779174805,-97.765625,0,FALSE,FALSE,FALSE,FALSE,Single Family,1968,1050000,2018-07-11,7,2018,1,2,2,0,0,0,0,0,17424,3758,0.6999999999999998,7,1483,16,5,5,2,50
29351713,4006 Knollwood Dr,78731,"This exceptional, single story home on .4 acres has been completely updated. The beautiful stone exterior is carried interiorly, anchoring the spacious living area on one end with a multi sliding glass door on the other, welcoming the outdoors in. Imagine the feeling of your own private park as you view the expansive, flat backyard. The floor plan is sensible & efficient with an entertainer's kitchen & dining area open to the living. This home offers an easy and casual lifestyle.",30.35515594482422,-97.76722717285156,2,FALSE,TRUE,FALSE,FALSE,Single Family,1965,1100000,2020-03-30,3,2020,17,4,2,1,1,0,0,0,17424,2869,0.7999999999999999,7,1483,16,3,4,1,55
29358712,5000 N Rim Dr,78731,"Canyon views, resort style saltwater pool, multi-level deck, high-end chef's kitchen, open kitchen and living concept, expansive master suite with luxurious master bathroom and private balcony. Rare for the neighborhood, the home includes an oversized three car garage with a private storage room and overhead storage. Above the garage is a private studio/office. 1 acre of privacy, gorgeous views above the trees provides an oasis while still being only minutes from downtown Austin. Low maintenance yard with natural stone with an enclosed front yard. A resort style pool with a swim up bar, infinity edge, hot-tub, travertine stone decking, an outdoor kitchen and cabana and an attached HVAC'd bathroom provide endless entertainment options year round!",30.37480926513672,-97.77043151855467,9,FALSE,TRUE,TRUE,TRUE,Single Family,1990,898000,2018-06-28,6,2018,30,8,4,0,0,0,0,0,39639.6,3577,1.3,7,1483,16,4,4,2,28
29353202,4205 Canyonside Trl,78731,"Recently renovated home on a quiet cul-de-sac in the Northwest Hills of Austin. A split level home, you enter on the living floor, with its welcoming sunlit room accompanied with the fireplace. Upstairs is a large master suite with balcony overlooking the hills and second bedroom with its own full bathroom. Downstairs is a stunning new kitchen, dining room, laundry room and powder room. There is direct access from the garage to the kitchen. On the bottom floor is another large bedroom suite with access to a balcony on the back of the house and the secluded seating area in the front. All work was permitted with the City of Austin in 2014/2015.",30.35835838317871,-97.7729034423828,2,TRUE,TRUE,FALSE,FALSE,Single Family,1985,565000,2020-11-13,11,2020,78,1,2,1,0,0,0,0,5227,2289,1.0666666666666669,7,1483,16,4,3,4,35
64835207,7925 W Rim Dr,78731,"Stunning custom home on quiet cul-de-sac boasts canyon and greenbelt views.  It's all in the details from the high-beamed ceilings in the family room to the oversized chef's kitchen to the lovely tiled stairway right as you step thru the front door! Functional floorplan features study/office and master on first floor, 3bedrooms + 2nd living/gameroom on second floor. Covered back patio includes outdoor fireplace and retractable screens to enjoy sunsets all year long! Feeds into Doss/Murchison/Anderson.",30.372966766357425,-97.76702117919922,0,TRUE,FALSE,FALSE,FALSE,Single Family,2003,1175000,2018-10-16,10,2018,35,4,1,0,0,0,0,0,9278,3552,1.1,7,1483,16,4,4,2,15
29355782,4213 Deepwoods Dr,78731,"Sharply remodeled home features 5 beds 3 baths (2 beds plus original master down and new master bedroom/bath and game/media room up). Chef-grade island kitchen is open to the large living room making this home perfect for entertaining indoors and out. Located on one of Northwest Hills most desirable streets and feeding into Doss Elementary, Murchison Middle School and Anderson High, 4213 Deepwoods is surrounded by old growth oaks and close to all the conveniences of Northwest Hills.",30.365478515625,-97.7678451538086,0,FALSE,FALSE,FALSE,FALSE,Single Family,1967,879000,2020-08-01,8,2020,27,0,1,0,0,0,0,0,9408,3425,0.9,7,1483,16,3,5,2,53
29353208,6617 Candle Ridge Cv,78731,"Absolutely stunning views in Meadow Mountain. Mediterranean style delights with multiple balconies and panoramic views from nearly every room. Tile & wood flooring throughout -no carpet. Family room boasts wood burning fireplace & the double doors open to outdoor living space with views for miles. Custom built-ins in both sitting room & office/4th br. Full bath down. Expansive master suite with private balcony & large bath. Kitchen features island, dining area & loads of storage. A truly delightful home.",30.36066055297852,-97.7767105102539,2,TRUE,TRUE,FALSE,TRUE,Single Family,1998,775000,2020-04-24,4,2020,1,7,2,1,0,0,1,0,5436,2769,1.3,7,1483,16,3,4,2,22
29350173,4728 Cat Mountain Dr,78731,"One of the more contemporary homes on Cat Mountain with a view of the preserve. Oversized patio encourages outdoor living with hilltop views. Lots of updates including: painted cabinets (2020), refinished stucco, exterior and interior paint, water heater, grinder pump (all 2019), HVAC, windows, roof (all 2016). Master & room w/ ensuite bath downstairs with Jack & jill bath upstairs. Enjoy lots of windows and a warm open floor plan with good flow. Highly rated AISD schools. Quiet street.",30.35541343688965,-97.77896881103516,2,TRUE,TRUE,FALSE,FALSE,Single Family,1997,1050000,2020-05-05,5,2020,33,4,2,0,0,0,0,0,33541.200000000004,3564,1.4666666666666668,7,1483,16,4,4,2,23
29353672,4076 Enclave Mesa Cir,78731,"Beautifully maintained home. Hardwood floors throughout living areas. Designer updated kitchen with granite, stainless appliances, 42"" upper cabinets with backlit glass fronts. Large owner's suite/bath w/dual vanities, frameless shower, large walk-in closet. Flex space with closet down (office? bedroom? school?). Add'l gameroom/family room upstairs. Sunroom off breakfast room. Park-like backyard with drought tolerant landscaping. Close to Domain, downtown, transportation corridors. Doss/Murchison/Anderson",30.362049102783203,-97.76435089111328,2,FALSE,TRUE,FALSE,FALSE,Single Family,1994,930000,2020-09-17,9,2020,30,4,2,2,1,0,0,0,13503.6,3372,0.7000000000000001,7,1483,16,3,3,2,26
29355669,7603 Mesa Dr,78731,"7603 Mesa Dr, Austin, TX 78731 is a single family home that contains 2,450 sq ft and was built in 1969. It contains 4 bedrooms and 3 bathrooms. 
 
The Zestimate for this house is $891,662. The Rent Zestimate for this home is $3,010/mo.",30.365217208862305,-97.76213073730467,2,FALSE,TRUE,FALSE,FALSE,Single Family,1969,840000,2020-10-21,10,2020,32,2,2,2,1,0,0,0,11325.6,2450,0.6999999999999998,7,1483,16,3,4,1,51
29351662,4205 N Hills Dr,78731,"This classic one story with a pool has 3 full baths, one being attached to a bedroom on its own and one serving the other 2 bedrooms. There is a bedroom/office with wood flooring. The master is off the kitchen-a true  Mother-in-law plan! A screened sun porch leads to the in-ground pool. The formal living/dining is off of the kitchen and the kitchen opens to the family room. This home is ready for you to make it your own!",30.359790802001964,-97.76932525634766,0,FALSE,FALSE,FALSE,FALSE,Single Family,1966,699000,2018-11-29,11,2018,39,0,1,0,0,0,0,0,12632.4,2673,0.9,7,1483,16,3,4,1,52
29353657,7108 Running Rope,78731,Fantastic single story home in desirable NW hills that has been extremely well maintained and is ready for your personal touch! Large lot and great backyard with privacy and huge trees.  Tons of windows line the home and bring in an abundance of natural light throughout.  Fantastic floor plan and lots of options for updating and remodeling.,30.3607177734375,-97.76519012451172,2,FALSE,TRUE,FALSE,FALSE,Single Family,1967,700000,2020-02-12,2,2020,31,4,2,1,0,0,0,0,10031,2281,0.6999999999999998,7,1483,16,2,4,1,53
29353649,7201 Running Rope Cir,78731,"Timeless elegance w/ modern aesthetic in this NW hills stunner*Down to studs remodel w/ 2 master suites + home office / study*Wood floors thru-out w/ vaulted living room, skylights and custom steel-wrapped fireplace*Open kitchen w/ bar-top, glass subway backsplash & floating shelves, appliance garage and wall of storage in walnut cabinets*Secluded master suite at rear of home w/ walk-in shower, soaker tub and dream closet with custom shoe shelving*Relax under cover patio*Truly 1 of a kind~won't disappoint",30.36124992370605,-97.764007568359375,0,FALSE,FALSE,FALSE,FALSE,Single Family,1966,995000,2018-04-05,4,2018,26,3,1,0,0,0,0,0,11325.6,2717,0.6666666666666666,7,1483,16,3,4,1,52
29351631,4211 Far West Blvd,78731,"ONE STORY. Large, level yard covered with beautiful mature oak trees. Easy to maintain with sprinkler system in both front and back. Lot has ample room for adding a pool or additional square footage to the existing home. Lovingly maintained, original owner home custom built in the 1960's but ready for your Buyer's updating to their taste.  Great floor plan with master suite, two nicely sized living areas, and guest 1/2 bath off kitchen. Big interior workshop/storage/hobby room accessed from garage.",30.360824584960938,-97.76966857910156,0,FALSE,FALSE,FALSE,FALSE,Single Family,1968,629000,2019-04-25,4,2019,23,2,1,0,0,0,0,0,12632.4,2256,0.9333333333333332,7,1483,16,3,4,1,51
29355629,7704 Shadyrock Dr,78731,"For the first time in 45+ years, this custom built, transitional 1-story residence is available for sale! Well-maintained throughout the years, this property is classic Northwest Hills. The home's easy, flowing layout is ready for your creative touch. Family Room overlooks patio with and gorgeous oak trees. 2 Master Suites!",30.366212844848643,-97.7601318359375,0,FALSE,FALSE,FALSE,FALSE,Single Family,1971,699000,2019-06-21,6,2019,33,3,1,0,1,0,0,0,12196.8,2814,0.6999999999999998,7,1483,16,3,5,1,48
29353122,7104 W Rim Dr,78731,"Wonderful 3 bedroom home on the most desirable street in Northwest Hills, overlooking the beautiful Austin Hill Country. View lot,great condition. Totally remodelled mid century modern home w infinity pool and 50 acre canyon behind it without the taxes!",30.36201858520508,-97.770965576171875,5,FALSE,TRUE,FALSE,TRUE,Single Family,1969,1600000,2020-10-15,10,2020,52,8,3,4,4,0,0,0,13068,2632,1,7,1483,16,3,3,1,51
29353120,4215 Far West Blvd,78731,Updated Northwest Hills home,30.360843658447266,-97.77025604248048,0,FALSE,FALSE,FALSE,FALSE,Single Family,1966,937000,2019-07-03,7,2019,16,4,1,2,1,0,0,0,11761.2,3068,0.9666666666666668,7,1483,16,4,4,2,53
29355619,4103 Paint Rock Dr,78731,"Terrific one story, 4 bedroom, 3 full bath home.  Live there while you add your own touches or great bones for a total redo!  Located in the heart of Northwest Hills and close to everything.  Features plantation shutters, brick fireplace in the family room, guest room with private bath, large utility room with sink, oversized garage with storage, great workshop/home office/playroom, and a beautiful lot covered in great trees.",30.366870880126964,-97.7613296508789,2,FALSE,TRUE,FALSE,TRUE,Single Family,1970,625000,2018-02-16,2,2018,26,6,2,0,0,0,0,0,10454,2192,0.7333333333333334,7,1483,16,3,4,1,48
29353117,4305 Far West Blvd,78731,"Situated on a beautiful corner lot in Northwest Hills, this 4 bedroom, 3 bathroom ranch home has a classic brick exterior with Spanish-style arches and mature oak trees throughout the front yard.  At approximately 2,648 square feet, this home lives large.  A combined living/dining/kitchen space with soaring ceilings, brick fireplace, and exposed wood beams flows easily into the adjoining formal dining room and second living room.  Two spacious master bedrooms with en suite bathrooms are situated on opposite sides of the house allowing for maximum privacy.  Large bedroom closets, hall closets, and a laundry room with additional closet space provide ample storage so that everything has its place.  Raised flower beds, stone walls, and mature trees create a secluded  backyard oasis.  Ideally situated in the heart of Northwest Hills with coffee shops, restaurants, grocery stores, and schools just minutes away.  Proximity to Mopac makes it simple to get to Downtown or the Domain.",30.36074447631836,-97.77111053466795,0,FALSE,FALSE,FALSE,FALSE,Single Family,1966,775000,2019-09-12,9,2019,40,2,1,0,0,0,2,0,12196.8,2648,0.9666666666666668,7,1483,16,3,4,1,53
29351613,4111 Far West Blvd,78731,"Beautifully updated midcentury home. Remodeled down to the studs with new windows, wiring, drywall, interior / exterior paint, and all new floors. Tasteful, high-end touches are seen through out this 4 bedroom, 2.5 bath home, with multiple living and dining areas. All new appliances, fixtures, cabinetry and counters in the kitchen and bathrooms. Two car garage with extra storage area and outside access. Home is centrally situated in an oversized lot, with a large front and back yard. Quick and easy access to Doss/Murchison/Anderson HS. Close proximity to parks, restaurants, shops and grocery.  Professional photos to come.",30.36020278930664,-97.76812744140624,0,FALSE,FALSE,FALSE,FALSE,Single Family,1965,815000,2018-08-04,8,2018,59,3,1,0,0,0,0,0,9931,2410,0.8333333333333334,7,1483,16,3,4,1,53
29355612,4117 Paint Rock Dr,78731,"Spacious family home in established Northwest Austin neighborhood!  Large family room with another large living area with expansive stone fireplace, peaceful screened in back patio, big lot with some large trees and privacy fence and rain collection barrel, double pane windows, wood laminate flooring, faux wood blinds, French doors to back yard off master, breakfast nook, tile tub surrounds, built in bookcases, 2 car garage with additional storage, exterior  painted 3 years ago, sprinkler system, new dishwasher, new toilets and more.",30.36769676208496,-97.76290130615234,0,FALSE,FALSE,FALSE,FALSE,Single Family,1969,639000,2019-12-20,12,2019,33,2,1,0,1,0,0,0,9801,2106,0.8000000000000002,7,1483,16,2,4,1,50
29356608,7512 Stepdown Cv,78731,"Perched atop a hill overlooking Barrow Nature Preserve, this multi-level home provides a secluded and tranquil setting in the ultra-convenient Northwest Hills community. An expansive wrap-around deck, French doors from the master bedroom, and large picture windows throughout provide uninterrupted views of towering oaks and the wooded greenbelt backdrop. Gourmet kitchen features a large center island, stainless steel appliances, granite counters, breakfast bar, abundant cabinets, and a built-in desk. A massive limestone fireplace is the focal point of a lofty family room which features unique natural wood walls and ceiling with recessed lighting and stunning nature views.",30.369874954223643,-97.77001953125,2,FALSE,TRUE,FALSE,FALSE,Single Family,1976,760000,2019-02-11,2,2019,30,2,2,0,0,0,0,0,13068,2688,1.1,7,1483,16,3,3,2,43
29355602,4100 Tablerock Dr,78731,"Wonderful one story on enormous lot in NWH.  All plumbing under house replaced in April 2018!  Flexible floor plan can be lived in or remodeled into a showplace.  400+  sq ft workshop, NOT IN TCAD, can be master suite or game room. Big kitchen, separate office, formal dining and lovely living room.  Cathedral ceilings in living, master, + workshop!  Recent interior doors + hardware.  Wood + tile flooring.  2 storage sheds.",30.366424560546875,-97.761383056640625,4,FALSE,TRUE,FALSE,FALSE,Single Family,1968,699999,2018-04-30,4,2018,32,2,3,0,0,0,0,0,16117.2,2477,0.7333333333333334,7,1483,16,3,4,2,50
29353596,7200 Waterline Rd,78731,"Beautiful contemporary custom home with swimming pool & hot tub on market for first time.  Ideal location on quite mature street. Walking distance to Doss and Murchison schools. 5 bed, 4.5 bath w master and guest on main floor. Open floor plan and light filled rooms. Custom architectural details and luxury finishes throughout include Metal roof, stone and stucco veneers, Durango metal front door, custom wood garage doors, Icynene insulation, Anderson windows, Ipe deck, Control 4 audio video system, European style kitchen cabinets with walnut island and accents, various ceiling treatments, and more! . Gourmet kitchen. Expansive covered patio + Screened porch w linear fireplace. Built in BBQ with sink. Bath access from pool. Incredible home to entertain in!",30.36207389831543,-97.76768493652344,0,FALSE,FALSE,FALSE,FALSE,Single Family,2014,365000,2019-07-31,7,2019,31,4,1,3,3,0,3,0,9583,3459,0.8333333333333334,7,1483,16,5,5,2,5
29350091,6505 Sumac Dr,78731,Extensive remodel. Doss Elementary. 4 br/4 ba + bonus room/game room.  3 masters total; two on main level. Top quality finish-out. Soaring ceilings in great room with wall of windows overlooking the private backyard and pool. Marble & wood flooring throughout. Granite counters in gourmet kitchen w/ Bosch appliances and wet bar.  Serene courtyard off kitchen.  Huge lot with treetop views.  This is a house like no other!,30.35216522216797,-97.76311492919922,0,FALSE,FALSE,FALSE,FALSE,Single Family,1975,849800,2018-02-14,2,2018,25,0,1,0,0,0,0,0,10585,3102,0.7333333333333334,7,1483,16,4,4,1,43
29350082,3923 Sierra Dr,78731,"This warm and inviting home sits on one of the most desirable streets in Northwest Hills. Surrounded by large trees and lush landscaping this expansive lot sits on the edge of a stunning canyon view. The open floorplan and large windows make the home feel light, bright and invite the gorgeous outdoors in. You'll want to wake up every morning in the main level owner's suite and walk out onto your veranda for the exceptional view. Not to mention the amazing walk-in closet! Location and exemplary schools!",30.3528995513916,-97.7662353515625,3,FALSE,TRUE,FALSE,TRUE,Single Family,1964,789000,2019-08-06,8,2019,36,7,2,0,0,0,0,0,15245.999999999998,2834,0.8000000000000002,7,1483,16,3,5,2,55
29353581,4203 Gnarl Dr,78731,"Wonderful Northwest Hills home w/5 beds, 3.5 baths. Updated kitchen-stainless appliances, double oven, quartz countertops, breakfast bar. Main floor Guest suite complete w/kitchenette, private bath & separate entrance could be rental unit, game room, master bedroom, studio space, office or separate apartment. Huge upstairs master suite w/walk-in closet & double vanity. Covered patio, nice trees & great backyard for entertaining. Terrific 1-block long street, lots of kids, close to Dell JCC! Move in ready",30.363466262817383,-97.76750946044922,2,FALSE,TRUE,FALSE,TRUE,Single Family,1966,749000,2018-05-30,5,2018,40,5,2,0,0,0,0,0,7971,3263,0.8666666666666666,7,1483,16,4,5,2,52
29356580,4300 Bamford Dr,78731,Coming soon! Photos and details will be available shortly.,30.36808586120605,-97.7663116455078,2,FALSE,TRUE,FALSE,FALSE,Single Family,1969,675000,2019-05-07,5,2019,25,3,2,0,1,0,0,0,9844,2804,0.9,7,1483,16,3,5,1,50
29353574,4116 Honeycomb Rock Cir,78731,"Beautiful 5 bedroom 3 bath home in the heart of Northwest Hills. The floor plan offers generous spaces for large entertaining or casual every day living. Bed/bath down for guests. Windows everywhere offering lovely natural lighting. Updated white kitchen w/honed granite counters,SS appliances & breakfast area.  Large private backyard offers spacious outdoor living w/covered patio and beautiful pool & spa. Gorgeous trees. Cast iron plumbing replaced in January 2016.",30.36338806152344,-97.765045166015625,0,FALSE,FALSE,FALSE,FALSE,Single Family,1965,838500,2018-11-15,11,2018,25,5,1,0,0,0,0,0,10890,2781,0.7666666666666666,7,1483,16,3,5,2,53
29355571,7310 Mesa Dr,78731,"7310 Mesa Dr, Austin, TX 78731 is a single family home that contains 2,800 sq ft and was built in 1965. It contains 4 bedrooms and 3 bathrooms. 
 
The Zestimate for this house is $1,199,908. The Rent Zestimate for this home is $4,988/mo.",30.36397361755371,-97.76432037353516,0,FALSE,FALSE,FALSE,FALSE,Single Family,1965,675000,2019-02-27,2,2019,30,6,1,0,0,0,0,0,12632.4,2800,0.7333333333333334,7,1483,16,3,4,1,54
29349569,4802 Twin Valley Dr,78731,"Outstanding panoramic views of Lake Austin & hill country! Walk into the main level of a completely remodeled gourmet kitchen with upscale appliances that opens up to the living room and dining room. The master suite is upstairs with a private balcony, new walk in shower, and a walk in closet. The backyard features multiple outdoor decks, in-ground pool, spa & surround sound. New carpet and paint. Just minutes from DT, Domain & Arboretum. A beautiful home with grand views in a choice neighborhood.Restrictions: Yes",30.35082626342773,-97.7819595336914,2,TRUE,TRUE,TRUE,TRUE,Single Family,1983,1080000,2020-10-15,10,2020,122,2,2,0,0,0,0,0,5009,3840,2.733333333333333,7,1177,16,4,4,1,37
29356568,4303 Tallowood Dr,78731,"4303 Tallowood Dr, Austin, TX 78731 is a single family home that contains 2,874 sq ft and was built in 1972. It contains 5 bedrooms and 3 bathrooms. 
 
The Zestimate for this house is $924,444. The Rent Zestimate for this home is $3,500/mo.",30.36847496032715,-97.76637268066406,2,FALSE,TRUE,FALSE,FALSE,Single Family,1972,895000,2020-04-29,4,2020,42,2,2,2,0,0,2,0,9931,2874,0.9,7,1483,16,3,5,2,48
29355567,4101 Greystone Dr,78731,*SOLD PRE-MLS*,30.364734649658203,-97.76377868652344,0,FALSE,FALSE,FALSE,FALSE,Single Family,1970,825000,2020-01-30,1,2020,1,4,2,2,3,0,1,0,10715,3400,0.7000000000000001,7,1483,16,3.5,5,2,50
29355566,4103 Greystone Dr,78731,"4103 Greystone Dr, Austin, TX 78731 is a single family home that contains 2,214 sq ft and was built in 1969. It contains 4 bedrooms and 2 bathrooms. 
 
The Zestimate for this house is $754,995. The Rent Zestimate for this home is $3,029/mo.",30.36479187011719,-97.76404571533205,0,FALSE,FALSE,FALSE,FALSE,Single Family,1969,629000,2018-06-06,6,2018,9,0,1,0,0,0,0,0,10236,2214,1.838295658649848,5.778694090331862,1237,15,2,4,1,49
29355557,4102 Deepwoods Dr,78731,"4102 Deepwoods Dr, Austin, TX 78731 is a single family home that contains 2,300 sq ft and was built in 1967. It contains 4 bedrooms and 3 bathrooms. 
 
The Zestimate for this house is $633,061. The Rent Zestimate for this home is $3,150/mo.",30.364540100097656,-97.764312744140625,0,FALSE,FALSE,FALSE,FALSE,Single Family,1967,529000,2018-03-16,3,2018,9,1,1,0,0,0,0,0,9975,2300,0.7333333333333334,7,1483,16,3,4,2,51
29349555,4801 Twin Valley Dr,78731,"Tree house in Cat Mountain! Split level plan, 3 levels of decks. Take in the beautiful hill views on this oversized tree filled lot! Home was rebuilt in early 2000s. Real hardwood floors in entry, dining room and kitchen. Kitchen is updated with high end SS appliances, high end cabinetry, breakfast nook and sliding glass door out to oversized wood deck. Oversized master bedroom with its own private sitting area, wood burning fireplace and private deck and new carpet. Large family room with fireplace and wet bar.",30.35060691833496,-97.7814712524414,0,TRUE,FALSE,TRUE,FALSE,Single Family,1999,699000,2018-05-11,5,2018,23,3,1,0,0,0,0,0,10236,2877,2.7,7,1177,16,3,4,2,19
29353552,4107 Honeycomb Rock Cir,78731,"4107 Honeycomb Rock Cir, Austin, TX 78731 is a single family home that contains 2,889 sq ft and was built in 1965. It contains 5 bedrooms and 4 bathrooms. 
 
The Zestimate for this house is $1,054,953. The Rent Zestimate for this home is $3,500/mo.",30.362871170043945,-97.76595306396484,2,FALSE,TRUE,FALSE,FALSE,Single Family,1965,1000000,2020-04-30,4,2020,72,3,2,2,0,0,1,0,9757,2889,0.7666666666666666,7,1483,16,4,5,2,55
29350050,6308 Mountainclimb Dr,78731,"Brightly lit, recently remodeled home w/ upgrades throughout. The kitchen boasts granite countertops, custom cabinets, and GE app package. Master bed/bath feature new tile, shower, tub, custom vanities, granite countertops, new paint, and built-in desk and shelves. Additional upgrades include hickory hardwood flooring, cedar closet, west window sunshades, and newer heavy-insulated walls. Entertaining is a breeze w/ views from the large, upgraded Ipe wood deck with stairs that lead to yard and storage space.",30.35040855407715,-97.76403045654295,2,FALSE,TRUE,FALSE,FALSE,Single Family,1979,530000,2020-07-14,7,2020,32,8,2,0,0,0,0,0,12632.4,2024,0.8333333333333334,7,1483,16,2,3,1,41
29355544,3920 Myrick Dr,78731,"3920 Myrick Dr, Austin, TX 78731 is a single family home that contains 1,862 sq ft and was built in 1996. It contains 3 bedrooms and 2 bathrooms. 
 
The Zestimate for this house is $630,713. The Rent Zestimate for this home is $2,700/mo.",30.36645317077637,-97.75660705566406,2,TRUE,TRUE,FALSE,FALSE,Single Family,1996,649900,2020-10-09,10,2020,30,3,2,1,2,0,0,0,5227,1862,0.7000000000000001,7,1483,16,2,3,1,24
29355542,3912 Myrick Dr,78731,"Charming, one story, three bedroom house, nestled in a gated garden home community in Northwest Hills. High ceilings and beautiful hardwood floors create a grand entrance into the main living area. A galley style kitchen with breakfast nook..  Easy access to an outdoor deck for entertaining that is canopied by heritage oak trees. A large master suite with walk in closet and full size tub.  A full bath is adjacent to guest room.  This won't last long, so come see soon.",30.366365432739247,-97.75628662109376,0,TRUE,FALSE,FALSE,FALSE,Single Family,1995,560000,2019-04-17,4,2019,20,3,1,0,0,0,0,0,5227,1927,0.7000000000000001,7,1483,16,2,3,1,24
29353539,7300 Waterline Rd,78731,"Fabulous one-story transitional home situated on an ideal corner lot in desirable Northwest Hills. The spacious open floor plan, gourmet kitchen and backyard amenities make for an entertainer's dream. A luxurious addition completed in 2016 boasts a large gas fireplace, stained concrete floors and walls of steel windows + doors allowing for an open fresh-air feel. Interior updates include two wine refrigerators, new kitchen counter tops, freshly painted kitchen cabinets, steel side door for ease of access, custom lighting, coated garage floor, new master bath countertops + soaking tub, speakers throughout and TVs wired for streaming in all rooms. Backyard amenities include a heated pool + spa surrounded by an IPE wood privacy screen, grilling station and putting green.",30.36374092102051,-97.76702880859376,0,FALSE,FALSE,FALSE,FALSE,Single Family,2007,1195000,2018-04-07,4,2018,29,3,1,0,0,0,0,0,13503.6,3953,0.8333333333333334,7,1483,16,3,4,1,11
29350038,3925 Sierra Dr,78731,"Rare chance to purchase a lot in Northwest Hills and build your dream house with downtown Austin and Hill Country views. Heritage trees are in lot setbacks so plenty of room to build.  There is an existing home on the property which is considered a tear down. It is not historic, just the home built by the original owners in the 1960's without regard for the view and in poor condition with no updating, so it is considered obsolete.
            Build the home you want in one of the most desirable neighborhoods in Austin.",30.353111267089844,-97.766510009765625,2,FALSE,TRUE,FALSE,TRUE,Single Family,1962,850000,2019-03-13,3,2019,10,2,2,0,0,0,0,0,15245.999999999998,2930,0.8333333333333334,7,1483,16,5,3,1,57
70330535,7618 Parkview Cir,78731,"Enjoy beautiful serene views in this lovely 4 bedroom, 4 bath gem nestled in the trees & surrounded with privacy. Bright & open floor plan contains numerous windows throughout for natural light & wonderful green views. Modern finishes, plus 2 balconies & hardwood floors. Gourmet kitchen features granite countertops, SS appliances with a gas range & ample space throughout to relax or entertain. Large game room for added living area, office space, or 5th bedroom. Large master en suite upstairs with balcony.",30.371381759643555,-97.77116394042967,2,FALSE,TRUE,TRUE,FALSE,Single Family,2005,700000,2020-12-23,12,2020,101,3,3,1,1,0,0,0,18730.8,3776,1.1666666666666667,7,1483,16,4,4,2,15
29356534,4302 Greystone Dr,78731,"Northwest Hills is one of Austin's most beloved neighborhoods and this classic 3/2, single story ranch style home is a perfect example of what makes it so special. The all-brick beauty sits on a tree-filled lot along one of the area's most lovely streets. The perfect place to raise a family or enjoy the ""golden years"". Home has been completely remodeled and updated over the past few years with an array of high-end finishes and designer touches. Gourmet kitchen, cathedral ceiling in living, wide-plank hardwood floors, complete make-over in master and hall baths, energy efficient windows and French doors, huge laundry with new high-end washer and dryer that convey, and a covered patio with custom skylights and a hot tub spa. Master suite features its own private and covered patio for that early morning coffee. A rare, three-car garage is the icing on the cake!",30.36701011657715,-97.76763916015624,0,FALSE,FALSE,FALSE,FALSE,Single Family,1969,634999,2018-08-18,8,2018,21,3,1,0,0,0,0,0,9757,2002,0.9333333333333332,7,1483,16,2,3,1,49
70330533,6813 Valburn Dr,78731,"Hill country views span length of living room & master bedroom in this stunning contemporary home. The custom design sits on a spacious 1/2 acre lot & boasts gorgeous interior stone wall accents,warm wood floors, cathedral height ceilings & open floor plan bathed in natural light.Gourmet kitchen w/top of the line appliances is functional as well as beautiful. Multiple living areas,abundant storage throughout & ample bedrooms allow for easy living & entertaining.Fenced backyard w/professional landscaping",30.370271682739247,-97.7817840576172,0,TRUE,FALSE,FALSE,TRUE,Single Family,2013,1350000,2019-03-15,3,2019,40,3,1,0,0,0,0,0,22651.2,3060,1.7,7,1483,16,4,4,2,6
29350033,6404 Sumac Dr,78731,"When will Dwell arrive for the magazine shoot? Total transformation of single-story ranch into hilltop showplace on large lot. Like-new home with fab schools, in-town location and modern aesthetic. Zen garden courtyard adds cool elegance to this 4/2 ½. European white oak and tile floors throughout. Large great room with fireplace, vaulted ceilings, skylights, mud space. Formal dining, breakfast room and office with pocket glass-inset doors! Exceptionally sunny and light. Splendid kitchen offers 2 huge islands for serving, working & storage, stainless appliances, wine fridge, storage galore, honed black granite and white quartz counters, apron sink. Private owner's suite, fresh oversized glass multi-head shower, floating dual vanity, huge closet. Distinctive custom tilework throughout. Utility room with storage and sink, two-stall garage, fenced backyard. New windows, fixtures, hardware, water lines; recent HVAC, roof, electric. You will love the mod groove here!",30.35106468200684,-97.763031005859375,0,FALSE,FALSE,FALSE,FALSE,Single Family,1970,949990,2019-03-29,3,2019,34,4,1,0,0,0,0,0,13068,2600,0.7999999999999999,7,1483,16,3,4,1,49
29355448,7709 Stoneywood Dr,78731,"In the heart of Northwest Hills, this 4bedroom, 2.5 bath French Colonial home sits on a corner (nearly half an acre) lot with lush landscaping and towering heritage Live Oak trees.  A warm and welcoming entry greets you with Moroccan quatrefoil terracotta tile, a well-appointed study with ornamental attributes and abundant natural light.  The Old World decor has the essence of ""je ne sais quoi"" with quaint living spaces, transom windows and  sophisticated pattern plays.  The cozy rustic gourmet kitchen is marked with strong notes of elegance and polish, but still upholds its ode to countryside living. laundry room was designed so thoughtfully, from the gorgeous vintage door to the ample storage.  The home features all bedrooms and recently remodeled full baths upstairs and the backyard oasis boasts a serene pergola sitting area and sparkling pool.  All of these distinctive characteristics make this charming home feel as if you are tucked away into a tiny French village.",30.366010665893555,-97.7581787109375,0,FALSE,FALSE,FALSE,FALSE,Single Family,1976,1029900,2018-08-20,8,2018,40,6,1,0,0,0,0,0,18295.2,3846,0.6666666666666666,7,1483,16,3,4,2,42
29350025,6603 Knollwood Cv,78731,"New construction Northwest Hills home from Austin Modern Properties combines the best in mid-century inspired design with contemporary custom details.  This home’s gorgeous entryway opens to a floating steel and wood staircase, high ceilings, and an open floor plan that invites an abundance of natural light inside. The open kitchen with quartz countertops, chef-style stainless steel appliances also provides a versatile eat-in island as an additional dining space. Dramatic floor-to-ceiling windows and a brick fireplace accent the open living and dining area with access to a spacious covered patio through glass sliders. The secondary bedrooms, media/flex/guest room, and a separate home office are located downstairs. The upstairs level is entirely dedicated to the owner’s retreat with hardwood flooring and a private, covered deck. The airy master bathroom features designer tile and lighting details and an expansive 11' x 14' closet. Wired for security and surround sound/Sonos Compatible. Drought-resistant landscaping; spacious and shaded backyard with room for a pool, if desired.",30.35293006896973,-97.76412200927734,2,FALSE,TRUE,TRUE,FALSE,Single Family,2019,1460000,2019-05-06,5,2019,42,3,2,0,1,0,0,0,15245.999999999998,3405,0.7666666666666666,7,1483,16,4,4,2,0
29349521,6109 Mountain Villa Dr,78731,"This amazing home in Cat Mountain, with spectacular views that backs to a greenbelt, feels like your own private treehouse.Beautiful secluded lot with large trees plus flat yard next to gorgeous pool,2 large decks plus screened porch.Upstairs office/library with built-in bookshelves and desk.Downstairs bonus room that could act as a 4th bedroom (no closet).Front circle drive & 2 covered parking spots along with outdoor storage.",30.35050773620605,-97.77809143066406,2,TRUE,TRUE,FALSE,FALSE,Single Family,1978,799000,2018-12-07,12,2018,31,4,2,0,0,0,0,0,16988.4,2388,2.533333333333333,7,1177,16,3,3,1,40
29356516,4220 Lostridge Dr,78731,"Immaculately maintained one-story home located on one of the most desirable streets in the heart of Northwest Hills.This 4 bd/3ba home features hardwood floors,fireplace, formal dining & breakfast area, 2 living areas,2 car garage, beautiful landscaping and more.The MIL floor plan allows for a flex space for an office or 4th bedroom.The beautiful wood deck & zen patio invites you to enjoy a perfect setting for relaxing & entertaining.Modern elegance,stylish finishes & plenty of natural light throughout the home's open layout.Zoned to Doss, Murchison & Anderson.New sewer drainage lines(see agent) & new kitchen counters!",30.36730194091797,-97.76654052734376,0,FALSE,FALSE,FALSE,FALSE,Single Family,1968,775000,2018-10-30,10,2018,36,4,1,0,0,0,0,0,9801,2407,0.9,7,1483,16,3,4,1,50
29353516,7620 Rockpoint Dr,78731,"Spacious ranch home with 4 bedrooms in Northwest Hills.  4th bedroom can be a mother-in-law suite or second master with ensuite bath.  Classic vaulted family room with gas fire place and formal living/dining layout. Breakfast area in the kitchen including a breakfast bar.  Contemporary updates include new hardwoods, new kitchensurfaces, light fixtures, newly remodeled hall bath and recent water heater and air conditioner.  Large backyard with pool and outdoor dining area, great for entertaining.",30.363779067993164,-97.75836181640624,4,FALSE,TRUE,FALSE,FALSE,Single Family,1974,749000,2018-06-01,6,2018,29,5,4,0,0,0,0,0,12196.8,2540,0.6333333333333334,7,1483,16,3,4,1,44
29358508,5004 Arax Cv,78731,"Do not miss the opportunity to see this 2 story spacious house near Mopac and 360.  Beautiful views highlight a half acre lot, with original designs and finishes throughout the house.  Screened in back porch lends a safe space from Texas mosquitoes while enjoying the outdoors. His and Her closets in the master bedroom along with walk-in closets in all other bedrooms.  Master bedroom showcases built-in shelves, vaulted ceilings and views of the hills. Storage is plentiful in the house with storage under the stairs, attic space, and utility room off the garage. Numerous windows let in sunlight throughout the day. Backyard boasts a garden area with walkways and a deck.",30.37118721008301,-97.77452087402344,4,FALSE,TRUE,FALSE,FALSE,Single Family,1977,650000,2019-04-30,4,2019,68,3,3,0,1,0,1,0,22215.6,2815,1.3333333333333333,7,1483,16,3,4,2,42
29356466,4403 Greystone Dr,78731,"4403 Greystone Dr, Austin, TX 78731 is a single family home that contains 2,989 sq ft and was built in 2017. It contains 5 bedrooms and 3 bathrooms. 
 
The Zestimate for this house is $1,361,280. The Rent Zestimate for this home is $3,900/mo.",30.367321014404297,-97.76964569091795,0,FALSE,FALSE,FALSE,FALSE,Single Family,2017,1100000,2019-08-02,8,2019,1,3,1,3,3,0,1,0,14374.8,2989,1,7,1483,16,3,5,2,2
29358504,5005 Arax Cv,78731,"Located in a Private Cul-de-sac on .41 Acres. Home backs to the green belt with tree top views of the canyon. 4 Bedrooms, 2.5 baths with nature views from the entire home. Remodeled kitchen featuring granite counters with stainless steal appliances. Extra large stand alone Sub Zero Refrigerator and Freezer. Double oven with an abundance of cabinet space and natural light. Large family room with vaulted ceiling with canyon views. Remodeled Master Bath with relaxing soaking tub. Outdoor kitchen area with built in grill and Fire Magic burner. Large 1000SF deck with tree top canyon views. Great home for entertaining!",30.37063217163086,-97.774200439453125,2,FALSE,TRUE,FALSE,TRUE,Single Family,1975,550000,2019-09-30,9,2019,44,3,3,1,0,0,0,0,17859.6,2590,1.2999999999999998,7,1483,16,3,4,1,44
29355504,7900 Comfort Cv,78731,Beautifully maintained home by the original owners in the desirable gated Mesa Forest subdivision of Northwest Hills.  Gleaming hardwood floors throughout the main level with an updated  kitchen open to living area.  2 bedrooms and bath are up.  Private back yard and community pool.,30.36728286743164,-97.75691223144533,2,TRUE,TRUE,FALSE,FALSE,Single Family,1998,730000,2020-03-12,3,2020,35,4,2,1,2,0,1,0,4791,1926,0.7000000000000001,7,1483,16,3,3,2,22
29356501,7503 Long Point Dr,78731,WONDERFUL & SPACIOUS WELL MAINTAINED FAMILY HOME IN VISTA WEST!! MANY UPDATES OVER THE YEARS*HARDWOODS & BAMBOO FLOORS IN MOST ROOMS*DOUBLE PANED WINDOWS*NEW FRONT ENTRY DOORS*LARGE FOYER W/ STAIRCASE*HUGE FAMILY ROOM W/ OPEN KITCHEN & GRANITE COUNTERS*LARGE GUEST BEDROOM DOWN W/ FULL BATH*HUGE FORMAL LIVING ROOM & DINING AREAS*NICE LAUNDRY ROOM DOWN*UPSTAIRS MASTER BEDROOM W/ UPDATED BATH & GRANITE COUNTERS*UPDATED HVAC SYSTEM*FRESH EXTERIOR PAINT*LARGE BACKYARD ENTERTAINMENT PATIO & NICE SPORT COURT,30.367998123168945,-97.7685546875,2,FALSE,TRUE,FALSE,FALSE,Single Family,1972,598000,2018-10-09,10,2018,1,5,2,0,0,0,0,0,10018,2992,1,7,1483,16,3,5,2,46
29402694,6628 Greensboro Dr,78723,"6628 Greensboro Dr, Austin, TX 78723 is a single family home that contains 1,492 sq ft and was built in 1969. It contains 3 bedrooms and 2 bathrooms. 
 
The Zestimate for this house is $496,902. The Rent Zestimate for this home is $1,850/mo.",30.30795669555664,-97.66320037841795,2,FALSE,TRUE,FALSE,FALSE,Single Family,1969,435000,2020-03-02,3,2020,25,2,2,0,0,0,0,0,8886,1492,1.3666666666666665,3.333333333333333,569,13,2,3,1,51
29356462,4402 Deepwoods Dr,78731,"Tastefully updated 1-story on beautiful lot in Northwest Hills. Hardwood floors flow through the open floor plan. Absolutely the best back yard with diving pool in oak-studded flat yard great for entertaining & play. Kitchen features white cabinetry, SS appliances & breakfast area. Living spaces include vaulted great room with skylights, front living, a tremendous dining room & bonus game room looking out to pool/backyard. Master bath w/shower & soaking tub. Utility/mudroom w/ ½ bath & access to pool.",30.366899490356445,-97.76982879638672,0,FALSE,FALSE,FALSE,FALSE,Single Family,1971,964000,2019-08-16,8,2019,40,3,1,1,1,0,2,0,14374.8,3088,1.0333333333333334,7,1483,16,4,4,1,48
29353460,7703 Pleasant Meadow Cir,78731,"7703 Pleasant Meadow Cir, Austin, TX 78731 is a single family home that contains 3,781 sq ft and was built in 1978. It contains 4 bedrooms and 4 bathrooms. 
 
The Zestimate for this house is $1,114,439. The Rent Zestimate for this home is $3,900/mo.",30.36323928833008,-97.75543975830078,0,FALSE,FALSE,FALSE,FALSE,Single Family,1978,955000,2019-03-28,3,2019,1,3,1,0,0,0,0,0,15245.999999999998,3781,0.6666666666666666,7,1483,16,4,4,1,41
29356458,7404 W Rim Dr,78731,"Terrific one story, 4 bedroom home that needs a complete redo. Owner purchased this home, had plans  drawn, & then personal circumstances changed. The permitted design by Restructure Studios, is for a gorgeous 2-story, 3,400 square foot home with an open floorplan, 4-5 bedrooms, master downstairs, and a gameroom up with 3 bedrooms. Use these plans, design your own dream home, or update the house on this great Northwest Hills flat, treed lot.",30.366958618164062,-97.76891326904295,0,FALSE,FALSE,FALSE,FALSE,Single Family,1969,575000,2018-08-16,8,2018,32,3,1,0,0,0,0,0,9844,1927,0.9666666666666668,7,1483,16,2,4,1,49
29352903,7508 Stonecliff Cir,78731,"Beautiful 1 story, no steps! 4 bedroom/3 full bath home in coveted Northwest Hills. Updated chef's kitchen-cabinets, double ovens, island, granite counters, stainless appl.  Opens to large family room with wood floors, cathedral ceiling and views to the great back yard. Tremendous outdoor living w/covered patio & deck surrounding gorgeous pool & spa + tree-shaded yard.  Extra-office off kitchen. Owner's suite w/updated bath. Second master & 2 additional spacious bedrooms. Just a few blocks to Dell JCC. Carpet replaced July 2018.",30.36050224304199,-97.7550277709961,0,FALSE,FALSE,FALSE,FALSE,Single Family,1973,799000,2018-09-05,9,2018,35,3,1,0,0,0,0,0,12196.8,2776,0.6333333333333333,7,1483,16,3,4,1,45
29352888,3707 Hidden Holw,78731,"3707 Hidden Holw, Austin, TX 78731 is a single family home that contains 2,576 sq ft and was built in 1973. It contains 4 bedrooms and 2 bathrooms. 
 
The Zestimate for this house is $784,900. The Rent Zestimate for this home is $2,850/mo.",30.36143493652344,-97.7536849975586,2,FALSE,TRUE,FALSE,FALSE,Single Family,1973,720000,2019-04-02,4,2019,1,2,2,0,0,0,0,0,16117.2,2576,0.6666666666666666,7,1483,16,2,4,1,46
29352876,3710 Hidden Holw,78731,"Gorgeous home in NW Hills that feeds into Doss Elementary, Murchison Middle & Anderson High.  Home has hardwood flooring, no carpet, stone accents throughout house, fireplace and large picture windows that look out on  spacious landscaped yard. Granite counters, stainless appliances in kitchen w/pantry.  Bedroom/bath downstairs, master is up. Double vanity in master bath with walk-in closet & shower. Yard has sprinkler system and storage shed. New Nest thermostats. Interior painted in 2018.",30.36212921142578,-97.75382232666016,2,FALSE,TRUE,FALSE,FALSE,Single Family,1977,789000,2020-08-31,8,2020,146,4,2,2,0,0,1,0,10846,2670,0.7000000000000001,7,1483,16,3,4,2,43
29352874,3706 Hidden Holw,78731,"3706 Hidden Holw, Austin, TX 78731 is a single family home that contains 2,775 sq ft and was built in 1976. It contains 3 bedrooms and 3 bathrooms. 
 
The Zestimate for this house is $918,648. The Rent Zestimate for this home is $3,822/mo.",30.36187744140625,-97.7533187866211,2,FALSE,TRUE,FALSE,FALSE,Single Family,1976,750000,2018-05-30,5,2018,1,7,2,0,0,0,0,0,10759,2775,0.7000000000000001,7,1483,16,3,3,1,42
29352851,7505 Hart Ln,78731,"7505 Hart Ln, Austin, TX 78731 is a single family home that contains 2,702 sq ft and was built in 1973. It contains 3 bedrooms and 2.5 bathrooms. 
 
The Zestimate for this house is $1,026,968. The Rent Zestimate for this home is $3,800/mo.",30.359527587890625,-97.7531967163086,0,FALSE,FALSE,FALSE,FALSE,Single Family,1973,799500,2019-07-18,7,2019,24,0,1,1,3,0,0,0,12632.4,2702,0.7000000000000001,7,1483,16,2.5,3,1,46
29352849,7501 Hart Ln,78731,"Gorgeous 1-story home in Northwest Hills! Spacious open floorplan, wood floors, built-ins, large closets, inviting living space with vaulted ceilings, tons of natural light throughout. Features 4 oversized bedrooms, 3 fulls baths, 2 dining areas, plus a flex space & ADA accessibility. French doors open to the backyard oasis with a private POOL, flagstone patio for outdoor entertaining under the mature oak trees. Side entry garage w/workshop. Convenient location walk to the JCC, mins to schools & shopping.",30.35908508300781,-97.75360107421876,2,FALSE,TRUE,FALSE,FALSE,Single Family,1977,799000,2019-09-19,9,2019,39,5,2,2,1,0,1,0,15681.6,3089,0.6333333333333333,7,1483,16,3,4,1,42
29352841,7511 Stonecliff Cir,78731,"Beautifully updated & meticulously maintained single story home on 1/4 acre lot in the heart of  NW Hills! Home features multiple living spaces, kitchen updated w/silestone countertops, double ovens, stainless appliances & large breakfast area opening to large flat backyard w/patio for relaxing & entertaining. Spacious family room boasts vaulted ceiling & contemporary stone fireplace. Other updates:Metal roof, Pella windows & doors & recent HVAC & WH! Bonus space off utility for addt'l office/exercise. Enjoy convenient NW Hills location & highly desirable Doss, Murchison, Anderson schools.",30.35991287231445,-97.75495910644533,2,FALSE,TRUE,FALSE,TRUE,Single Family,1974,935000,2020-10-19,10,2020,70,7,2,2,0,0,0,0,10890,2554,0.6333333333333333,7,1483,16,3,4,1,46
29355326,3702 Timson Ct,78731,"This adorable townhouse has been lovingly lived in and the owners pride shows. Updated master bathroom with a large steam shower, great after a hard day at work. The large, open living and dining area are perfect for entertaining your guests & family & the outdoor patio & yard only enhance your entertainment options. Kitchen has been updated as well. ceiling no longer blue.  Storage area behind the garage and a nice yard. The community has a pool and clubhouse and is well maintained. Close to everything.",30.36600112915039,-97.75193786621094,0,TRUE,FALSE,FALSE,TRUE,Single Family,1980,380000,2019-06-21,6,2019,28,5,1,0,0,0,0,0,4007,1530,0.7666666666666667,7,1483,16,2,2,1,39
29355308,3701 Green Trl N,78731,"Come see this great, 2-story home in coveted Green Trails subdivision of Northwest Hills. New roof, electrical service and other updates in this 4 bdrm, 2.5 bath home with wood floors downstairs. Gorgeous family room with white stone fireplace, built-ins & wet bar. Recent carpeting, granite counter tops, and bathrooms w/updated features.  The expansive, quarter-acre lot has a great backyard seen from almost every room. Fabulous oaks, covered patio & detached workshop w/AC -- a real oasis. JCC nearby!",30.363006591796875,-97.7522964477539,0,FALSE,FALSE,FALSE,FALSE,Single Family,1979,750000,2019-08-09,8,2019,40,3,1,3,3,0,2,0,11325.6,2808,0.7333333333333334,7,1483,16,3,4,2,40
29355216,7801 Lindenwood Cir,78731,"This 3 bedroom + study, 2 bath, one story home w/NO interior steps is located on a wonderful corner lot studded with large oaks, magnolia & pecan trees in desirable Green Trails subdivision of Northwest Hills. READY for your creative touch! Details: porcelain tile floors, large central vaulted living area w/exposed beam & gas fireplace, 2 dining areas, dedicated study, expansive backyard, spacious master bedroom w/sitting area + large master bath. Short distance to JCC, Doss, Murchison, Anderson schools.",30.363237380981445,-97.75170135498048,2,FALSE,TRUE,FALSE,FALSE,Single Family,1978,699900,2019-08-20,8,2019,37,2,2,3,1,0,1,0,13503.6,2498,0.7666666666666666,7,1483,16,2,3,1,41
80095932,1912 Antone St,78723,"Stunning 4/2.5 (master down) Meritage model home. 2345sf  Upgrades include full solar package. New AC in 2019, antique wood/bamboo/cork flooring, custom lighting, rock dry-stack gas fireplace, new Thermador cook top and upgraded appliances, custom window treatments, recent upstairs carpet and interior paint, central Sonos sound system with deluxe speakers and controls in every room, custom catio.  All the shopping, entertainment, and rec attractions of Mueller and feeding to Maplewood/Kealing/McCallum.",30.29157829284668,-97.70622253417967,2,TRUE,TRUE,FALSE,FALSE,Single Family,2007,345990,2020-05-05,5,2020,13,3,2,2,1,0,1,0,3310,2345,1.5666666666666669,6.666666666666668,1156,15,3,4,2,13
80107923,3905 Sahm St,78723,"Solar panels  Master downstairs   Study downstairs  Three bedrooms upstairs  Front Porch  Upstairs covered deck  Covered porch & deck in backyard   Outdoor area with space for lounging, grilling and dining  Large fenced backyard   Vine covered trellises  Wood floors in: entry, dining, kitchen, breakfast and family room",30.29039764404297,-97.70401763916016,2,TRUE,TRUE,FALSE,TRUE,Single Family,2007,669000,2018-04-05,4,2018,20,4,3,0,0,0,0,0,5662,2324,1.7,6.666666666666668,1156,15,3,4,1,11
80100901,2008 Antone St,78723,"Meticulously maintained home ideally situated on an over-sized corner lot, directly across from open green space, affectionately referred to as the ""wedge"". This highly sought-after 4 bed/3bath home has an open and spacious floor plan with an expansive backyard Trex deck ideal for relaxing and entertaining alike. Featuring high ceilings, stone accent wall, double ovens, glass front cabinets, under cabinet lighting, plantation shutters, brand new carpet, blackout shades in master, jetted tub & oversized walk-in closet. A quick walk to the pool, park & town center. Maplewood/Kealing/McCallum.",30.29162216186523,-97.70448303222656,0,TRUE,FALSE,FALSE,FALSE,Single Family,2008,799000,2019-06-12,6,2019,31,4,1,0,0,0,2,0,4878,2710,1.6666666666666667,6.666666666666668,1156,15,3,4,2,11
80101391,4016 Camacho St,78723,"Beautiful home on a corner lot in the Mueller development. Bright kitchen overlooking a large outdoor deck and entertainment area in the peaceful, private backyard. Two spacious living areas, one with a gas fireplace. Master suite with stunning, updated master bath on main floor. Roomy balcony in front and a Juliet balcony on second floor. Come enjoy everything Mueller has to offer!",30.29196739196777,-97.70526123046876,0,TRUE,FALSE,FALSE,FALSE,Single Family,2007,710000,2019-07-11,7,2019,32,6,1,2,0,0,2,0,4007,2310,1.6333333333333335,6.666666666666668,1156,15,3,4,2,12
29392391,2004 Encino Cir,78723,"Live downtown and have a great yard, 2 car garage and entertaining space. Modern finish out with stainless appliances, new windows, ceiling fans, tankless water heater, new a/c systems and a custom mirrored buffet and bar area showpiece. Entertain in your elegant open floorplan with beautiful granite and paver patio, landscaped yard and firepit, all done and ready for your next party. Four bedrooms offer privacy and separation with a large separate room for laundry.",30.28375816345215,-97.70246887207033,2,FALSE,TRUE,FALSE,FALSE,Single Family,1968,194999,2018-04-03,4,2018,26,2,2,0,0,0,0,0,6969,1692,1.9,6.666666666666668,1156,15,2,4,1,50
29392390,2006 Encino Cir,78723,"Beautifully kept home in Austin located minutes away from great schools, restaurants, and shopping! Home features an amazing floor plan with huge living space area and open kitchen! Updates: new roof, paint, and kitchen stove. Outside there is a covered porch on spacious backyard great for entertaining! Come see this lovely home today!",30.28373336791992,-97.70265197753906,5,FALSE,TRUE,FALSE,FALSE,Single Family,1969,290000,2020-09-25,9,2020,70,4,2,1,1,0,0,0,7013,1510,1.8666666666666665,6.666666666666668,1156,15,2,3,1,51
83125389,3916 Hermalinda St,78723,"This beautiful Meritage home with three bedrooms plus a study is situated on a corner lot is just minutes away from the park, pool & farmer's market. With hardwood & ceramic tile flooring on the first floor, crown molding almost everywhere, fresh paint throughout, and granite counters in the kitchen & bath, everything you are looking for is already here. The large stone patio allows for the outdoor living you desire, and the recently updated AC & gas water heater gives you the peace of mind you want.",30.291358947753903,-97.70122528076172,2,TRUE,TRUE,FALSE,FALSE,Single Family,2008,715000,2020-07-29,7,2020,68,3,2,2,3,0,1,0,3789,2122,1.8,6.666666666666668,1156,15,3,3,2,12
83125375,2708 Tom Miller St,78723,"Open concept 4 bed + study, 3 bath & 2 living facing trail & park/pond (great view with no across the street neighbors!) in highly sought-after Mueller community. Large Porch and Entry Foyer. Full bed & bath downstairs. Spacious utility room. Chef's kitchen with tons of storage/counter space, gas cooktop, built-in oven, microwave and wine fridge with large center island. Hardwoods throughout downstairs. Media room wired for 7.1 surround sound + noise reducing insulation. Large master (with no shared walls w/other bedrooms) includes a balcony and huge bath with separate shower, jetted tub and walk-in closet. Large 2 car garage with alley access. Ample Storage. Radiant Barrier. Highly functional layout and amazing walk-ability to all Mueller has to offer. Maplewood, Kealing & McCallum Schools.",30.29014015197754,-97.70128631591795,2,TRUE,TRUE,FALSE,FALSE,Single Family,2010,798900,2018-07-30,7,2018,39,4,2,0,0,0,0,0,4094,2809,1.8333333333333333,6.666666666666668,1156,15,3,4,2,8
251029362,2104 E M Franklin Ave #B,78723,"Unique modern neighborhood of only 8 homes across from the Mueller Development.  Enjoy the restaurants and other amenities in Mueller then come home to your own private quite community.  Soaring 14ft ceilings in the living room with ample natural light.  Entertainers kitchen  with custom wood cabinets, 36"" Bertazzoni gas range with convection oven, Bosch appliances & Quartz counter-tops.  1st floor master suite.  No Carpet - stained concrete floors down, tile baths and white oak wood floors upstairs.  Owner has added window treatments and upgraded some light fixtures/cabinetry. Low E windows, tank-less water heater, foam insulation metal roof provide energy efficiency.  Beautiful large fenced yard with sprinkler system & nice landscaping.  Close to Downtown Austin and all the hot spots on the East Side.  Convenient to the airport, UT shuttle, CapMetro bus stop and Light Rail system.",30.28619956970215,-97.6973648071289,0,TRUE,FALSE,TRUE,FALSE,Single Family,2017,639900,2020-01-17,1,2020,28,7,1,2,2,0,1,0,5183,1696,2.066666666666667,6.666666666666668,1156,15,3,3,2,3
2097074353,1916 E M Franklin Ave UNIT C,78723,"1/2 off first months rent if occupy by 11/01 Farmhouse inspired home. Located just across from Mueller. Terraced backyard provides large gardening area with drip line. Mueller Schools, 2.5 miles to UT, 3.5 miles to downtown. Cat 5 wiring internet cables, & fiber internet. Open floor plan high ceilings & walls of windows. Chief's kitchen, Bertazzoni range, marble & quartz counter tops. Foam, cellulose insulation & 7.8k WH solar system provides 100% electric energy for owner. 300 gallon water collection.This is a single family home, not a condo",30.284711837768555,-97.69693756103516,0,FALSE,FALSE,FALSE,FALSE,Single Family,2014,860000,2019-07-31,7,2019,25,5,1,0,0,0,0,0,16117.2,2296,2.1,6.666666666666668,1156,15,3,4,2,5
124875819,3909 Vaughan St,78723,"Amazing price, well below appraised value, on this gorgeous townhome in the highly regarded Mueller community! Open concept floor plan, matched with modern finishes, stainless steel appliances, wood floors, and spacious rooms. Upstairs flex room could serve as an office or additional living space.  Retreat to a private balcony or enjoy the convenience of local shopping, dining, and entertainment!",30.29154586791992,-97.69725036621094,0,TRUE,FALSE,FALSE,FALSE,Single Family,2014,469997,2018-12-31,12,2018,25,4,1,0,0,0,0,0,2090,1716,2.4,5,966,15,3,2,2,4
83125319,4020 Berkman Dr,78723,"Beautifully appointed ""3-STAR"" green home full of unique custom touches. This contemporary designed green rated flex home, New Haven, is an absolute must see! As part of the new Icon Collection recently introduced to the Streetman series of homes, you'll be amazed at the functionality and style of the new collection. Gorgeous beech cabinets, caesar stone counter tops and stained concrete floors are just a few highlights of this trend setting new home.<br>The New Haven III (1,765 sq. ft.) offers sustainable, urban living at its best. Features include master balcony, front porch, flex room, courtyard and more.<br>Inspired by neighborhoods that Austin truly loves, the Mueller master plan is aimed at taking what makes Austin great and making it better. The innovative mixed-use development is located in the heart of Austin on the site of the old Robert Mueller Airport and is a model for responsible planning and sutstainability. With its commitment to environmental preservation, Mueller will bring new life and choice to Austin, with commercial, retail and residential opportunity enhanced by surrounding greenbelts, parks and green outdoor plazas.<br/><br/>Brokered And Advertised By: Century 21<br/>Listing Agent: Bob Ream",30.29232215881348,-97.699920654296875,2,TRUE,TRUE,FALSE,FALSE,Single Family,2009,600000,2020-07-29,7,2020,23,6,2,1,1,0,2,0,2613,1796,1.8666666666666665,6.666666666666668,1156,15,3,3,2,11
70326486,3310 Denver Ave,78723,"3310 Denver Ave, Austin, TX 78723 is a single family home that contains 1,482 sq ft and was built in 2011. It contains 3 bedrooms and 3 bathrooms. 
 
The Zestimate for this house is $742,549. The Rent Zestimate for this home is $2,858/mo.",30.2861328125,-97.701080322265625,0,FALSE,FALSE,FALSE,FALSE,Single Family,2011,88000,2018-03-30,3,2018,35,3,0,0,0,0,0,0,8319,1482,1.8666666666666665,6.666666666666668,1156,15,3,3,2,7
80086816,1912 Tom Miller St,78723,"Well-appointed, energy-efficient home with solar system in highly sought-after Mueller Development! This single-story home is situated on a corner lot for plenty of light and across from greenbelt and jogging trail. Hand scraped hardwood floors, custom fireplace mantle, travertine surround and backsplash, double ovens, stainless appliances, granite countertops, island with butcher block countertop, pantry, bar with wine fridge, generous fenced side yard with large deck for entertainment, designer color scheme. Community pools, shops, restaurants, Alamo Drafthouse, Kerbey Lane, parks, hike & bike trails all within minutes of UT & downtown.",30.29357719421387,-97.70686340332033,2,TRUE,TRUE,FALSE,TRUE,Single Family,2008,800000,2020-09-14,9,2020,41,8,2,3,2,0,1,0,4965,2075,1.5666666666666669,6.666666666666668,1156,15,2,3,1,12
125807815,2501 Moreno St,78723,"2501 Moreno St, Austin, TX 78723 is a single family home that contains 2,328 sq ft and was built in 2015. It contains 4 bedrooms and 4 bathrooms. 
 
The Zestimate for this house is $798,204. The Rent Zestimate for this home is $3,500/mo.",30.29344367980957,-97.6984405517578,0,TRUE,FALSE,FALSE,FALSE,Single Family,2015,724900,2020-02-21,2,2020,1,1,1,2,0,0,3,0,3484,2328,2.2666666666666666,5,966,15,4,4,2,5
83125308,4041 Threadgill St,78723,"Beautiful home on corner lot in desirable Mueller!!! Location is one block from community pool and park. Open floor plan with stylish details for entertainment & large outdoor patio. Kitchen w/granite counter tops, tile back splash, stainless steel appliances & breakfast bar that opens to dining room and family room. Master bedroom is a private oasis that includes a balcony, spacious bedroom with walk-in closet. Upstairs has a retreat space that is perfect for children's game room or 2nd living room.",30.29284858703613,-97.7005615234375,0,TRUE,FALSE,FALSE,FALSE,Single Family,2009,699900,2019-11-21,11,2019,24,2,1,1,0,0,0,0,4356,2122,1.8666666666666665,6.666666666666668,1156,15,3,3,2,10
83125305,4029 Threadgill St,78723,"Imagine having access to some of the best restaurants, shops and parks Austin has to offer, all within easy walking distance of your beautifully updated, single story home. 4029 Threadgill combines quality materials and beautiful design with the Mueller development's incredible convenience and quaint neighborhood feel. This charming home features three bedrooms and three full baths artfully arranged in a modern, open floor plan with spaces that flow together. The wall of windows in the living allows sunlight to flood into the living room, which also features a cozy gas fireplace and recessed spaces for the TV and storage. Recently updated, the home has tons of special touches, including wood floors, crown molding, recessed lighting, and updated light fixtures. The two guest bathrooms have hex tile for an on-trend vintage look. Walk to a nearby Orange Theory session or a calming bikram yoga class, then retreat to your beautiful master with its huge walk-in closet and large two-vanity bathroom with a walk-in shower. Or relax on your side-yard patio, a special luxury offered by this home that's not typical of all Mueller homes. Enjoy entertaining family and friends in the spacious kitchen that features white cabinets, stainless steel appliances, a gas cooktop and a built-in wall oven and microwave. This purposefully designed home connects the kitchen with living room and the dining room, encouraging you to be a part of the conversation even when you're cooking up a storm. Enjoy meals at the large granite breakfast bar or in the spacious dining room. A spacious front porch with room for a rocking chair or two sets the stage for conversations with sociable neighbors who are happy to pause their walk to the nearby park to catch up with you. An attached garage at the back of the house is accessible via an alley, and provides ease and security while increasing the front of house curb appeal. A large laundry room/mudroom at the back door/entrance from garage provides perfect place to remove muddied shoes, and as an added bonus, the washer and dryer convey. A large room just to the left of the home's main entryway offers flexibility, with the possibility of being used as an office or a formal dining room. The Mueller neighborhood is a 700-acre planned community with 140 acres of parks and greenways. It's built on the former site of the Robert Mueller Airport and is a 15-minute drive from the city's current Austin-Bergstrom International Airport. Mueller's planned approach created a vibrant community with a diversity of income levels, age brackets and backgrounds. In addition to enjoying the peace and tranquility of Mueller Lake Park, locals have a number of recreational options at Northwest Greenway's hike-and-bike trails and Southwest Greenway, which features restored Texas blackland prairie, incorporating native plants, and the Ella Wooten Park and junior-Olympic size pool. In addition, the Morris William Golf Course is situated on one of Mueller's main boundaries, Manor Road. Northeast of downtown Austin, Mueller is home to people drawn to the community's 'work-where-you-live/no-commute' philosophy, convenient shopping, and emphasis on sustainability and tranquility. Many residents are attracted to the idea of walking from their eco-friendly and green-designed home to the office, shopping, restaurants and entertainment. Nearby businesses include Dell Children's Medical Center, Seton Administrative, the University of Texas Medical Research Campus, the Pecan Street Lab and more than 25 retailers at the Mueller Regional Retail Center. The number of shopping, dining and entertainment options is already large, and more shops, restaurants and entertainment venues are opening all the time. Families will appreciate nearby Maplewood Elementary School, known for its focus on the arts. Come home to the friendliness a true neighborhood delivers. Fall in love with this 3 bedroom, 3 bathroom charmer and be close to everything you need.",30.292543411254886,-97.70042419433594,2,TRUE,TRUE,FALSE,TRUE,Single Family,2008,600000,2019-03-25,3,2019,40,4,2,0,0,0,0,0,3441,1720,1.8666666666666665,6.666666666666668,1156,15,3,3,1,11
125917800,1903 Greenwood Ave,78723,"1903 Greenwood Ave, Austin, TX 78723 is a single family home that contains 2,282 sq ft and was built in 2018. It contains 3 bedrooms and 4 bathrooms. 
 
The Zestimate for this house is $986,256. The Rent Zestimate for this home is $4,033/mo.",30.283935546875,-97.698150634765625,2,FALSE,TRUE,FALSE,TRUE,Single Family,2018,849000,2019-04-10,4,2019,1,3,3,0,0,0,0,0,5662,2282,2.0666666666666664,6.666666666666668,1156,15,4,3,3,1
83125297,2108 Emma Long St,78723,"2108 Emma Long St, Austin, TX 78723 is a single family home that contains 2,001 sq ft and was built in 2008. It contains 3 bedrooms and 3 bathrooms. 
 
The Zestimate for this house is $718,070. The Rent Zestimate for this home is $3,400/mo.",30.29238128662109,-97.7016372680664,2,TRUE,TRUE,FALSE,FALSE,Single Family,2008,587000,2018-11-07,11,2018,30,3,2,0,0,0,0,0,3397,2001,1.8,6.666666666666668,1156,15,3,3,2,10
241934782,1802 Loreto Dr #B,78721,"Fantastic new construction home with private backyard that sits just a 1/2 mile from the Mueller district and minutes away from all that East Austin has to offer from great restaurants to bars, and coffee shops. High-end finishes and appliances including custom cabinetry thru-out, hardwood flooring, granite counter tops, high ceilings, 8ft entries and a large second story patio with custom metal railings.",30.281723022460938,-97.70100402832033,1,TRUE,TRUE,FALSE,FALSE,Single Family,2019,399900,2020-07-15,7,2020,23,2,2,0,1,0,0,0,4312,1098,2.066666666666667,3.333333333333333,635,13,3,2,2,1
144249276,2409 Moreno St,78723,"This contemporary, open floor plan connects the kitchen to the dining and living areas with a large island. An office rounds out the main floor. Ceramic porcelain tiles on the first floor provide maximum durability. All bedrooms are up, and the master boasts a large walk-in shower and bright master closet. The home has both a large front porch and back patio, with plenty of room to entertain. The garage has been extended on this home, providing an extra 9 feet of storage. Pre-inspected, appliances convey.",30.293437957763672,-97.69867706298828,2,TRUE,TRUE,FALSE,FALSE,Single Family,2015,665000,2020-04-30,4,2020,34,7,2,2,2,0,0,0,3310,2023,2.2666666666666666,5,966,15,3,3,2,5
83125275,2124 Mccloskey St,78723,"Enjoy everything that Mueller has to offer in this beautiful home! Located on an oversized, corner lot just a half block from the park with loads of natural light. Desirable first floor master bedroom, study, upstairs game room, expansive yard & balcony. Featuring quartz counters, glass tile backsplash, undercabinet lights, energy efficient solar panels, stainless appliances, & frameless glass shower. Quick access to the park, pool & town center (Alamo drafthouse, Kerbey Lane, Thinkery, Farmer's Market).",30.29306983947754,-97.70166778564452,0,TRUE,FALSE,FALSE,FALSE,Single Family,2009,689000,2019-05-29,5,2019,32,4,1,0,0,0,1,0,4094,2196,1.8,6.666666666666668,1156,15,3,3,2,10
80088763,2021 Emma Long St,78723,"2021 Emma Long St, Austin, TX 78723 is a single family home that contains 2,710 sq ft and was built in 2008. It contains 4 bedrooms and 3 bathrooms. 
 
The Zestimate for this house is $936,292. The Rent Zestimate for this home is $4,880/mo.",30.29193687438965,-97.7040557861328,0,TRUE,FALSE,FALSE,FALSE,Single Family,2008,785000,2019-05-07,5,2019,21,3,1,0,0,0,0,0,4051,2710,1.7,6.666666666666668,1156,15,3,4,2,11
29393259,2009 Greenwood Ave,78723,"2009 Greenwood Ave, Austin, TX 78723 is a single family home that contains 1,206 sq ft and was built in 1969. It contains 2 bedrooms and 2 bathrooms. 
 
The Zestimate for this house is $652,061. The Rent Zestimate for this home is $2,125/mo.",30.28534507751465,-97.698455810546875,0,FALSE,FALSE,FALSE,FALSE,Single Family,1969,615000,2020-01-15,1,2020,1,2,2,2,0,0,1,0,20908.8,1206,2,6.666666666666668,1156,15,2,2,1,51
125116251,2509 Moreno St,78723,"2509 Moreno St, Austin, TX 78723 is a single family home that contains 2,192 sq ft and was built in 2015. It contains 3 bedrooms and 3 bathrooms. 
 
The Zestimate for this house is $810,093. The Rent Zestimate for this home is $3,200/mo.",30.29344940185547,-97.69820404052734,2,TRUE,TRUE,FALSE,FALSE,Single Family,2015,737000,2020-05-22,5,2020,37,3,3,1,0,0,1,0,3327,2192,2.2666666666666666,5,966,15,3,3,2,5
125105733,4008 Teaff St,78723,"Gorgeous, modern row house in Mueller Community! Home overlooks a quiet courtyard. Kitchen features 42â cabinets, quartz counter-tops, upgraded sink & stainless steel appliance package. Large master suite w/ built-in heater in the bathroom. Downstairs study features built-in bookcase, desk, filing cabinets, and more! Prime location only a block from the community garden, park & pool. Bike or Scooter to HEB, restaurants, trails, & shops. Only 10-minute drive to DT Austin & 15 min. to Austin Airport.",30.29245185852051,-97.69622039794922,2,TRUE,TRUE,FALSE,FALSE,Single Family,2015,480000,2019-03-25,3,2019,66,3,2,0,0,0,0,0,1219,1560,2.333333333333333,5,966,15,2,2,2,4
29392486,2033 Encino Cir,78723,"Mid century modern single story home! Minutes from Mueller Market Center, Downtown Austin, Airport, UT and Medical Center. Very private over-sized parcel with beautiful mature trees and landscaping!",30.2845458984375,-97.70275115966795,1,FALSE,TRUE,FALSE,FALSE,Single Family,1969,439900,2020-06-29,6,2020,18,6,3,1,2,0,0,0,8929,1328,1.8333333333333333,6.666666666666668,1156,15,2,3,1,51
29394960,3703 Tower View Ct,78723,"3703 Tower View Ct, Austin, TX 78723 is a single family home that contains 1,226 sq ft and was built in 1953. It contains 3 bedrooms and 2 bathrooms. 
 
The Zestimate for this house is $542,418. The Rent Zestimate for this home is $2,400/mo.",30.28768348693848,-97.70494842529295,0,FALSE,FALSE,FALSE,FALSE,Single Family,1953,434900,2018-12-04,12,2018,19,5,1,0,0,0,0,0,6316,1226,1.7,6.666666666666668,1156,15,2,3,1,65
80104169,1916 Mccloskey St,78723,"1916 Mccloskey St, Austin, TX 78723 is a single family home that contains 2,221 sq ft and was built in 2007. It contains 3 bedrooms and 3 bathrooms. 
 
The Zestimate for this house is $809,383. The Rent Zestimate for this home is $3,600/mo.",30.29295539855957,-97.7061538696289,2,TRUE,TRUE,FALSE,FALSE,Single Family,2007,659000,2018-05-05,5,2018,40,7,2,0,0,0,0,0,3310,2221,1.6000000000000003,6.666666666666668,1156,15,3,3,2,11
80103661,4117 Lawless St,78723,"Looking for a home close to downtown? In the heart of Mueller? Walking distance to the pool, parks, Food trucks the Thinkery and Alamo Draft house then this is the home for you! This beautiful 2122sf two story home features 3 bedrooms, 3 baths, game room with a Custom wet bar built in and a two car garage that includes amazing built in storage shelving units! This home also has an amazing side patio with large deck and Arbor! This gorgeous home has to many upgrades to list and is a must see! Hurry as this home will not last long!",30.29338264465332,-97.70325469970705,0,TRUE,FALSE,FALSE,FALSE,Single Family,2007,609000,2018-01-27,1,2018,39,3,1,0,0,0,0,0,3310,2122,1.7,6.666666666666668,1156,15,3,3,2,11
29392459,1902 Greenwood Ave,78723,"Well maintained home on 11,424 sq ft lot. Zoning allows duplex or A/B Condos on property, confirm with City of Austin. Features original wood floors. 2008 upgrades include HVAC, new roof, new plumbing, new windows and interior sheetrock. Easy access to Downtown, UT, and the Muller development. Rare large lot is perfect for outdoor living or future development. Tenant on month to month lease.",30.283884048461925,-97.69876861572266,0,FALSE,FALSE,FALSE,FALSE,Single Family,1942,420000,2019-06-04,6,2019,25,2,0,0,0,0,1,0,11325.6,888,2.033333333333333,6.666666666666668,1156,15,1,2,1,77
80108648,1932 Littlefield St,78723,"So many upgrades in this beautiful home in a desirable Mueller location! True  hardwood floors upstairs and  tile floors down. Granite counters, glass tiles, stainless appliances and breakfast room highlight the kitchen area.   Office, formal dining, family room open to kitchen and breakfast plus master down. . 4th bdrm can easily serve as a game room. Extra architectural features and trim work make this home extraordianary!  Great  garden area with detached garage. Ready for move-in on great street near park and jogging trail!",30.29365348815918,-97.70573425292967,0,TRUE,FALSE,FALSE,TRUE,Single Family,2008,649000,2018-03-30,3,2018,26,3,2,0,0,0,0,0,3397,2234,1.5666666666666669,6.666666666666668,1156,15,3,4,2,10
125459458,4200 Nitschke St,78723,"4200 Nitschke St, Austin, TX 78723 is a single family home that contains 2,192 sq ft and was built in 2015. It contains 3 bedrooms and 3 bathrooms. 
 
The Zestimate for this house is $821,110. The Rent Zestimate for this home is $3,200/mo.",30.29363250732422,-97.69937896728516,2,TRUE,TRUE,FALSE,FALSE,Single Family,2015,740000,2020-07-22,7,2020,26,3,2,1,0,0,0,0,3484,2192,2.2666666666666666,5,966,15,3,3,2,5
80103641,2308 Tom Miller St,78723,"One-of-a-kind remodeled home in Mueller on a private lot with views of trees and trails.Light-filled interiors with upgrades throughout including three remodeled bathrooms with designer finishes and a massive master bathroom with a rain shower. The huge kitchen has double islands with honed marble countertops, plenty of storage, and an open layout to the family room with a custom fireplace. Custom built-in bar with wallpaper and mirror backsplash. Most Furnishings in Home Convey (Ask Listing Agent)",30.290929794311523,-97.70623016357422,2,TRUE,TRUE,FALSE,TRUE,Single Family,2007,1275000,2020-07-30,7,2020,33,3,3,3,2,0,1,0,5662,3329,1.6000000000000003,6.666666666666668,1156,15,3,4,2,13
125808101,3901 Briones St,78723,"3901 Briones St, Austin, TX 78723 is a single family home that contains 2,323 sq ft and was built in 2015. It contains 3 bedrooms and 3 bathrooms. 
 
The Zestimate for this house is $801,259. The Rent Zestimate for this home is $3,173/mo.",30.29145050048828,-97.69644927978516,2,TRUE,TRUE,FALSE,FALSE,Single Family,2015,740000,2020-05-15,5,2020,36,6,2,2,1,0,1,0,4356,2323,2.3666666666666667,5,966,15,3,3,2,5
29391093,1402 Greenwood Ave,78721,"Looking to purchase in one of Austin's hottest area's, with easy access to all amenities, starting with shopping, restaurants, minutes from Mueller Development, easy access to major Highways, Tolls, not to mention Metro Lightrail, Downtown and ABIA. Seller repairs are foundation, roof, new windows, installed mini- split, added line for connection for washer/dryer in kitchen area, installed new tankless hotwater heater. Did some electrical work for hotwater heater and mini-split, also repair work done on drain for kitchen/bathroom and line for W/D. Now you just need your own touch and charm. No carpet, original wood flooring in all rooms and living area. Large shaded back yard with no neighbors behind you! Neighborhood is established and quiet.",30.27962303161621,-97.69673919677734,1,FALSE,TRUE,FALSE,FALSE,Single Family,1961,399500,2020-09-20,9,2020,78,4,2,3,1,1,0,0,10062,840,2.066666666666667,3.333333333333333,635,13,1,3,1,59
125807590,2805 Sorin St,78723,"Fantastic park/pool facing home in coveted Mueller.  Walk to retail, restaurants & parks.  Open floor plan with tons of natural light and perfect for entertaining. Large island with natural stone counters. Large office with french doors. 3 beds + laundry up.  Large master suite with large walk-in closet & master bath. Turf in the backyard.  Extended garage & alley access.  You don't want to miss this one!",30.292781829833984,-97.69561004638672,2,TRUE,TRUE,FALSE,TRUE,Single Family,2015,729900,2020-07-09,7,2020,39,4,2,2,3,0,0,0,3354,2034,2.3000000000000003,5,966,15,3,3,2,5
80101070,1921 Emma Long St,78723,"AT CURRENT LIST PRICE THIS HOME IS PRICED +/- $20,000 below TCAD 2018 appraised value.  GOOD SCHOOLS - McCallum High School.  4 bedroom, 2.5 bathroom, plus additional  pstairs living room. Many upgrades. Granite and stainless kitchen with pantry. 4 rooms with surround sound, in-house sound system for 1st floor, 2nd floor, and deck. High ceilings. Solar panels tied in to the City of Austin electric department for help with energy bills. IPE wood deck. Upstairs balcony overlooking deck. Covered front porch, 2 car rear entry garage. Walking trails and dog park for doggy happy hour after work. Come join the fun at Mueller.",30.291887283325195,-97.706024169921875,0,TRUE,FALSE,FALSE,FALSE,Single Family,2007,675000,2018-10-25,10,2018,17,3,1,0,0,0,0,0,3310,2345,1.5666666666666669,6.666666666666668,1156,15,3,4,2,11
80099569,1925 Antone St,78723,"1925 Antone St, Austin, TX 78723 is a single family home that contains 2,919 sq ft and was built in 2007. It contains 4 bedrooms and 3 bathrooms. 
 
The Zestimate for this house is $931,182. The Rent Zestimate for this home is $4,995/mo.",30.29117774963379,-97.7057647705078,0,TRUE,FALSE,FALSE,FALSE,Single Family,2007,789000,2019-02-22,2,2019,1,4,1,0,0,0,0,0,3920,2919,1.6333333333333335,6.666666666666668,1156,15,3,4,2,12
29392442,3406 Cambridge Ct,78723,"Copy/paste link for 3D tour: bit.ly/3406CambridgeCt3D. Embrace city living in this wonderful property in the heart of hot east Austin district! Only minutes to downtown, shops, urban farms & airport, there is hardly a better location from w/c to enjoy the heart of the city! Rare opportunity to own a double cul-de-sac lot w/one-story 3BR w/c could be a great remodel project.More than enough room to add on to the current structure or to tear down & rebuild completely. Immerse yourself in the city lifestyle!Guest Accommodations: Yes Restrictions: Yes",30.28446578979492,-97.69937896728516,1,FALSE,TRUE,FALSE,FALSE,Single Family,1973,600000,2020-09-23,9,2020,37,0,2,0,0,0,0,0,17859.6,1776,1.9666666666666668,6.666666666666668,1156,15,1,3,1,47
29391046,3505 E 17th St,78721,Extra Large Lot could add Duplex possible near downtown and literail,30.28092193603516,-97.695892333984375,0,FALSE,FALSE,FALSE,TRUE,Single Family,1940,270000,2019-10-31,10,2019,8,0,0,0,0,0,0,0,13939.2,2072,2,3.333333333333333,635,13,2,3,1,79
80094542,2520 Tom Miller St,78723,"Rare find in Mueller!  Single Family Home with Park and Pond views and easy access to all Austin has to offer!  Spacious four bedroom plan with gourmet granite kitchen, game room, formal dining, and study.  Great built ins, multiple balconies, wood floors, 2 car attached garage.",30.289947509765625,-97.7034912109375,0,TRUE,FALSE,FALSE,TRUE,Single Family,2008,775000,2018-02-01,2,2018,38,4,1,0,0,0,0,0,4748,3700,1.7333333333333332,6.666666666666668,1156,15,3,4,2,10
29391035,1407 Greenwood Ave,78721,"With 4 bedrooms and 2 baths, this east Austin livable home has been respected for decades but is in need of a remodel.  Ideal for an investor but still perfect for the DIY customer as well!    The back yard is very large making an addition very possible along with a possible tear down and duplex/condo opportunity.  Priced to sell, there is still plenty of room for a solid return!  This property won't last!",30.28002166748047,-97.69621276855467,1,FALSE,TRUE,FALSE,FALSE,Single Family,1968,285000,2019-04-22,4,2019,29,0,2,0,0,0,0,0,11761.2,1872,2.033333333333333,3.333333333333333,635,13,2,4,1,51
121656524,1916 E M Franklin Ave UNIT A,78723,"On a quiet street south of the bustling Mueller neighborhood sits your dream home. This private retreat has the solitude you've been seeking, while it boasts access to everything downtown and central Austin has to offer. Entertaining comes easy when you are able to utilize a kitchen perfect for any chef, ample interior living space and an oversized backyard complete with swimming pool and hot tub. This is a single-family home with no HOA that sits on 0.181 acres. Open House: Sunday, Dec 3, from 1 to 3 pm.",30.283870697021484,-97.6963119506836,0,FALSE,FALSE,TRUE,FALSE,Single Family,2014,849000,2018-01-25,1,2018,34,3,1,0,0,0,0,0,7884,2503,2.1666666666666665,6.666666666666668,1156,15,3,4,2,4
125808512,3101 Mccurdy St,78723,"3101 Mccurdy St, Austin, TX 78723 is a single family home that contains 3,249 sq ft and was built in 2014. It contains 5 bedrooms and 5 bathrooms. 
 
The Zestimate for this house is $1,037,849. The Rent Zestimate for this home is $3,395/mo.",30.29106521606445,-97.69642639160156,0,TRUE,FALSE,FALSE,TRUE,Single Family,2014,929000,2019-08-27,8,2019,1,4,2,2,3,0,1,0,5227,3249,2.4,5,966,15,5,5,2,5
125742942,1181 Greenwood Ave,78721,"1181 Greenwood Ave, Austin, TX 78721 is a single family home that contains 1,600 sq ft and was built in 1940. It contains 4 bedrooms and 3 bathrooms. 
 
",30.27571105957031,-97.6967315673828,0,FALSE,FALSE,FALSE,TRUE,Single Family,1940,449000,2020-10-20,10,2020,64,0,0,0,0,0,0,0,5662,1600,2.1,3.333333333333333,635,13,3,4,1,80
29388760,3405 Pennsylvania Ave,78721,"Fully furnished brand new home built in September 2019! Looking for renters for 6 months to a year - may not be able to resign a lease afterward but we can discuss. This unit consists of a beautifully styled 2/2 main house and a separate guest studio / office space. Walk-in shower, walk-in closet, balcony porch, 14-foot ceilings, West Elm furniture, 60"" QLED tv, Nest/Ring, whole house fully furnished. No garage access but street and driveway parking.

Tenant is responsible for utilities. Ideally no pets, but willing to discuss. I can discuss more info with you when we meet.",30.275150299072266,-97.6965789794922,0,FALSE,FALSE,FALSE,FALSE,Single Family,2019,274990,2019-09-16,9,2019,8,7,2,0,0,0,0,0,8973,1380,2.1,3.333333333333333,635,13,3,3,2,0
29388735,1185 Greenwood Ave,78721,"Fantastic lot off 12th Street, just east of Airport Boulevard. Remodel or build new. Main portion of house has been updated and could be remodeled. Addition in poor condition, hence ""Cash Only."" Short drive to downtown. Close to MLK MetroRail, Givens Park, Austin Bouldering Project, Sahara Lounge, Canopy Art Complex, and much more...Restrictions: Yes",30.27594947814941,-97.69678497314452,2,FALSE,TRUE,FALSE,TRUE,Single Family,1940,299000,2020-10-30,10,2020,42,7,2,0,0,0,0,1,5400,1658,2.066666666666667,3.333333333333333,635,13,2,3,1,80
29388713,1188 Greenwood Ave,78721,PHOTOS ARE FROM BEFORE THE HOUSE WAS RENTED ~  Live in the house / Rent it / Or remodel it ~ Currently Rented ~  Flat Lot with New construction around it  ~  This house qualifies for Zero Down,30.2761173248291,-97.69738006591795,1,FALSE,TRUE,FALSE,FALSE,Single Family,1964,290000,2018-01-23,1,2018,15,1,2,0,0,0,0,0,7884,1260,2.066666666666667,3.333333333333333,635,13,2,3,1,54
29388695,3323 E 12th St,78721,"Charming single story remodel in East Austin with spacious backyard. Residence features an open floorplan, stainless steel appliances, granite tile and wood flooring. The master suite includes a walk-in closet, his-and-hers vanities and modern frameless glass walk-in shower. Flex third bedroom/in-home office. Privately fenced backyard perfect for pets. Recent AC unit and updates in 2014 include electrical, HVAC, plumbing, new flooring and granite. Five minutes to Downtown Austin and Mueller District.",30.27688026428223,-97.69895935058594,0,FALSE,FALSE,FALSE,TRUE,Single Family,1954,436000,2020-07-13,7,2020,36,5,1,2,3,0,1,0,5401,1325,2.066666666666667,3.333333333333333,635,13,2,3,1,66
29386481,1121 1/2 Gunter St,78721,"1121 1/2 Gunter St, Austin, TX 78721 is a single family home that contains 992 sq ft and was built in 1937. It contains 2 bedrooms and 1 bathroom. 
 
The Zestimate for this house is $522,639. The Rent Zestimate for this home is $2,000/mo.",30.266319274902344,-97.69786834716795,0,FALSE,FALSE,FALSE,FALSE,Single Family,1937,418900,2018-10-07,10,2018,1,4,1,0,0,0,0,0,8712,992,1.1666666666666667,3.333333333333333,437,11,1,2,1,81
2080375616,3502 Pennsylvania Ave #2,78721,"New construction in East Austin by Rivendale Homes. This modern home features an open layout with large picture windows allowing plenty of natural light from the living room leading to the kitchen island and dining area. Attached garage, fully fenced private backyard, only minutes aways from Mueller and Downtown & No HOA. 1/2/10 Builder Warranty. Sprinkler Sys:Yes",30.275867462158203,-97.69532012939452,1,FALSE,TRUE,TRUE,FALSE,Single Family,2020,594950,2020-11-10,11,2020,12,3,2,0,1,0,0,0,7975,2088,2.066666666666667,3.333333333333333,635,13,3,3,1,0
29391103,1206 Greenwood Ave,78721,"1206 Greenwood Ave, Austin, TX 78721 is a single family home that contains 970 sq ft and was built in 1959. It contains 2 bedrooms and 1 bathroom. 
 
The Zestimate for this house is $464,751. The Rent Zestimate for this home is $1,895/mo.",30.27810859680176,-97.69654083251952,1,FALSE,TRUE,FALSE,FALSE,Single Family,1959,395000,2019-07-09,7,2019,39,5,2,1,1,0,0,0,7666,970,2.0666666666666664,3.333333333333333,635,13,1,2,1,60
29386524,1117 1/4 Gunter St,78721,"1117 1/4 Gunter St, Austin, TX 78721 is a single family home that contains 744 sq ft and was built in 1945. It contains 2 bedrooms and 1 bathroom. 
 
The Zestimate for this house is $391,506. The Rent Zestimate for this home is $1,800/mo.",30.265554428100582,-97.6982192993164,1,FALSE,TRUE,FALSE,FALSE,Single Family,1945,325000,2019-02-21,2,2019,4,0,2,0,0,0,0,0,8494,744,1.1,3.333333333333333,437,11,1,2,1,74
29391023,1207 Greenwood Ave,78721,"This east Austin artist bungalow is located close to Mueller & downtown. Lovingly maintained! 3 beds, 1 bath, plus a flex space. Detached workshop/studio w/ electricity in backyard. Efficient window units provide heating & cooling. Vaporshield insulation in exterior walls. Double pane windows. Electric service replaced 2013. Lower end of yard in flood plain, not house. Great home for buyer looking to build sweat equity! House has slope in enclosed porch. Price was adjusted for repairs/updates and is firm.",30.27822685241699,-97.6958465576172,1,FALSE,TRUE,FALSE,FALSE,Single Family,1959,300000,2019-05-23,5,2019,29,1,1,0,0,0,0,0,9931,960,2.033333333333333,3.333333333333333,635,13,1,3,1,60
29387019,1147 1/2 Gunter St,78721,"This charming East Austin home is perfect for an investor looking for a great property in a very up-and-coming part of East Austin. Home is in good shape & original structure could possibly remain or tear down and build multiple structures. Currently a 2/1 with small bedroom addition in back, 1 living, 1 dining. Zoned SF-3. Lot size 6491 sq ft. Corner lot with access to Gunter and Abbate circle. Close proximity to downtown, restaurants, entertainment & shops.",30.2728214263916,-97.69493865966795,0,FALSE,FALSE,FALSE,TRUE,Single Family,1940,329999,2018-08-15,8,2018,22,2,1,0,0,0,0,0,6098,1400,1.4333333333333331,3.333333333333333,437,11,1,2,1,78
29387010,1145 3/4 Gunter St,78721,"Absolutely ADORABLE bungalow in hot revitalized area of East Austin. This 3 bedroom 1.5 bath home has all the charm of an older home with the virtues of a newer home. Beautiful remodel and upgrades. HUGE backyard with GIANT deck - perfect for entertaining! Quaint rock shed doubles as a soothing waterfall fountain and features an outdoor shower. Very large lot in a fantastic location with easy access to Downtown, Airport, North Austin, UT Campus.",30.272356033325195,-97.69510650634766,0,FALSE,FALSE,FALSE,FALSE,Single Family,1938,499000,2020-02-18,2,2020,47,2,1,2,2,0,1,0,11761.2,916,1.4333333333333331,3.333333333333333,437,11,2,3,1,82
29392494,1804 Wildrose Dr,78721,"Centrally located and close to everything with highway access this lovely home was recently renovated. Features include Smart home lighting with LED lights, NEST, CO2 and smoke detectors, projector with 110"" screen and a 2 car garage with space for a work area. New top of the line Lennox HVAC system and duct work still under warranty, all new windows and sliding glass doors.  The front of the home boasts a spacious hidden courtyard with a large oak tree as the focal point. Galley style kitchen with tile back splash and granite counter and a large window perfect for growing those fresh herbs. Large back patio with Pergola and plenty of storage. Carport enclosed to add second garage space and 11' wide gate installed inside fence.",30.284162521362305,-97.68865203857422,2,FALSE,TRUE,FALSE,TRUE,Single Family,1962,157000,2018-10-18,10,2018,39,7,3,0,0,0,0,0,14810.4,1772,2,3.333333333333333,635,13,2,3,1,56
29388914,4713 Louis Ave,78721,"4713 Louis Ave, Austin, TX 78721 is a single family home that contains 884 sq ft and was built in 1953. It contains 2 bedrooms and 1 bathroom. 
 
The Zestimate for this house is $391,023. The Rent Zestimate for this home is $1,750/mo.",30.27561187744141,-97.6871337890625,0,FALSE,FALSE,FALSE,TRUE,Single Family,1953,329000,2019-04-11,4,2019,1,3,2,0,0,0,0,0,6577,884,2.1,3.333333333333333,635,13,1,2,1,66
29391492,1718 Hillcrest Ln,78721,"Beautiful home in highly desirable neighborhood in East Austin! This lovely abode features fresh interior paint, plush carpet, rich flooring, updated fixtures, and more! Living room greets you upon entering and is the perfect place to relax. Kitchen boasts stainless steel appliances, gorgeous tile back splash, and lots of cabinet space! Bedrooms offer plenty of room and ample natural light! Don't forget to venture out into the backyard that showcases a wood deck! Additional perks include a washer/dryer combo and carport! Close proximity to schools, restaurants, and highways! This gem will go fast, come see today!",30.27944183349609,-97.67620086669922,1,FALSE,TRUE,FALSE,TRUE,Single Family,1965,299900,2019-05-14,5,2019,23,5,2,0,0,0,0,0,6316,1020,2.1333333333333333,3.6666666666666665,480,14,1,3,1,54
29388908,4702 Santa Anna St,78721,"New photos tonight! This Fully remodeled ""like new"" bungalow sits on a beautiful over sized .25 acre lot! Home is move in ready, and has endless potential to add on to the existing home or build another structure. Home was fully remodeled in 2010 and the bathroom was updated 2 years ago. Metal roof, tankless water heater, original pine wood floors, Fresh interior paint, 8x12 storage shed in side yard, vaulted ceilings, Hardi siding. All S/S appliances convey including washer/ Dryer and refrigerator.",30.275453567504886,-97.687652587890625,0,FALSE,FALSE,FALSE,FALSE,Single Family,1958,298500,2018-02-13,2,2018,25,5,2,0,0,0,0,0,10890,673,2.1,3.333333333333333,635,13,1,2,1,60
29388907,4704 Santa Anna St,78721,"This 3BR with endless potential to add on to existing home or build another on structure. GREAT LOCATION to Downtown,  Ladybird Lake, hike and bike trails , and some of East Austin's favorite hot spots. MUST SEE!",30.275360107421875,-97.6874542236328,2,FALSE,TRUE,FALSE,FALSE,Single Family,1958,310000,2019-09-23,9,2019,2,3,2,0,0,0,0,0,6403,1040,2.1333333333333333,3.333333333333333,635,13,1,3,1,61
29387907,4706 Ledesma Rd,78721,"This charming home is located in a great location in east Austin with lots of potential! The 2 bedroom, 1 bathroom home can be a great investment opportunity, a fixer upper with new paint and cosmetic updates, or a tear down. The roof was replaced within the last 4 years. This home sits on an elevated lot with tall trees shading the large backyard. Minutes to downtown, Mueller, and all the restaurants, coffee shops, and nightlife that east Austin has to offer. Home is being sold as-is.",30.27367782592773,-97.688812255859375,0,FALSE,FALSE,FALSE,FALSE,Single Family,1959,244000,2019-01-02,1,2019,29,3,1,0,0,0,0,0,6708,624,1.4666666666666668,3,406,11,1,2,1,60
83830987,1117 Garland Ave #A,78721,"Adorable bungalow in the booming 78721 zip. Stand alone condo that lives like a house! This is a great starter home or a fantastic rental. No HOA fees! Original Hardwoods in main bedroom. Home has a nice layout and is move in ready.  New paint inside and out, and new carpet. Roof, concrete piers, and some electrical were done in 2007. Lots of potential in this one.",30.26879692077637,-97.68540954589844,1,FALSE,TRUE,FALSE,FALSE,Single Family,1964,240000,2020-08-26,8,2020,21,1,2,0,0,0,0,0,5401,820,1.2333333333333334,3,406,11,1,2,1,56
29388901,4904 Louis Ave,78721,"Every inch is adorable! All wood kitchen cabinets w/ integrated DW, trash/recycle/spice pullouts, & tons of drawers all topped with quartz and acacia wood! 50's style bathroom is so luxurious, huge tub, to-die-for tile, bluetooth speaker/fan. Tons of fruiting plants/tree. Custom wallpapered built-ins in master are lovely. Remote string lights, bar stools, window treatments and bath art all convey! This place is the perfect mix of modern and nostalgic, making it so homey. OWNER/AGENT",30.275012969970703,-97.68509674072266,0,FALSE,FALSE,FALSE,TRUE,Single Family,2014,365000,2019-03-25,3,2019,40,3,0,0,0,0,0,0,2700,834,2.1666666666666665,3.333333333333333,635,13,1,2,1,5
29391487,1728 Hillcrest Ln,78721,"Stunning one story remodel! Extensively remodeled including an overhaul of the plumbing, roof, tankless water heater, driveway, electrical and HVAC. It was taken down to the studs and brought back to life with its original character. Original wood floors newly refinished. Chic kitchen features Silestone counter tops, stainless appliances, hood vent, counter to ceiling backsplash and recessed lighting. Energy efficient vinyl windows and spray foam insulation. Massive backyard with ancient trees.",30.28007507324219,-97.67601013183594,2,FALSE,TRUE,FALSE,FALSE,Single Family,1965,195000,2019-02-26,2,2019,17,3,3,0,0,0,0,0,6446,960,2.1333333333333333,3.6666666666666665,480,14,1,3,1,54
29388893,1138 Mason Ave,78721,"Location, location, location! East Austin home that is under $250K! Great lot with large trees, private yard, large covered front porch, gazebo and dual entry storage shed in the back. The extra separate but attached bedroom outside of main house makes for a 4th bedroom. Home is located less than a 5 minute walk to Springdale Neighborhood Park. Easy access to Airport Blvd, I-35, and Hwy 183.",30.275205612182617,-97.6848373413086,1,FALSE,TRUE,FALSE,FALSE,Single Family,1954,249900,2018-08-01,8,2018,8,2,3,0,0,0,0,0,6403,890,2.1666666666666665,3.333333333333333,635,13,1,3,2,64
29388882,4710 Louis Ave,78721,"4710 Louis Ave, Austin, TX 78721 is a single family home that contains 624 sq ft and was built in 1956. It contains 2 bedrooms and 1 bathroom. 
 
The Zestimate for this house is $275,864. The Rent Zestimate for this home is $1,516/mo.",30.27597045898437,-97.68689727783205,0,FALSE,FALSE,FALSE,FALSE,Single Family,1956,230000,2019-08-29,8,2019,1,0,0,0,0,0,0,0,6969,624,2.066666666666667,3.333333333333333,635,13,1,2,1,63
29391378,1408 Penny St,78721,"Fabulously remodeled East Austin Home!  Adorable 2/1 with big backyard.  So many recent updates, which include:  Metal Roof in 2015, HVAC in 2015, Plumbing in 2015, Siding in 2015, Windows in 2015, Electrical Re-wire in 2015, Kitchen and Bathroom Updates in 2016, Fence and Gate in 2016, and Refinished Oak Wood Floors in 2016.  Wonderful Tenants in place through June 30th, 2018.  What an excellent opportunity to own in East Austin!  Contact Agent with questions or for more info.",30.28107261657715,-97.68464660644533,2,FALSE,TRUE,FALSE,FALSE,Single Family,1951,325000,2018-04-05,4,2018,20,3,3,0,0,0,0,0,7100,880,2.033333333333333,3.333333333333333,635,13,1,2,1,67
80106877,5332 Tower Trl,78723,"Beautiful Home, Like New!!  Lots of interior upgrades including recessed lighting, hardwoods, tile, exterior lighting, overhead storage in the garage.  Large fenced yard and greenbelt view. House is just three years old and looks like new.  Green rated from the City of Austin, utilities are very reasonable! Only 6-7 minutes to campus or downtown.",30.292089462280284,-97.669158935546875,2,TRUE,TRUE,FALSE,FALSE,Single Family,2007,334900,2020-04-03,4,2020,5,6,2,1,0,0,0,0,6653,1436,2.5666666666666664,3,719,15,2,3,1,13
29388871,1147 Webberville Rd,78721,"Adorable Modern bungalow, just minutes from public parks, transit lines, popular Mueller development, University of Texas and Downtown Austin! This 3 bedroom 2 bath home features very creative and original design elements throughout offering an open floor plan, pocket doors, vaulted ceilings, smart and energy efficient  LED  lighting, custom walk-in shower, sun nook, and completely updated wood and tile floors. Gorgeous Cambria countertops and custom backslash, sleek stainless steel appliances with a uniquely elegant and top of the line downdraft range. Exterior: spacious front and back yard, low maintenance landscaping, and tall TRUE privacy double-sided fence with custom weather treatment stain. BONUS: Detached dedicated meditation/flex studio w/deck, perfect for unwinding or entertaining. Don't miss this opportunity to live minutes to Downtown and all of hip East Austin restaurants and amenities!",30.27669906616211,-97.68717956542967,0,FALSE,FALSE,FALSE,TRUE,Single Family,1955,457000,2020-03-23,3,2020,33,4,0,0,0,0,0,0,6664,1040,2.066666666666667,3.333333333333333,635,13,2,3,1,65
29393367,5610 Northdale Dr,78723,"5610 Northdale Dr, Austin, TX 78723 is a single family home that contains 1,700 sq ft and was built in 1964. It contains 3 bedrooms and 2 bathrooms. 
 
The Zestimate for this house is $503,461. The Rent Zestimate for this home is $1,750/mo.",30.288442611694336,-97.66828155517578,1,FALSE,TRUE,FALSE,FALSE,Single Family,1964,498000,2020-07-24,7,2020,34,0,2,2,1,0,0,0,10628,1700,2.6666666666666665,3,719,15,2,3,1,56
29392866,5102 Stone Gate Dr,78721,"5102 Stone Gate Dr, Austin, TX 78721 is a single family home that contains 1,456 sq ft and was built in 1965. It contains 3 bedrooms and 2 bathrooms. 
 
The Zestimate for this house is $435,287. The Rent Zestimate for this home is $2,200/mo.",30.284778594970703,-97.67684173583984,0,FALSE,FALSE,FALSE,FALSE,Single Family,1965,355000,2018-10-22,10,2018,1,4,1,0,0,0,0,0,9147,1456,2.4,3.333333333333333,635,13,2,3,1,53
64891859,1623 J J Seabrook Dr,78721,"Well maintained, light-bright, Master Down Plan, 5 bedroom Home, fresh paint, new carpet, Nice sizeÂ backyardÂ and private yard for entertainingÂ and no neighbors directly behind (backs to green space), stainless appliance, Refrigerator conveys, Convenient to Downtown and UT with easy access to 183 orÂ Convenient to downtown with easy access to 183 or Mueller Neighborhood parksÂ and shopping,SellerÂ pays for new survey,Â No HOA.",30.28243064880371,-97.690093994140625,0,FALSE,FALSE,FALSE,TRUE,Single Family,2003,140000,2020-07-31,7,2020,42,4,0,0,1,0,1,0,9888,1600,2,3.333333333333333,635,13,2,5,2,17
29392857,4404 Stone Gate Cir,78721,"Remodeled home sitting on a quiet cul-de-sac. Beautifully upgraded with 2 full baths, utility room and a 2 car garage. 5 miles to DT and UT and close to all major freeways. Tons of upgrades, including: new roof, french drainage system, energy efficient windows, doors, kitchen & baths, gutters, flooring, HVAC, engineered wood floors,",30.28392601013184,-97.67521667480467,0,FALSE,FALSE,FALSE,FALSE,Single Family,1965,380000,2018-11-30,11,2018,31,2,1,0,0,0,0,0,8624,1305,2.433333333333333,3.333333333333333,635,13,2,3,1,53
29391353,1421 Berene Ave,78721,"Neat and clean home in an area of rapid transition, Oak hard wood floors, C-Tile, Carpet. Could be a 4 bedroom or a 3 bedroom, 1 Bath , 2 living area. Large back yard. 3 mile to UT, 4 miles to down town Austin BD. Home could be easily expanded to 1,400 sf, should buyer prefer. 1,103 sf is Sellers estimated sf,",30.281532287597656,-97.68302154541016,2,FALSE,TRUE,FALSE,FALSE,Single Family,1959,319000,2019-06-17,6,2019,34,5,2,0,0,0,0,0,6446,1103,2.1,3.333333333333333,635,13,1,4,1,60
29390349,1303 Delano St,78721,"This well constructed East Austin home was built by Habit for Humanity in 2002. Rare to find newer built home that sits on a nice size lot looking out to greenery in the back. Perfect for a starter home, as the possibilities with adding ones personal touch will make it all the more special. Freshly painted interior with new light fixtures & brand-new neutral carpet in all of the bedrooms. The kitchen is spacious w/ plenty of cabinet space & opens to the living/dining area. Laundry room & wrap around deck.",30.27596092224121,-97.6785888671875,2,FALSE,TRUE,FALSE,FALSE,Single Family,2002,300000,2019-04-18,4,2019,28,2,2,0,0,0,0,0,6882,1112,2.2,3.6666666666666665,480,14,2,3,1,17
29391348,1411 Berene Ave,78721,"1953 bungalow style, pier and beam house on a large East Central Austin lot backing to a creek. Close to a 1/3 of an acre.  Detached 2 car garage.  Current zoning SF3 allows for an ADU(Accessory Dwelling Unit).  Water heater, roof, exterior paint all updated within last 5 years.  Ready for a remodel or tear down and build new.  Many new and expensive builds going up in this area.  Close proximity to downtown and airport. This is an estate sale. House sold As-Is",30.28084754943848,-97.68347930908205,2,FALSE,TRUE,FALSE,FALSE,Single Family,1953,320000,2020-07-14,7,2020,20,1,2,0,0,0,0,0,11761.2,816,2.1,3.333333333333333,635,13,1,2,1,67
29391346,4705 Wally Ave,78721,"Multiple offers, submit final and best Monday 12/8 by 11 am. Stunning, meticulously updated home in the heart of Austin's dynamic East Side. This 4 bed / 2 bath has an open kitchen/living concept with a sunken dining room and ""bonus"" room that opens onto a spacious outdoor deck. The home features a gourmet kitchen with quartz countertops, gas range and stainless steel appliances. Hardwood floors throughout the living spaces and bedrooms. Bathrooms and the large utility room are finished with designer tile. Don't miss the chance to put down roots one of Austin's fastest growing neighborhoods.",30.28086280822754,-97.68391418457033,2,FALSE,TRUE,TRUE,FALSE,Single Family,1961,560000,2021-01-08,1,2021,59,3,1,2,1,0,0,0,7361,1580,2.1,3.333333333333333,635,13,2,4,1,60
29388844,1153 Eastfield Ave,78721,"1153 Eastfield Ave, Austin, TX 78721 is a single family home that contains 818 sq ft and was built in 2007. It contains 2 bedrooms and 1 bathroom. 
 
The Zestimate for this house is $370,192. The Rent Zestimate for this home is $1,700/mo.",30.27684211730957,-97.68536376953124,1,FALSE,TRUE,FALSE,FALSE,Single Family,2007,350000,2020-07-24,7,2020,27,7,2,2,2,0,0,0,4138,818,2.1,3.333333333333333,635,13,1,2,1,13
29391343,4702 Ribbecke Ave,78721,"This home is a great investment property with an ideal location, large footprint and oversized lot.   Beginning with a stylish exterior, this 3 bed, 2 bath home features pride of ownership shows at every turn. There is a large backyard, nearly 400 sq ft deck and greenhouse that would be great for pets, gardening, or just relaxing.   The location is great, with easy access to IH-35, 183, downtown Austin, the airport, and major Austin employers.  The property is also within easy walking distance to Simms Elementary and many of Austin's hottest East Austin restaurants, parks and sights.",30.28025245666504,-97.684051513671875,2,FALSE,TRUE,FALSE,FALSE,Single Family,1955,300000,2018-09-07,9,2018,25,8,2,0,0,0,0,0,8842,1560,2.0666666666666664,3.333333333333333,635,13,2,3,1,63
29387985,1136 Richardine Ave,78721,"Close to all in the heart of East Austin with complete remodel on one of the larger lots in the area!   This home has been remodeled to include recent windows and air conditioner, metal roofing, full kitchen with cabinets, quartz countertops and ALL appliances included, newly painted in and out, new lighting, plumbing & more.  Enjoy the lazy days under the huge covered patio that runs the length of the home.  There are also rainwater collection tanks and a large yard for fun times with friends. See the full walkthrough video here on YouTube:  https://youtu.be/uKi9V6TaZa4",30.27042007446289,-97.68596649169922,1,FALSE,TRUE,FALSE,FALSE,Single Family,1955,359000,2020-05-20,5,2020,41,6,2,1,1,0,0,0,6098,846,1.2666666666666666,3,406,11,2,2,1,65
29390339,1311 Fort Branch Blvd,78721,"Brand New MX3 Modern Farmhouse! $5k buyers incentive toward closing costs and $5k agent bonus! Traditional MX3 homes design perfectly located near everything urban. Sealed concrete floors on 1st floor. Gunmetal hickory wood floors on stairs, loft and master. Neutral low-pile carpet in 2nd /3rd bedrooms. Silestone counters, SS appliances, soft white shaker cabinets in kitchen. Bonus room off of kitchen ideal for office or studio. 1 car garage. Deck and private yard. Sq footage approximate per builder.",30.27726745605469,-97.67987823486328,1,FALSE,TRUE,FALSE,FALSE,Single Family,2017,580990,2018-11-06,11,2018,35,4,2,0,0,0,0,0,5401,2154,2.2,3.6666666666666665,480,14,3,3,2,1
64502838,1612 Webberville Rd,78721,"Recently updated. Half acre lot with zoning SF3.  Great Investment opportunity. Approximately 10 min to Downtown. 8 Min from Muller and 5 min to Morris Williams Golf Course. 10 min walk to Springdale Park. Lots of new construction within walking distance, see photos for samples.",30.280784606933604,-97.67955780029295,6,FALSE,TRUE,FALSE,FALSE,Single Family,2003,270000,2018-07-07,7,2018,23,7,1,0,0,0,0,0,21780,1904,2.2666666666666666,3.333333333333333,635,13,3,5,1,15
29393338,4708 Carsonhill Dr,78723,"Charming House makes for a great investment property in this magical up and coming neighborhood, currently occupied by respectful caring tenants who would love to stay in they're home for years to come. The house has vaulted ceiling and ceiling fans through out. It has been kept up nicely yet still room for upgrades and opportunity to increase in rents based on area comps. Only a 10 minute or 4 mile drive to Downtown. Easy access to 183, I35, 130 tollway,  Walter E long Lake, Travis County Convention Center, Morris Williams Golf course, Mueller Shopping and lifestyles, Sahara Lounge, Austin Bouldering Project, coffee shops near by and so much more.",30.288555145263672,-97.676422119140625,2,FALSE,TRUE,FALSE,FALSE,Single Family,1985,148500,2019-10-31,10,2019,17,2,3,1,0,0,0,0,8189,1672,2.4333333333333336,3,719,15,2,3,2,34
29388838,1156 Nickols Ave,78721,"BOM with new upgrades!! Check out this charming mid-century remodel just minutes from Downtown! This house retains its historical charm with some of the finest new age updates. Beautiful white granite countertops, all new cabinets and backsplash with stainless steel appliances. Brand new windows throughout allow for lots of natural light. Large cozy corner lot with mature trees, privacy fence, and huge entertainers backyard. Short walk from neighborhood park. Warrantied foundation transfers to new owner.",30.276836395263672,-97.68498229980467,2,FALSE,TRUE,FALSE,TRUE,Single Family,1959,269000,2018-07-27,7,2018,13,4,2,0,0,0,0,0,6534,1202,2.1333333333333333,3.333333333333333,635,13,2,3,1,59
29390334,1235 Eleanor St,78721,"Own the best lot on the block! Fantastic backyard space with new fence, creek access and great green space. NO flooding or water issues during recent rains. Fully remodeled home with great ceiling height, huge open concept great room, updated bathrooms and new kitchen with quartz counter tops, new cabinets and appliances. No carpet anywhere in the house - all new tile and laminate floors throughout! Less than 5 miles to Downtown, UT or the hot Mueller development. Piping to street has been replaced w/ PVC",30.276222229003903,-97.6797866821289,0,FALSE,FALSE,FALSE,FALSE,Single Family,1940,329000,2018-11-22,11,2018,22,2,0,0,0,0,0,0,6926,978,2.2,3.6666666666666665,480,14,2,2,1,78
29392831,5115 Stone Gate Dr,78721,"Updated, move-in ready single story home with 1375 s.f. of interior living space plus 2 car garage and large backyard with deck. Plenty of modern, cosmetic updates throughout including upgraded kitchen offers a convenient, comfortable lifestyle. In addition, the very hard to find plumbing upgrade from cast-iron drain lines to PVC provides peace of mind. Only 2 miles to Mueller, 4 miles to UT and 5 miles to Downtown. Easy commute along MLK offers convenience to all that Austin has to offer.",30.28359413146973,-97.67623138427734,0,FALSE,FALSE,FALSE,FALSE,Single Family,1964,350000,2018-06-28,6,2018,22,7,1,0,0,0,0,0,7753,1375,2.433333333333333,3.333333333333333,635,13,2,3,1,54
241931829,1700 Perez St #B,78721,"Recently renovated unit in the heart of hot 78721. Rare 3br at this size and price, all bedrooms amply sized. Fab kitchen renovation features granite countertops, farm house sink and stainless steel appliances. Over-sized island / bar plus sunny dining area. 42"" upper cabinets + addtl glass front uppers to ceiling. French doors lead out to relaxing back porch + terraced, extensively landscaped yard and pergola. Full size laundry room. More traditional look and feel. Unusual 'tweener' size and price.",30.28244781494141,-97.69285583496094,1,TRUE,TRUE,FALSE,FALSE,Single Family,2016,414900,2020-07-06,7,2020,23,2,2,1,0,0,0,0,3702,1330,2.033333333333333,3.333333333333333,635,13,3,3,2,4
79980329,1210 Cometa St,78721,"Live, Work and Play in this modern home in East Austin located 2.5 miles from downtown. Relax in your backyard oasis, unwind in your covered patio and gather family and friends around the open kitchen and outdoor fire pit for endless fun. Stained concrete floors, stainless steel appliances, Nest thermostat, lots of natural light and more.  No homeowners association and prior owners even raised chickens in the fenced backyard.  This property has a Short Term License from the City of Austin through 02/16/2020.

Yes, this is a unique opportunity to purchase directly from the current home owners and the property is not currently listed on the MLS.  Ask your agent for a showing or contact owners directly by using the contact information provided.

Sellers are offering 2.5% buyers agent commission.",30.27934265136719,-97.69010925292967,2,FALSE,TRUE,FALSE,TRUE,Single Family,2008,490000,2020-03-19,3,2020,53,8,3,0,0,0,0,0,8363,2183,2.033333333333333,3.333333333333333,635,13,3,3,2,12
70326327,1131 Map St,78721,"Simply stunning modern home built by MJC Homes in East Austin. Modern design with designer finishes. High efficiency appliances. First floor sealed concrete floors with a wide open space for entertaining. Second floor hardwood flooring with master and guest bedrooms. Spacious walk-in closet with built-in storage. Electric security fencing in front of home and great location close to Springdale General, Givens Park, Springdale Park, and Mueller!",30.272518157958984,-97.69011688232422,1,FALSE,TRUE,FALSE,FALSE,Single Family,2017,429999,2018-05-25,5,2018,3,5,2,0,0,0,0,0,6316,1800,1.3999999999999997,3,406,11,3,3,2,1
29388827,1144 Mansell Ave,78721,Flat/open lot in East Austin ready for dev. Purchase includes architectural plans for A/B unit for the lot. Architect/Owner will work with buyer through the structural and site engineering process as part of the sale! New builds all around incl. one behind this lot!  Great opportunity for a quick start and perfect for investors and builders. Build now or hold and sell.  Buyer to verify info. Plans not engineered. Never occupied by owner.  Use caution if entering house. Bring all reasonable offers.,30.276708602905284,-97.68621063232422,1,FALSE,TRUE,FALSE,FALSE,Single Family,1948,245000,2018-03-21,3,2018,10,0,3,0,0,0,0,0,6795,672,2.1,3.333333333333333,635,13,1,2,3,70
70326325,4806 Mendoza Dr,78721,"Wonderful opportunity to live in Austin's desirable East side! Absolutely adorable home, upgraded, updated, newer construction. Quartz counters, subway tile backsplash, lots of cabinets, stainless appliances and wood laminate flooring. Master bedroom downstairs with walk in closet and full bath. 3 beds and one full bath upstairs. Relax in the private backyard with a custom stone patio & fire pit. Sellers averaged $6k/month on Airbnb",30.273548126220703,-97.6875991821289,2,FALSE,TRUE,FALSE,FALSE,Single Family,2005,449900,2020-08-21,8,2020,89,1,2,2,0,0,0,0,7535,1366,1.838295658649848,5.778694090331862,1237,15,2,4,2,15
29390325,1300 Delano St,78721,"Wonderful East Side Charmer - 10 Minutes to Down Town on backstreets.

3 BR/1 Bath
Clean & Comfortable
Fully Furnished 
BR1: Queen Bed
BR2: Queen Bed
BR3: 2 Twin Beds
LR: 2 pull out couches 1queen/1 Full
Kit: Fully Equipped
Large Fenced Yard
Pets ok w/ prior approval

No Dogs Allowed

(RLNE4580589)",30.27558708190918,-97.67909240722656,2,FALSE,TRUE,FALSE,FALSE,Single Family,1953,124900,2018-02-02,2,2018,1,5,2,0,0,0,0,0,7187,960,2.233333333333333,3.6666666666666665,480,14,1,3,1,65
29393324,5105 Bundyhill Cir,78723,"Central East Austin home located close to DT Austin with easy access to toll roads, the airport,Mueller, restaurants and major freeways. This light and bright 3 bedroom, 2 bath home has been freshly painted and carpeted and offers an opportunity to make this home your own with your specific design touches.",30.28715515136719,-97.67668151855467,2,FALSE,TRUE,FALSE,FALSE,Single Family,1985,330000,2020-10-22,10,2020,12,3,2,1,1,0,0,0,9670,1218,2.466666666666667,3,719,15,2,3,1,35
29391320,4605 Leslie Ave,78721,"COMING SOON! This is a great starter home or perfect for an investment. Homes in the area are being Renovated and flipped. Move in ready, original hardwood floors are in great condition. Large Backyard with detatched garage/tool shed.",30.28207397460937,-97.68448638916016,0,FALSE,FALSE,FALSE,FALSE,Single Family,1951,175000,2020-01-31,1,2020,17,2,2,0,0,0,0,0,6777,1320,2.066666666666667,3.333333333333333,635,13,2,3,1,69
29387983,1140 Richardine Ave,78721,"Charming East Austin bungalow has an urban vibe with many modern touches and great investment opportunity! Recently updated kitchen, bathroom, windows, refinished original hardwood floors, fresh interior paint, ceiling fans, water heater installed December 2019 and HVAC system installed September 2020. Just off of Springdale Road and within minutes of the Mueller Alamo Drafthouse, UT, Downtown, and Springdale Park.  The home is surrounded among majestic heritage Live Oaks, great for shade during hot Texas summers and privacy with a fully fenced backyard in the giant backyard. Older established neighborhood with many long time original owners.",30.27073860168457,-97.68592834472656,2,FALSE,TRUE,TRUE,FALSE,Single Family,1960,235000,2020-12-16,12,2020,54,3,3,0,0,0,0,0,6098,840,1.3,3,406,11,1,3,1,60
29391316,1809 Deloney St,78721,Location! Location! 2/2 in zip 78721! One house away from Morris Williams Golf Course. A great home for someone to make their very own! Bring your ideas!,30.28374290466309,-97.6936264038086,1,FALSE,TRUE,FALSE,FALSE,Single Family,1958,230000,2018-02-03,2,2018,8,1,2,0,0,0,0,0,6882,960,2.033333333333333,3.333333333333333,635,13,2,2,1,60
29392810,1708 Meander Dr,78721,"Exceptional opportunity to enjoy all this MakingModernHome remodeled East Austin Mid-Century Ranch has to offer. Located in vibrant East Austin near Mueller & Springdale amenities, Givens Park & plenty of redevelopment/remodels, there is nothing like this! Generous outdoor living space - elevated deck, low-maintenance fenced front yard, carport & extra parking! Sunlight filled & practical 3 bedroom, 2 bathroom floorplan is ready for entertaining as well as lounging :) Standing seam metal roof, central HVAC, electrical, plumbing, windows in past 3 years. Livable, lovable, and still affordable for close-in location. Owner/Agent.",30.28131675720215,-97.681915283203125,0,FALSE,FALSE,FALSE,FALSE,Single Family,1962,389900,2020-09-29,9,2020,40,5,1,0,0,0,0,0,7666,1026,2.1666666666666665,3.333333333333333,635,13,2,3,1,58
29391309,1707 Deloney St,78721,"This charming 3/2 in the heart of E. Austin is not to be missed! Step inside to a completely remodeled interior with gleaming wood laminate flooring, well-chosen wall colors and an abundance of natural light. Each room seamlessly flows into the next, creating the perfect entertaining space. You will fall in love with the impeccably designed kitchen with butcher block countertops, stainless appliances, subway tile backsplash and ample cabinet space for all of your cooking essentials. Great conversations will be had in the lovely dining room with a door that leads to a side yard patio. Feel relaxed from the moment you walk into your private owner's suite with 2 closets and an ensuite bath. The completely fenced backyard is ready for some fun with plenty of space to add a deck or a garden. Minutes to DT Austin and several fantastic restaurants and bars.",30.28278732299805,-97.69344329833984,2,FALSE,TRUE,TRUE,FALSE,Single Family,1997,425000,2020-11-09,11,2020,36,4,1,4,1,0,0,0,7230,1136,2,3.333333333333333,635,13,2,3,1,23
29390307,1319 Delano St,78721,"1319 Delano St, Austin, TX 78721 is a single family home that contains 1,176 sq ft and was built in 1972. It contains 3 bedrooms and 2 bathrooms. 
 
The Zestimate for this house is $372,426. The Rent Zestimate for this home is $1,800/mo.",30.27682876586914,-97.6790008544922,2,FALSE,TRUE,FALSE,FALSE,Single Family,1972,305000,2019-04-09,4,2019,25,2,2,0,0,0,0,0,6795,1176,2.2,3.6666666666666665,480,14,2,3,1,47
29387980,1146 Richardine Ave,78721,"BEING SOLD AS-IS. Incredible opportunity for an investor / builder looking to tear down and build a new home or remodel the existing property. Great lot and endless possibilities for your custom home! Super location in bustling East Austin and close to Boggy Creek Greenbelt, Springdale Neighborhood Park, tons of restaurants, shopping, nightlife and minutes to downtown Austin!",30.27119827270508,-97.6859359741211,4,FALSE,TRUE,FALSE,TRUE,Single Family,1963,199900,2019-11-15,11,2019,14,3,1,0,0,0,0,0,6098,748,1.3,3,406,11,1,3,1,56
29393304,5006 Heflin Ln,78721,"Investor/Developer Special ::: Per Survey Total Lot is 18,041sf (.41ac) w/ 3,861 Drainage Easement, yielding 14,180sf Usable (.33ac) ::: Perfect arrangement for ADU development",30.28441047668457,-97.6788558959961,0,FALSE,FALSE,FALSE,FALSE,Single Family,1950,235000,2018-04-14,4,2018,2,0,2,0,0,0,0,0,17859.6,1238,2.266666666666667,3.333333333333333,635,13,2,3,1,68
29392804,1600 Meander Dr,78721,"Stunning remodel with attention to detail. New roof, tankless gas water heater, low E windows, electrical, HVAC, LED lighting, SS appliances w/ 6-burner industrial range, quartz countertops, smart thermostat, doors, flooring, yard, and fence. Custom-made cabinets and barn doors and more. Large corner lot, no A/B units here. In the heart of East Austin, minutes from downtown, & no HOA. A must see! Agent/owner.",30.28019714355469,-97.680267333984375,1,FALSE,TRUE,FALSE,FALSE,Single Family,1962,426900,2020-07-24,7,2020,27,4,2,1,2,0,0,0,6185,1215,2.233333333333333,3.333333333333333,635,13,1,2,1,58
29392803,1602 Meander Dr,78721,"Tucked away from the street, this cozy space has the feel of privacy in an otherwise busy neighborhood. This home has 3 bedrooms, two bathrooms with the kitchen open to the living area. Minutes from downtown and Mueller. No backyard maintenance. NEW UPGRADES: Hardie Plank siding, Driveway and steps.  Easy show, 1 hr notice. Motivated Seller.",30.280351638793945,-97.68036651611328,1,FALSE,TRUE,FALSE,FALSE,Single Family,1963,229900,2019-10-25,10,2019,15,3,2,0,2,0,0,0,6969,1222,2.2,3.333333333333333,635,13,2,3,1,56
83832087,5007 Rob Scott St,78721,"5007 Rob Scott St, Austin, TX 78721 is a single family home that contains 1,732 sq ft and was built in 2017. It contains 3 bedrooms and 3 bathrooms. 
 
The Zestimate for this house is $642,298. The Rent Zestimate for this home is $1,895/mo.",30.281105041503903,-97.6800765991211,3,FALSE,TRUE,FALSE,FALSE,Single Family,2017,582000,2020-07-24,7,2020,34,9,2,3,2,0,1,0,5749,1732,2.2666666666666666,3.333333333333333,635,13,3,3,2,3
29392800,1608 Meander Dr,78721,"Located in desirable Springdale area!  Home was rebuilt from the studs in 2015 & is move-in ready! Thoughtful & tasteful updates /remodel that you don't want to miss! Tons of natural light flows throughout from the many large, oversize windows in the home. Open floor plan w/gorgeous kitchen & spacious bedrooms. Huge, private backyard w/ covered patio, attractive landscaping & tons of lawn area to entertain. Covered carport w/long driveway for addtl parking.Great location & just a short drive to DT Aust",30.28053855895996,-97.68085479736328,1,FALSE,TRUE,FALSE,FALSE,Single Family,1964,350000,2020-08-10,8,2020,27,3,2,1,0,0,0,0,6316,1000,2.2,3.333333333333333,635,13,1,3,1,56
29391476,5306 Downs Dr,78721,"This is an incredible home. Planning on renting it but will sell if price is right. Home has over $30,000 in upgrades. Stainless Appliances, Bamboo floors (in the entire house except tiled bathrooms), new interior paint , new foundation, new, landscaping, and more.",30.27984619140625,-97.67750549316406,0,FALSE,FALSE,FALSE,TRUE,Single Family,2002,315000,2019-05-31,5,2019,2,7,1,0,1,0,1,0,9250,1336,2.1666666666666665,3.6666666666666665,480,14,2,3,1,17
29388799,1185 Springdale Rd,78721,"Austin Downtown & Capitol Views from 1st, and 2nd floor. An artistic, contemporary, custom built home with many upgrades and new design and concept. Double Master (up and down) High ceiling on main floor & cathedral ceiling on second floor Loft. Lots of windows bringing natural light in. Catch the sunset from the front balcony or covered front porch overlooking the Austin skyline & the Capitol. Quick & easy drive, bike or Metro to the city. . Granite counters, tiled back splash, recessed lighting.",30.27842712402344,-97.68706512451172,1,FALSE,TRUE,FALSE,TRUE,Single Family,2014,375000,2018-04-22,4,2018,40,7,3,0,0,0,0,0,5445,1750,2.033333333333333,3.333333333333333,635,13,3,3,2,4
83830296,5210 Rob Scott St,78721,"5210 Rob Scott St, Austin, TX 78721 is a single family home that contains 2,272 sq ft and was built in 2018. It contains 4 bedrooms and 3 bathrooms. 
 
The Zestimate for this house is $623,537. The Rent Zestimate for this home is $2,800/mo.",30.28262710571289,-97.67894744873048,1,FALSE,TRUE,FALSE,FALSE,Single Family,2018,539999,2018-11-22,11,2018,30,5,3,0,0,0,0,0,8232,2272,2.3000000000000003,3.333333333333333,635,13,3,4,2,0
29388794,1148 Webberville Rd,78721,"Investors and Buyers looking for prime location on a half an acre in the growing East Austin, minutes away from Downtown,Airport,Mueller and UT,well bring your offer.Price only reflects land.",30.277080535888672,-97.6874008178711,0,FALSE,FALSE,FALSE,FALSE,Single Family,1935,125000,2018-06-14,6,2018,1,0,2,0,0,0,0,0,21344.4,488,2.033333333333333,3.333333333333333,635,13,1,2,3,83
80089292,5416 Rayburn Ln,78723,"Lovely Single Story Features a Covered Porch & Patio w/ a view, Open Concept in Living/Dining, Breakfast Bar & Private Master Ste. This is an Amazing Location-Easy Access to 183, 35, 71 & about 7min from the Airport, 5 miles from UT, 2 miles from Mueller Shopping Center & 11 miles from the Domain. For suburban living in E. Austin.",30.292280197143555,-97.668731689453125,0,TRUE,FALSE,FALSE,FALSE,Single Family,2007,315000,2018-12-17,12,2018,15,4,1,0,0,0,0,0,5183,1426,2.5666666666666664,3,719,15,2,3,1,11
80093790,5213 Hutchinson Dr,78723,"5213 Hutchinson Dr, Austin, TX 78723 is a single family home that contains 1,781 sq ft and was built in 2007. It contains 3 bedrooms and 3 bathrooms. 
 
The Zestimate for this house is $437,123. The Rent Zestimate for this home is $2,100/mo.",30.289974212646484,-97.6689224243164,0,TRUE,FALSE,FALSE,FALSE,Single Family,2007,159900,2019-07-15,7,2019,1,4,1,1,1,0,1,0,4704,1781,2.6,3,719,15,3,3,2,12
29391285,1600 Perez St,78721,"Fantastic development opportunity that will not last long. Matterport 3D tour available upon request. House is in good structural condition and livable. Minutes from Downtown Austin in sought after East Austin. Convenient to UT campus, endless entertainment and close to 35 and 183.",30.28178024291992,-97.69271087646484,2,FALSE,TRUE,FALSE,FALSE,Single Family,1972,1000000,2020-12-23,12,2020,18,0,3,0,0,0,0,0,20037.6,3126,2,3.333333333333333,635,13,5,5,1,48
29388969,1127 Nickols Ave,78721,2018 COMPLETED CONSTRUCTION ::: Vintage-Style 2-Story 3br 2.5ba 1694sqft *  * Bamboo Floors * Quartz Countertops * Nickel Hardware * Large Secondary Bedrooms * Window Seat * Bayed Master Suite * Formal Diningroom * Bayed Bkfst Nook * Stainless Appl * Kitchen Island * Gas Slide-In Range * Utility Room w/ Separate Exit * Full Length Covered Patio * Mature Oak Trees * Double Lot ::: Price reflects Including Adjacent Lot @ 4902 Santa Ann/combined .38 acres * Room for ADU (x2),30.274568557739247,-97.6858367919922,0,FALSE,FALSE,FALSE,FALSE,Single Family,2007,539900,2018-08-21,8,2018,26,3,0,0,0,0,0,0,16552.8,1694,2.1666666666666665,3.333333333333333,635,13,3,3,2,11
29396783,4806 Walden Cir,78723,"Renovated boho-modern home with large backyard. Open, inviting concept with high end encaustic tile throughout.  Minutes to Mueller Development and major freeways.  Sitting on over .23 acres of a quiet lot in sought after 78723, this home is perfect for someone who loves design, animals and the outdoors.",30.290298461914062,-97.67799377441406,0,FALSE,FALSE,FALSE,FALSE,Single Family,1999,399000,2019-09-03,9,2019,38,3,1,1,1,0,0,0,10367,1325,2.333333333333333,3,719,15,2,3,1,20
29396782,4808 Walden Cir,78723,"3 bedrooms 2 full baths; Well maintained, light-bright single story homesBamboo floors and carpet in bedrooms only throughout many living areas.all appliances in home stay. large size lot. No HOA.",30.290462493896484,-97.67810821533205,2,FALSE,TRUE,FALSE,TRUE,Single Family,1999,400000,2020-03-18,3,2020,21,4,2,0,2,0,1,0,14374.8,1548,2.333333333333333,3,719,15,2,3,1,21
29388214,1123 Lott Ave,78721,"Contemporary design by Paradisa Homes sits on one of the most private, oversized lots in east Austin. Wide open floor plan, strategically designed for the entertainer with first-floor master suite and 2nd living loft area. Enjoy the privacy on the covered back patio with no rear neighbors, ideal for quiet evenings or intimate gatherings. Wide plank oak flooring throughout, gourmet kitchen with custom built cabinets and quartz countertops. Well planned window placement floods the home with natural light.",30.272144317626964,-97.6811981201172,2,FALSE,TRUE,FALSE,TRUE,Single Family,2017,579000,2018-03-09,3,2018,78,7,2,0,0,0,0,0,12196.8,2355,1.4666666666666668,3,406,11,3,3,2,1
83817468,5204 Rob Scott St,78721,"This home was designed for a buyer looking for environmentally friendly features & energy efficiency. It features soaring ceilings & open sight lines. Main floor boasts a master and great room, covered porches and attached garage - all in a compact footprint. The architect thoughtfully laid out the design to minimize hallways and utilize square footage within the usable spaces. No HOA fees, with all the perks of living in a new subdivision that is minutes from downtown. Available Now.",30.282325744628903,-97.67912292480467,1,FALSE,TRUE,FALSE,FALSE,Single Family,2020,549000,2020-03-10,3,2020,23,5,2,2,0,0,0,0,5749,1737,2.3000000000000003,3.333333333333333,635,13,3,3,2,0
29387968,4700 Tanney St,78721,"Fantastic remodel in highly sought after location just minutes from downtown or Mueller area. This home features 4 bedrooms and 3 full baths. Perfect layout for roommates or additional rental income with separate entrance and split bedroom plan. This remodel includes flooring, lighting, electrical, plumbing which includes a tankless water heater. New cabinets in the kitchen and baths include quartz counter tops and modern sinks. There are too many features to list here. Go see it before it is gone!",30.272674560546875,-97.689117431640625,3,FALSE,TRUE,FALSE,FALSE,Single Family,1957,429900,2020-04-07,4,2020,39,8,3,0,1,0,0,0,6838,1646,1.3666666666666665,3,406,11,3,4,1,63
29396776,4808 Single Shot Cir,78723,Nicely remodeled home in a great location. All appliances convey. Please contact owner with all inquiries including showings and offers.,30.29083824157715,-97.6770248413086,2,FALSE,TRUE,FALSE,FALSE,Single Family,1998,400000,2020-06-24,6,2020,12,4,2,1,1,0,0,0,7187,1249,2.3666666666666667,3,719,15,2,3,1,22
29393268,4708 Heflin Ln,78721,"FOR RESIDENTIAL USE, OWNER WOULD NEED TO DOWN ZONE TO GR MU (recommended in Neighborhood Plan). CURRENTLY GR COMMUNITY COMMERCIAL ZONING: allows general restaurant, food prep/sale, bed and breakfast, private school, club/lodge, church, art workshop, art gallery, funeral services, office, plant nursery, and many more! (Buyer to confirm usage with City of Austin.)  This 1925 building has had a recent redo (all architectural plans and permits available) and is now ready for finish out. 2194 sqft of permitted space. The attic is enormous with high ceilings (approximately 1700 sqft) and could be finished out as livable permitted space with the city by the new owner, making usable space 3894. Large .34/acre lot- add a garage? Pool? Garden seating area? Whatever your plan, there's lots of space!",30.28537559509277,-97.68064880371094,2,FALSE,TRUE,TRUE,FALSE,Single Family,1925,750000,2020-12-03,12,2020,46,0,2,3,0,0,0,0,14810.4,3894,2.2333333333333334,3.333333333333333,635,13,3,3,1,95
29390274,1405 Marcus Pl,78721,"1405 Marcus Pl, Austin, TX 78721 is a single family home that contains 840 sq ft and was built in 1965. It contains 3 bedrooms and 1 bathroom. 
 
The Zestimate for this house is $274,278. The Rent Zestimate for this home is $1,600/mo.",30.28122138977051,-97.68670654296876,1,FALSE,TRUE,FALSE,FALSE,Single Family,1965,285000,2018-09-21,9,2018,18,1,2,0,0,0,0,0,6534,840,2,3.333333333333333,635,13,1,3,1,53
29396639,3305 Pecan Springs Rd,78723,"Near Mueller Developement, Morris Williams Golf Coarse. Zoned SF3, for Duplex, and more. Great bones.  Nice large lot. Large Concrete drive for multi car setup.  House ready for remodel, no sheetrock inside. As is, Great bones, nice wood floors. Garage with 9 foot doors. Rear patio, and walkway. Ready for remodel.",30.2910099029541,-97.68254089355467,6,FALSE,TRUE,FALSE,FALSE,Single Family,1952,285000,2020-01-28,1,2020,2,9,3,2,0,0,1,0,12632.4,1919,2.6333333333333333,5,966,15,2,3,1,68
29392771,4805 Filey Cv,78721,"4805 Filey Cv, Austin, TX 78721 is a single family home that contains 864 sq ft and was built in 1961. It contains 3 bedrooms and 1 bathroom. 
 
The Zestimate for this house is $406,790. The Rent Zestimate for this home is $1,750/mo.",30.28162384033203,-97.68128967285156,2,FALSE,TRUE,FALSE,TRUE,Single Family,1961,79000,2019-07-29,7,2019,1,5,3,1,1,0,0,0,6098,864,2.1666666666666665,3.333333333333333,635,13,1,3,1,58
79976769,5308 Krueger Ln,78723,"Come snag this deal, great location with a great price.  The curb appeal and outdoor spaces have been upgraded and will be great for entertaining and animals. The back porch has a covered gazebo and a zeroscaped dog play area, private fenced landscaped backyard with a dog window. Cant beat the location, 10 minutes to UT and downtown, 8 minutes to Mueller and 15 min to airport, Domain, COTA, Mc Kinney Falls etc.  Upgrades include, sprinkler system, alarm system with smart doorbell and side gate camera.",30.29069709777832,-97.66802215576172,3,TRUE,TRUE,FALSE,FALSE,Single Family,2007,255000,2018-09-28,9,2018,28,8,3,0,0,0,0,0,4704,828,2.6333333333333333,3,719,15,1,2,1,11
29390269,1404 Marcus Pl,78721,"1404 Marcus Pl, Austin, TX 78721 is a single family home that contains 840 sq ft and was built in 1965. It contains 3 bedrooms and 2 bathrooms. 
 
The Zestimate for this house is $412,653. The Rent Zestimate for this home is $1,850/mo.",30.281198501586925,-97.6874008178711,1,FALSE,TRUE,FALSE,FALSE,Single Family,1965,210000,2020-03-26,3,2020,4,0,3,0,0,0,0,0,6838,840,2,3.333333333333333,635,13,2,3,2,55
251036767,1920 Bunche Rd,78721,"Rivendale Homes pride themselves on the quality of materials used and attention to detail in our homes. We focus on Green Features like Hardi Siding & Trim, WiFi Thermostats, Trane HVAC Systems, and Upgraded Insulation for energy efficiency. Other detailed finishes include Hardwood Stairs, Custom Cabinetry, Metal Handrails, Stained Concrete Floors, Schlage Entry Hardware, Delta Fixtures, and Sherwin Williams paints. Homes in this community also include Samsung Appliances, a privacy fence, and a Home Warranty Protection.",30.28106117248535,-97.6749038696289,1,TRUE,TRUE,FALSE,TRUE,Single Family,2020,497990,2020-04-08,4,2020,3,3,2,0,1,0,0,0,6072,1589,2.1666666666666665,3.6666666666666665,480,14,3,3,2,0
29396767,5100 Single Shot Cir,78723,"Location, location, location! Two-story East Austin gem. Corner lot with an oversized backyard and garden. Fresh exterior paint, updated with granite counters, flooring, lighting fixtures, and stainless steel appliances. Minutes away from downtown and to Mueller development. Has solar panels and is a must see.",30.29221343994141,-97.67656707763672,2,FALSE,TRUE,TRUE,FALSE,Single Family,1986,399999,2020-11-17,11,2020,34,1,2,0,1,0,0,0,7535,1350,2.333333333333333,3,719,15,3,3,2,34
29392766,4800 Filey Cv,78721,"Remodeled beautiful mid-century home located in Hot East Austin. This 3 bedroom, 1 bath on a large corner lot is loaded with modern features with recent electrical, plumbing, floors, cabinets, insulation, roofing, HVAC, stainless appliances and the list goes on. Minutes to downtown and the Mueller/51st street area. See it before it is too late!",30.28207588195801,-97.6816177368164,1,FALSE,TRUE,FALSE,TRUE,Single Family,1963,295000,2018-10-09,10,2018,28,4,2,0,0,0,0,0,6926,1014,2.1666666666666665,3.333333333333333,635,13,1,3,1,55
29396765,5104 Single Shot Cir,78723,"Beautifully updated and remodeled home in fantastic location minutes from downtown!  This home was stripped to the studs and rebuilt.  Upgrades include new roof, new low E windows, new exterior siding, high-quality laminate wood flooring throughout living areas and bedrooms.  Kitchen boasts 42"" white cabinets with stylish subway backsplash and new appliances.  Master bathroom outfitted with gorgeous quartz vanity and walk-in shower.  Secondary bathroom with designer floor tile. New HVAC system.",30.291902542114247,-97.6767578125,0,FALSE,FALSE,FALSE,FALSE,Single Family,1986,325000,2018-05-04,5,2018,20,4,1,0,0,0,0,0,6795,1127,2.333333333333333,3,719,15,2,3,1,32
29391264,3914 E 16th St,78721,"Very well-taken care of 3 bed/2 bath home.  Brand new faux wood laminate in living, halls, & beds.  Brand new paint, fixtures, door hardware & front/back doors. Appliances convey. Large, covered, screened rock patio with fan in back and large, long, covered porch in front.  Two large, beautiful trees in huge back yard.  Gate on one side large enough to pull car/trailer into back yard.  Zoned SF3, but up to buyer to do due diligence for any sort of second unit. Super low utilities.  Great location - close to UT shuttle, Metro & Rail, shopping & dining in Mueller.",30.28194046020508,-97.69005584716795,0,FALSE,FALSE,FALSE,FALSE,Single Family,2002,359000,2019-10-31,10,2019,28,7,0,2,1,0,1,0,9931,1156,2,3.333333333333333,635,13,2,3,1,17
29396760,5114 Single Shot Cir,78723,"Recently remodeled 3 Bedroom 2 Bath house. All recent fixtures and open floor plan. Private fenced backyard. Centrally located, close to mueller.",30.29120635986328,-97.67748260498048,1,FALSE,TRUE,FALSE,TRUE,Single Family,1999,249900,2018-04-30,4,2018,13,2,2,0,0,0,0,0,7666,1028,2.3000000000000003,3,719,15,2,3,1,19
29392758,4801 Bandera Rd,78721,"Newly remodeled home in the popular Central East Austin area!  Completely remodeled down to the studs with an open floor concept and plenty of natural light.  Features a master suite, 2 additional bedrooms, and an additional full bath.  Just 4 minutes away from Mueller Town Center District and a couple of blocks from Morris Williams Golf Course.  Convenient to Downtown Austin and much more!",30.28265380859375,-97.68131256103516,0,FALSE,FALSE,FALSE,FALSE,Single Family,1961,439900,2019-12-24,12,2019,30,1,1,1,0,0,0,0,7100,1352,2.1666666666666665,3.333333333333333,635,13,2,3,1,58
29391258,1604 Astor Pl,78721,"Gorgeous Grant Park COMPLETE REMODEL - DOWN TO THE STUDS - on a FANTASTIC TREE LINED street. Convenient yet secluded pocket close to everything East Austin!!  GORGEOUS ACACIA Hardwood floors, quartz countertops, sprinkler system.  Two story ranch 4/2.5 and separate office!!!  Open floor plan with multiple living spaces and enclosed porch with views of stream from your back yard.  Freshly landscaped with two car garage, this home has it all!  Upstairs master bed/bath with GIANT walk in shower.",30.282886505126964,-97.68861389160156,2,FALSE,TRUE,FALSE,FALSE,Single Family,1963,575000,2018-12-05,12,2018,29,3,2,0,0,0,0,0,9365,2348,2.033333333333333,3.333333333333333,635,13,3,4,2,55
29392757,1717 Adina St,78721,"1717 Adina St, Austin, TX 78721 is a single family home that contains 891 sq ft and was built in 1971. It contains 3 bedrooms and 1 bathroom. 
 
The Zestimate for this house is $398,787. The Rent Zestimate for this home is $1,750/mo.",30.28190422058105,-97.6799545288086,1,FALSE,TRUE,FALSE,TRUE,Single Family,1971,333900,2018-12-21,12,2018,32,4,3,0,0,0,0,0,5820,891,2.2333333333333334,3.333333333333333,635,13,1,3,1,47
29391249,4101 Monticello Cir,78721,"Beautifully remodeled mid-century home with vaulted ceilings. Large trees on the property. This house is ready to call home! Completed in June 2020. 4 beds / 2.5 baths. The sequestered master has a walk-in closet and bath with double vanity & large walk-in shower. 3 additional bedrooms - one with French doors to the large back yard deck would be a great home office. New privacy fence, HVAC, HW heater, siding and windows. Large remodeled kitchen has Quartz counters,  SS appliances and walk-in pantry.",30.283409118652344,-97.68904876708984,2,FALSE,TRUE,FALSE,FALSE,Single Family,1963,479000,2020-09-10,9,2020,56,5,2,2,1,0,0,0,10764,1604,2,3.333333333333333,635,13,3,4,1,57
29392748,1801 Adina St,78721,"1801 Adina St, Austin, TX 78721 is a single family home that contains 840 sq ft and was built in 1963. It contains 2 bedrooms and 2 bathrooms. 
 
The Zestimate for this house is $321,372. The Rent Zestimate for this home is $1,650/mo.",30.282264709472656,-97.67974090576172,0,FALSE,FALSE,FALSE,TRUE,Single Family,1963,160000,2019-11-25,11,2019,1,3,0,0,0,0,0,0,5662,840,2.2333333333333334,3.333333333333333,635,13,2,2,1,56
70326461,1405 Luna St,78721,"Great Modern 3/2.5 house in East Austin, original owners, custom built in 2007 by Central City Builders. Large loft like open living/dining/kitchen layout with high ceilings. Large, private fenced lot overlooking canal/creek, front courtyard and upstairs roof deck. Master Suite upstairs with walk in shower, separate jetted tub and large walk in closet. Separate 2 car garage for added space/storage in front adding additional privacy. On a quiet street just south of Mueller neighborhood, close and easy access to everything downtown and central Austin has to offer. Single-family home with no HOA.",30.28074073791504,-97.69093322753906,0,FALSE,FALSE,FALSE,FALSE,Single Family,2007,499900,2018-03-18,3,2018,23,4,1,0,0,0,0,0,8106,1763,2,3.333333333333333,635,13,2.5,3,2,11
29387961,4804 Tanney St,78721,"Pre-inspected.Remodeled and upgraded 1950 style  East Austin home on a .16 Acre lot zoned SF3.  Beautiful original  hardwood floors, double pane windows, standing seem metal room & quality updates through out. Up to 40k in updates. Spacious open backyard. Recently painted, landscaped, and ready to view!",30.272159576416016,-97.6880340576172,0,FALSE,FALSE,FALSE,FALSE,Single Family,1954,350000,2020-07-10,7,2020,26,6,2,0,0,0,0,0,6987,864,1.3666666666666665,3,406,11,1,3,1,66
2077965459,1135 Mansell Ave #B,78721,"You won't want to miss this beautiful build by Cedar & Oak Homes! This B unit enters on Louis Ave & lives like a single family home! Gorgeous open floorplan & 15' ceilings create spaciousness & plenty of natural light. Kitchen features stainless steel appliances, quartz countertops & custom cabinetry w/ white oak door fronts for a stylish touch. Custom steel railing leads upstairs -both bedrooms have full ensuite & private cedar balcony. Private yard surrounded by 6' cedar fencing",30.27562141418457,-97.68627166748048,1,FALSE,TRUE,TRUE,FALSE,Single Family,2020,439000,2020-10-30,10,2020,62,1,1,0,0,0,0,0,5924,1139,2.1,3.333333333333333,635,13,3,2,1,0
29391240,1802 Victoria Dr,78721,"1802 Victoria Dr, Austin, TX 78721 is a single family home that contains 1,325 sq ft and was built in 1962. It contains 2 bedrooms and 2 bathrooms. 
 
The Zestimate for this house is $423,939. The Rent Zestimate for this home is $2,000/mo.",30.2838191986084,-97.68981170654295,1,FALSE,TRUE,FALSE,FALSE,Single Family,1962,384000,2018-03-16,3,2018,54,5,2,0,0,0,0,0,13503.6,1325,2.033333333333333,3.333333333333333,635,13,2,2,1,56
124838239,1160 Nickols Ave #B,78721,"Modern detached condo w/ concrete and bamboo floors, granite counters and stainless-steel appliances. Large windows provide lots of natural light. Both bedrooms have full en-suite baths. Large fenced yard and attached 1 car garage. Less than 4 miles from Downtown and even closer to the best East Side restaurants and bars. Easy access to the airport via 183. Owner-Agent willing to provide video showings. TXR MODEL COVID-19 CERTIFICATION FOR PROPERTY ACCESS FORM REQUIRED PRIOR TO ALL SHOWINGS.",30.277204513549805,-97.6847915649414,1,FALSE,TRUE,FALSE,FALSE,Single Family,2014,349000,2020-06-04,6,2020,23,4,2,1,2,0,1,0,2962,878,2.1,3.333333333333333,635,13,3,2,2,6
144237737,5212 Delores Ave,78721,"Architecturally innovative, Noah Riley designed, high efficiency 5 Star Rated new construction home in the heart of East Austin 15 minutes to downtown.  Highlights include solar, LED lighting, tankless, argon double pane windows, Zero VOC paint, SIPS exterior, rain water collection system and xeriscaping. Interior showcases abundant natural light, sleek stainless and roof top deck with stunning views. Low taxes. No HOA. All this plus close to Mueller amenities, parks, shopping and dining. Truly a rare gem",30.27374267578125,-97.68220520019533,2,FALSE,TRUE,FALSE,FALSE,Single Family,2018,498000,2018-12-29,12,2018,18,0,2,0,0,0,0,0,6969,1534,2.266666666666667,3.333333333333333,635,13,3,3,2,0
83123737,5004 Delores Ave,78721,"Architecturally innovative, eco-friendly home! Austin energy 5 star rated, great for entertaining, new native landscaping, very light and open, spacious kitchen with low noise appliances, Bosch d/w,engineered foundation,solar powered and LED outside lighting, gorgeous tiled baths, recent interior paint, bamboo flooring and tall ceiling in living room, low e windows, custom shades, tons of storage, large front porch, nice deck, no one behind lot, very convenient location, property goes beyond rear fence,Shows great!",30.27512359619141,-97.6839599609375,0,FALSE,FALSE,FALSE,FALSE,Single Family,2007,375000,2018-09-27,9,2018,21,1,0,0,0,0,0,0,6098,1413,2.2,3.333333333333333,635,13,2,2,1,11
144237736,5214 Delores Ave,78721,"Architecturally innovative design by award winning Architects at Noah Riley, high efficiency 5-Star rated new construction home in the heart of East Austin just 15 minutes from Downtown! This modern 2-story 3BD/2.5BA home offers 1,778 square feet of living space with (3) solar options to choose from (please inquire for more info on these options), LED lighting, argon double-paned windows, Zero VOC paint, SIPS exterior, rainwater collection system, xeriscaped front yard with water feature, and a 700 sq. ft. rooftop deck with incredible views! Interior showcases abundant natural light, hardwood floors (2-HR fireproof rating), and beautiful accent wall located above the sleek floating staircase. The kitchen is complete with black MGO (Magnesium Oxide) countertops and all stainless-steel appliances, including a 5-burner gas range with vent hood. All 3 bedrooms are on the main floor, each with great natural lighting, no carpet, and LED recessed lighting. The office acts as a study or a bedroom complete with a pull-out bed perfect for guests. All of the bathrooms are finished with contemporary fixtures, vessel sinks, and custom tilework. Large hillside lot with a firepit, lots of trees for privacy, and creek at the base. Low taxes. No HOA. Ample storage throughout, including a convertible basement area. All this plus close to Mueller amenities, Givens District Park, Morris Williams Golf Course, shopping, dining, and with easy access to HWY 183. A DEFINITE must see! Follow this link here www.nusonianaustin.com for additional photos and a more personalized story of the home",30.27375411987305,-97.68204498291016,4,FALSE,TRUE,FALSE,TRUE,Single Family,2020,580000,2020-09-04,9,2020,75,4,4,0,2,0,0,0,7728,1778,2.3000000000000003,3.333333333333333,635,13,3,3,2,0
29390234,1301 Luna St,78721,"Foreclosure Fixer Upper!! 2 Bedroom, 1 Bathroom on a Large East Austin Lot .187. The area has numerous new properties on the street and this one is ready to join them. Sold ""as is, where is"". This one won't last!",30.2795352935791,-97.69068908691406,0,FALSE,FALSE,FALSE,FALSE,Single Family,1940,240000,2020-01-22,1,2020,13,0,0,0,0,0,0,0,8145,720,2.033333333333333,3.333333333333333,635,13,1,2,1,80
29392733,4704 Bandera Rd,78721,"Charming 2 bedroom East Austin home, short drive to Mueller, UT campus, downtown and the airport. Value-priced, this home features numerous updates including hand scraped maple flooring, stainless look appliances, original wood floors in bedrooms, artsy touches, and a spacious backyard for entertaining. Home energy efficiency improvements include double pane windows and detailed weatherization.",30.28354835510254,-97.68218994140624,2,FALSE,TRUE,FALSE,FALSE,Single Family,1960,375000,2020-12-11,12,2020,47,6,3,2,1,0,0,0,5662,720,2.1333333333333333,3.333333333333333,635,13,1,2,1,60
29387076,5203 Ledesma Rd,78721,"Spacious corner lot w/completely remodeled 3 bed home w/guest house for AirBnB or mother-in-law studio. Main house 1444sf. Guest house 450sf. One year old roof on both. This hidden gem is nestled in the booming are of happening East Austin. Low maintenance yard features 2 separate driveways for ample parking w/secured automatic gates. Gorgeous fence provides plenty of privacy. Minutes to popular east side bars & restaurants, 5 minutes to downtown, Google, & Oracle. 10 minutes to UT campus & Facebook. 15 minutes to Austin airport!",30.27165985107422,-97.6854019165039,4,FALSE,TRUE,TRUE,FALSE,Single Family,1983,749000,2021-01-15,1,2021,41,4,3,2,2,0,0,0,9147,1894,1.3333333333333333,3,406,11,3,4,1,38
29392497,1801 Temple Dr,78721,"1801 Temple Dr, Austin, TX 78721 is a single family home that contains 1,352 sq ft and was built in 1958. It contains 3 bedrooms and 2 bathrooms. 
 
The Zestimate for this house is $472,136. The Rent Zestimate for this home is $2,145/mo.",30.28420066833496,-97.68781280517578,0,FALSE,FALSE,FALSE,FALSE,Single Family,1958,410000,2019-07-31,7,2019,2,4,2,1,0,0,0,0,11325.6,1352,2.033333333333333,3.333333333333333,635,13,2,3,1,61
29388728,3605 Grant St,78721,"3605 Grant St, Austin, TX 78721 is a single family home that contains 1,145 sq ft and was built in 1958. It contains 3 bedrooms and 2 bathrooms. 
 
The Zestimate for this house is $319,995. The Rent Zestimate for this home is $1,700/mo.",30.27681541442871,-97.69368743896484,0,FALSE,FALSE,FALSE,FALSE,Single Family,1958,270000,2020-04-17,4,2020,1,3,0,2,1,0,0,0,9278,1145,2.066666666666667,3.333333333333333,635,13,2,3,1,62
2091533727,1126 Ebert Ave,78721,"This charming 3 bedroom cottage is locted in the heart of Austin. Curl up with a good book in this cozy, perfectly located, little piece of Central Texas. Recent remodel includes : complete HVAC, roof, water heater, lighting, windows, bathroom, fans, flooring, interior paint, exterior siding, kitchen cabinets, appliances and counters.  Garage, private driveway, sod and sprinklers installed in 2018.  Additional remodels are underway. Schedule a private showing today.",30.26990509033203,-97.68697357177734,1,FALSE,TRUE,FALSE,FALSE,Single Family,1967,309990,2019-04-15,4,2019,22,1,2,0,0,0,0,0,7710,1172,1.3,3,406,11,1,3,1,52
29395227,4814 Broadhill Dr,78723,Priced $56K under appraised value! Prime location just minutes from UT campus and downtown Austin. Near tons of local restaurants and shops. The spacious living room has plenty of space to host and entertain guests. Decent size kitchen with room for a formal dining area. Huge back yard with a covered porch attached to the house. Don't miss out on the opportunity to own in upcoming East Austin!,30.28993225097656,-97.6746063232422,2,FALSE,TRUE,FALSE,FALSE,Single Family,1971,469900,2019-06-07,6,2019,29,3,2,0,0,0,0,0,8712,1779,2.4,3,719,15,2,4,1,48
29390226,1208 Luna St,78721,"Likely tear down. New construction opportunity, value is in the land. Lots of new development around, this property is also located in an Opportunity Zone",30.27902412414551,-97.69120025634766,0,FALSE,FALSE,FALSE,FALSE,Single Family,1958,250000,2019-08-05,8,2019,19,0,0,0,0,0,0,0,6534,624,2,3.333333333333333,635,13,1,2,1,61
29396723,4811 Single Shot Cir,78723,"EXCEPTIONAL opportunity in East Austin! Easy access to 183, tollways, Airport, Downtown and Mueller. Favorable tax rate. Survey and T-47 available. New paint inside and out. 5 miles from UT/DT. Feels bigger than sqft.",30.29052352905273,-97.6766357421875,2,FALSE,TRUE,FALSE,FALSE,Single Family,1998,385000,2020-11-05,11,2020,26,3,2,2,0,0,0,0,7361,1317,2.4,3,719,15,2,3,1,22
29395222,4906 Broadhill Dr,78723,"Majestic home in Red hot East Austin. Located in the Springdale Hills neighborhood, she is just minutes from downtown Austin, University of Texas, HTU, and 6th street... practically the heart of the city. Recently updated, with a little fine tuning, it will be perfect. Additional room added by previous owner adds more square footage.",30.290786743164062,-97.67407989501952,0,FALSE,FALSE,FALSE,FALSE,Single Family,1971,295000,2019-04-03,4,2019,1,2,1,0,0,0,0,0,8712,1325,2.433333333333333,3,719,15,2,3,1,48
144968221,1310 Deloney St,78721,"Incredible 3 bedroom, 2.5 bath home on spacious fenced lot with gorgeous trees in the heart of all the action but still a private oasis! Open kitchen has sparkling Carrerra marble countertops, recessed lighting, a dining area & doors that open to your private patio. Living room has lots of natural light and a spectacular, wood burning fireplace. Upstairs you have the master with it's private bath & 2 spacious secondary bedrooms and another full bath. No carpet in this home - concrete down & hardwood up!",30.279964447021484,-97.69332122802734,0,FALSE,FALSE,FALSE,FALSE,Single Family,2016,475000,2018-03-23,3,2018,27,3,0,0,0,0,0,0,7013,1594,2.033333333333333,3.333333333333333,635,13,3,3,2,2
29395220,4910 Broadhill Dr,78723,"Nestled on a quiet street lined with mature trees, just moments from Mueller, UT and downtown ATX, this charming Broadhill beauty features nearly 1,200 SF of living space with updates & upgrades galore! Dazzling white kitchen boasts granite countertops, glass subway tile backsplash, white cabinetry with built-in pantry, new stainless steel appliances, contemporary fixtures, wood-like laminate plank floors/hard tile , updated bathroom vanity, brushed aluminum fixtures & more!",30.29107093811035,-97.67382049560548,0,FALSE,FALSE,FALSE,FALSE,Single Family,1971,309900,2018-11-01,11,2018,26,3,1,0,0,0,0,0,8712,1164,2.433333333333333,3,719,15,1,3,1,47
29391456,5203 Samuel Huston Ave,78721,"House newly remolded including kitchen and bathroom.
Fenced in front and back yard.
Large back porch.
Close to public transportation.

Renter pays for all utilities. No smoking. Residential use only. 
Shorter than one year lease negotiable.
Pets negotiable.",30.281360626220703,-97.6775360107422,0,FALSE,FALSE,FALSE,FALSE,Single Family,1959,349900,2020-09-08,9,2020,26,6,1,0,0,0,0,0,7666,840,2.1333333333333333,3.6666666666666665,480,14,1,3,1,61
83830217,1409 Luna St,78721,"Amazing one story 2 bed / 2 bath / 1 office home in the Eastside of Austin.  Open floor plan with tall ceilings and abundant natural light.  Kitchen has granite counter tops, stainless steel appliances, and hydraulic closing cabinets.   The Master bath has double vanity, jetted tub, walk-in closet with built-ins, and a walk-in shower.   Xeriscaped backyard keeping yard maintenance to a minimum.  The Interior and exterior of the home just painted.  New roof to be installed before closing.Restrictions: Yes  Sprinkler Sys:Yes",30.281007766723643,-97.69099426269533,1,FALSE,TRUE,FALSE,TRUE,Single Family,2007,480000,2020-09-16,9,2020,49,4,3,1,3,0,0,0,8232,1440,2,3.333333333333333,635,13,2,2,1,13
29392717,4711 Oak Cliff Dr,78721,"4 miles from Downtown Austin! This beautiful oasis has SS appliances, designer fixtures, soft-close cabinets, barn doors and fabulously appointed bedrooms and bathrooms sure to delight the most particular of buyers. Bring offers soon, this one won't last!",30.283620834350582,-97.68158721923828,1,FALSE,TRUE,FALSE,FALSE,Single Family,1960,375000,2020-01-13,1,2020,62,2,2,0,2,0,0,0,6577,1300,2.2,3.333333333333333,635,13,2,3,1,60
29391455,5506 Samuel Huston Ave,78721,"Quintessential East Austin Cottage with welcoming front porch. It is oozing with creative touches including original restored solid wood floors, hard tile, recessed lighting, and updated baths. It boasts a modern gourmet kitchen with granite counter tops, stainless steel appliances and beautiful backsplash. Great home to entertain inside or out with a large deck and spacious backyard. Location can't be beat with close proximity to Mueller, east Side and downtown.",30.28007507324219,-97.6748504638672,0,FALSE,FALSE,FALSE,FALSE,Single Family,1960,350000,2018-10-13,10,2018,15,4,0,0,0,0,0,0,13503.6,997,2.1,3.6666666666666665,480,14,2,3,1,58
29395214,4608 Broadhill Dr,78723,"Renovated home sitting on a no-through traffic street.  Large lot with 2 full baths, utility room and a 2 car garage.  5 miles to DT and UT and close to all major freeways.  Tons of upgrades, including: new roof, energy efficient windows, doors, kitchen & baths, gutters, flooring, HVAC, encaustic tile throughout.",30.28742408752441,-97.67613220214844,0,FALSE,FALSE,FALSE,FALSE,Single Family,1971,375000,2018-11-30,11,2018,34,2,1,0,0,0,0,0,8755,1344,2.5,3,719,15,2,3,1,47
29392713,4703 Oak Cliff Dr,78721,"PRICE IMPROVEMENT! Nicely updated home under 300k in Austin's hip east side. Close to downtown, Mueller, and all the east Austin has to offer. Updated bathroom and kitchen with new appliances. Carport converted to add additional square footage not recorded in tax records. Nice size fenced yard, perfect for entertaining.",30.283945083618164,-97.68212890625,0,FALSE,FALSE,FALSE,FALSE,Single Family,1960,292999,2019-03-07,3,2019,14,1,1,0,0,0,0,0,5662,960,2.2,3.333333333333333,635,13,1,3,1,59
29395211,4704 Broadhill Dr,78723,"Absolute must see!! Amazing remodel, perfect for your family. One of the best price homes in all the area. Everything has been redone.....Roof, AC, Kitchen, Baths.....Everything!!!",30.28793525695801,-97.67581939697266,2,FALSE,TRUE,FALSE,FALSE,Single Family,1971,510000,2018-02-21,2,2018,25,4,3,0,0,0,0,0,8712,2400,2.4333333333333336,3,719,15,4,4,2,47
29392710,4611 Oak Cliff Dr,78721,Fully remodeled home located under 15 minutes from downtown and the airport! Open and spacious layout provides a modern feel to this cozy home. Large front and backyard with large deck perfect for entertaining! This is a perfect home with lots of character and attention to detail.,30.284093856811523,-97.6825714111328,1,FALSE,TRUE,FALSE,FALSE,Single Family,1961,350000,2019-11-25,11,2019,25,7,3,1,0,0,0,0,5680,1183,2.1333333333333333,3.333333333333333,635,13,1,3,1,58
29386709,1103 Saucedo St,78721,"1103 Saucedo St, Austin, TX 78721 is a single family home that contains 2,206 sq ft and was built in 1962. It contains 3 bedrooms and 2 bathrooms. 
 
The Zestimate for this house is $576,581. The Rent Zestimate for this home is $2,000/mo.",30.26564216613769,-97.69005584716795,2,FALSE,TRUE,FALSE,FALSE,Single Family,1962,299900,2018-05-18,5,2018,16,1,3,0,0,0,0,0,10323,2206,1.2666666666666666,3.333333333333333,437,11,2,3,2,56
80096208,1151 Nickols Ave,78721,"1151 Nickols Ave, Austin, TX 78721 is a single family home that contains 1,374 sq ft and was built in 2008. It contains 3 bedrooms and 2 bathrooms. 
 
The Zestimate for this house is $516,927. The Rent Zestimate for this home is $2,195/mo.",30.276330947875977,-97.684783935546875,0,FALSE,FALSE,FALSE,FALSE,Single Family,2008,419000,2019-06-04,6,2019,1,3,0,3,4,0,1,0,5837,1374,2.1333333333333333,3.333333333333333,635,13,2,3,1,11
64794208,4608 Cedar Point Dr,78723,"Quaint neighborhood just east of Mueller! 2004-built home with engineered hardwood and tile throughout the home, plantation shutters in dining bay windows, huge kitchen island, big back yard and even a two-car garage, a rare find in this area! Pier and beam with steel and concrete enforced beaming and extra thick flooring for a slab-like feel. Recently replaced appliances, HVAC and doors.FEMA - Unknown",30.291934967041016,-97.6858367919922,3,FALSE,TRUE,TRUE,FALSE,Single Family,2004,445000,2020-11-04,11,2020,80,1,2,1,4,0,0,0,6969,1335,2.5,5,966,15,2,3,1,16
29395208,4710 Broadhill Dr,78723,"Two miles from Downtown, one block from Blair Woods Nature Preserve, three blocks from Morris Williams Golf Course, Contemporary High-End Renovation including but not limited to ALL-NEW:  30-Year Roof, HVAC, IKEA Kitchen, Quartz Counters, Stainless Appliances, Windows, Doors, Trim, Paint, Wood-look Tile, Carpet, Custom Tile Work with Glass Accents, Water Heater, Plumbing & Lighting Fixtures, Garage Doors & Openers, Electrical Updating, etc. etc. etc.!!!",30.28844833374023,-97.6755142211914,0,FALSE,FALSE,FALSE,FALSE,Single Family,1971,399900,2019-02-28,2,2019,22,3,1,0,0,0,0,0,8624,1392,2.466666666666667,3,719,15,2,3,1,48
29396705,4905 Carsonhill Dr,78723,"Great location minutes to Mueller, Springdale Parks and best of East Austin dining! Ideal investment property with easy move in/quick closing. Appointment with Listing Agent only. Selling property as is.",30.29083251953125,-97.67447662353516,0,FALSE,FALSE,FALSE,FALSE,Single Family,1972,299000,2020-05-07,5,2020,1,0,0,0,0,0,0,0,7753,1760,2.433333333333333,3,719,15,2,2,1,48
29386704,4604 Alf Ave,78721,"Darling bungalow with a location that can't be beat!A block to Springdale General a short stroll to Canopy,Friends & Allies,and Austin Bouldering.Fresh & bright, this adorable home invites friends and family to enjoy the front porch with coffee from Medici.The rooms are amply sized with extra space in the utility room for storage.The big yard is perfect for a fire pit or a garden,and the shed out back conveys.Everything about this house says ""East Austin"" and has the cool vibe every buyer is looking for.",30.268762588500977,-97.69288635253906,0,FALSE,FALSE,FALSE,FALSE,Single Family,1930,400000,2020-06-02,6,2020,20,4,0,1,0,0,0,0,9583,1008,1.3333333333333333,3.333333333333333,437,11,1,3,1,90
29386703,4606 Alf Ave,78721,"4606 Alf Ave, Austin, TX 78721 is a single family home that contains 832 sq ft and was built in 1940. It contains 3 bedrooms and 1 bathroom. 
 
The Zestimate for this house is $434,285. The Rent Zestimate for this home is $1,815/mo.",30.26873779296875,-97.69266510009766,0,FALSE,FALSE,FALSE,FALSE,Single Family,1940,335000,2020-01-14,1,2020,4,0,2,0,0,0,0,0,9713,832,1.3,3.333333333333333,437,11,1,3,1,80
70326200,1151 Brookswood Ave,78721,"Enjoy East Side living w/ spacious 3 bed-2 bath! Open concept kitchen/living/dining w/ appliances that convey. Covered front patio offers great curb appeal & area to lounge. Home includes a large & private backyard w/no backing neighbors! The low traffic cul-de-sac houses this gem of a lot & backs to City of Austin property, which we're told is never to be built on. Located near Mueller, Boggy Creek Greenbelt & local farms. Only a 10-minute drive from the airport! 10min bike to DT, Rainey & Lady Bird Lake",30.26714324951172,-97.68773651123048,0,TRUE,FALSE,FALSE,FALSE,Single Family,2005,419000,2020-06-26,6,2020,45,4,1,1,1,0,0,0,8276,1408,1.4,3.333333333333333,437,11,2,3,1,15
80091999,5344 Krueger Ln,78723,"Impressive 5 bed 3bath home on a corner lots with tons of flexible space. That's right FIVE bedrooms, including 1 on the main floor plus a separate living space on the upper level. The large owner's suite features 2 large walk-in closets and a full 5pc bath. Gorgeous backyard with lots of grass and mature fruit trees. This home has been freshly painted and loving maintained, move right in!FEMA - Unknown",30.291603088378903,-97.6674346923828,2,TRUE,TRUE,TRUE,FALSE,Single Family,2007,450000,2020-10-16,10,2020,63,4,3,2,1,0,0,0,6838,2232,2.6666666666666665,3,719,15,3,5,2,13
29386695,4810 Alf Ave,78721,"Super location with easy access to Airport Blvd., Hwy 183 & the Airport and Downtown Austin! New commercial businesses off Springdale & Alf is 1 Block away. New home being built on Alf and in the neighborhood. The value is in the Large 9718 square foot Corner Lot! Huge Pecan trees in the back yard.",30.26776695251465,-97.69066619873048,0,FALSE,FALSE,FALSE,FALSE,Single Family,1950,390000,2020-02-07,2,2020,6,3,0,1,1,0,0,0,9713,1025,1.3,3.333333333333333,437,11,2,3,1,70
29395194,4707 Broadhill Dr,78723,"OFFER DEADLINE TUESDAY @ 5PM! Trendy & thorough remodel on this one story home situated on an elevated lot w/ mature trees. Located on a fairly wide street conveniently nested off MLK btwn 183 & airport. Kitchen includes granite countertops, SS appliances, breakfast bar, exposed wood beam & gas range with venthood. Relax or sunbath on the partially covered back patio in private back yard. Spacious & convenient utility room w/ garage & back yard access. New Windows, Roof, Paint, Flooring, Fixtures & More.",30.28791046142578,-97.67517852783205,0,FALSE,FALSE,FALSE,FALSE,Single Family,1970,381000,2019-05-10,5,2019,36,2,1,0,0,0,0,0,8886,1213,2.4333333333333336,3,719,15,2,3,1,49
29392693,1805 Rhodes Rd,78721,"Beautifully Remodeled HOT East Austin Home! Live Minutes from Downtown, Easy Access to All Shopping, Restaurants, Highways! Own the Entire Lot and Add ADU! Not a Condo! Hardwood Floors, Stainless Steel Appliances, Quartz Counters in Kitchen and Bath, Frameless Shower, Tankless Water Heater, New Roof, New AC! Come Take a look! Hard to Find Remodeled Home in East Austin for $310k and Own Entire Lot! Area Has New and Remodeled Homes. One of the Highest Appreciation Rates in All of Austin!",30.28301048278809,-97.68031311035156,1,FALSE,TRUE,FALSE,FALSE,Single Family,1961,315000,2019-03-26,3,2019,16,4,2,0,0,0,0,0,5924,810,2.2,3.333333333333333,635,13,1,3,1,58
29387172,1004 Lott Ave,78721,"Contemporary design by Paradisa Homes features a wide-open floor plan, flooded with natural light. Spacious master suite with spa-like master bath which includes an oversized walk-in shower, and expansive closet. Some of the features include steel glass front door, steel glass garage door, real wood cabinets, quartz counters, Hickory wide plank wood floors, solid core interior doors, foam insulation, and tankless water heater, and gutters. Every wall in the home is insulated including interior walls and garage. Professionally landscaped with multiple irrigation zones.",30.26792335510254,-97.68382263183594,4,FALSE,TRUE,TRUE,FALSE,Single Family,2020,799000,2020-12-14,12,2020,39,5,2,2,1,0,0,0,8015,2537,1.2333333333333334,3,406,11,3,3,1,0
29386691,4801 Munson St,78721,"Amazing investment property! Heavily discounted and an open canvas for buyer to get creative. Per CAD, lot is 5750.80 SQFT. Endless opportunities!",30.268310546875,-97.69090270996094,2,FALSE,TRUE,FALSE,FALSE,Single Family,1962,289900,2020-09-17,9,2020,9,0,2,0,0,0,0,0,5749,1200,1.3,3.333333333333333,437,11,2,3,1,58
124845190,3903 E 16th St,78721,"Great single family home with a large private backyard and awesome curb appeal! Open floor plan with tons of natural light, large kitchen island great for entertaining, and commercial gas stove. Right off the living area is a private deck great for morning coffee. High ceilings, large walk-in closets, and bamboo hardwood floors throughout. Large bedrooms and a frameless glass shower w double rain head faucets. Blocks from Morris Williams Golf Course, minutes from Mueller Retail, HEB, and culinary action.",30.281293869018555,-97.69104766845705,0,FALSE,FALSE,FALSE,FALSE,Single Family,2004,325000,2018-12-12,12,2018,32,5,0,0,0,0,0,0,4334,840,2,3.333333333333333,635,13,1,2,1,14
29388190,1116 Eleanor St,78721,"Charming 3 bedroom 1 bath East Austin home ready for move in!  This house was taken down to the studs and underwent an extensive remodel.  Improvements include replaced siding, windows, HVAC, insulation, paint inside and out, flooring, hardware, fixtures, cabinets, quartz countertops, backsplash, plumbing, bathtub with tub surround, and more.  Exterior improvements include replaced sod, plants, driveway, fence and a fire pit.  This neighborhood is quickly becoming revitalized and this house wont last!",30.27168846130371,-97.68030548095705,1,FALSE,TRUE,FALSE,FALSE,Single Family,1969,305000,2018-03-09,3,2018,29,4,2,0,0,0,0,0,6795,960,2.3000000000000003,3.6666666666666665,480,14,1,3,1,49
29392686,1822 Adina St,78721,"PRIME opportunity on huge lot in the Flournoy & Jones an active, a new SFR redevelopment area East of the Robert Mueller Airport off Springdale near Morris Williams Golf Course.  This property sits on a choice 7800+ square foot treed corner lot.  Interior requires rehab. Bus routes on MLK take you right to the University of Texas and ACC in 15 minutes.  Little walnut creek and Mueller lake park as well as new entertainment districts.",30.28394317626953,-97.6793212890625,0,FALSE,FALSE,FALSE,FALSE,Single Family,2019,515000,2019-07-22,7,2019,25,4,1,0,0,0,0,0,7884,1860,2.266666666666667,3.333333333333333,635,13,3,3,1,0
29391186,1302 Astor Pl,78721,"Off of M.L.K Turn onto Astor PL at the end of the street in Cul-De-Sac Immaculate remodeled home with a bright, sunny kitchen, plenty of counter space on these beautiful quartz counter tops! Stunning engineered hard wood floors. Centrally located just 4 miles from downtown. A short walk to public transportation and Givens District Park! This one is a MUST SEE!",30.28086280822754,-97.6883773803711,0,FALSE,FALSE,FALSE,FALSE,Single Family,1976,394900,2020-02-20,2,2020,21,1,2,0,1,0,0,0,7710,1175,2,3.333333333333333,635,13,2,3,1,44
29388941,5105 Star Light Ter,78721,"NOW PRICED TO SELL! Charming home in hot East Austin neighborhood fully renovated with custom touches throughout. 2br/1ba, open layout, all new SS appliances, quartz countertops & unique, encaustic tiling in bathroom. Built in hallway book shelf is original to home. Spacious back yard w/ cedar deck perfect for entertaining w/ additional storage space in shed. Cedar siding adds a modern touch to the exterior, complete w/ carport. Live minutes to downtown & bike to all Springdale General has to offer!",30.2736873626709,-97.6849136352539,1,FALSE,TRUE,FALSE,FALSE,Single Family,1967,299900,2019-11-13,11,2019,19,2,2,1,0,0,0,0,6359,720,1.4333333333333336,3,406,11,1,2,1,52
2091103183,1129 Berger St,78721,"Quaint Eastside Cottage w/ great backyard- New updates including an updated kitchen with new stainless appliances and granite countertop, new lighting, hardware, doors and trim, windows, flooring, tile, hvac and ductwork, water lines, blown-in insulation in attic. Cozy front porch, and great backyard for entertaining.",30.27058029174805,-97.6871566772461,0,FALSE,FALSE,FALSE,FALSE,Single Family,1930,345000,2020-02-21,2,2020,20,2,1,0,0,0,0,0,6490,1190,1.3,3,406,11,1,3,1,90
89549683,1308 Delano St,78721,"1308 Delano St, Austin, TX 78721 is a single family home that contains 864 sq ft and was built in 1950. It contains 2 bedrooms and 1 bathroom. 
 
The Zestimate for this house is $387,361. The Rent Zestimate for this home is $1,725/mo.",30.276105880737305,-97.67927551269533,0,FALSE,FALSE,FALSE,TRUE,Single Family,1950,350000,2020-04-20,4,2020,1,2,0,1,0,0,1,0,7056,864,2.233333333333333,3.6666666666666665,480,14,1,2,1,70
80102937,5317 Krueger Ln,78723,"For more photos and details about this listing, speak to an agent or book a tour text DETAILS 5100 to 41411 or go to http://Reallyo.com/5100. Lovely Austin home situated in the secluded neighborhood of Senate Hills. Whether you are entertaining friends or living everyday life, this 2 story 3/2.5/2 + game room up has the perfect floor plan with well appointed living spaces for both. The master bedroom and bathroom are a special treat with sep. shower, garden tub,amazing elfa closet system and expansive views. All this within minutes to UT, downtown,YMCA, Dell Children’s hospital,Mueller Development & so much more. Don’t miss your opportunity to have it all at an affordable price!",30.29072380065918,-97.66741180419922,1,TRUE,TRUE,FALSE,TRUE,Single Family,2007,385000,2020-10-29,10,2020,57,6,2,1,3,0,0,0,4715,1608,2.7,3,719,15,3,3,2,13
29396679,4713 Bundyhill Dr,78723,"3 miles from downtown! This 3 bedroom, 2 bath property is move in ready after fresh paint, kitchen and master bath remodel.  Large back yard and family like neighbors.  Close to the Blair Woods Nature Preserve, bus stops and shopping.  Just close enough to city live without living in the hustle and bustle.  Recent exterior and interior work leaving this home ready for your own touch in decor.  Clean, updated and move in ready. Extra storage in large closets and extended garage! New HVAC in 2016, NO CARPET",30.28945159912109,-97.676300048828125,0,FALSE,FALSE,FALSE,FALSE,Single Family,1979,335000,2019-04-19,4,2019,29,3,1,0,0,0,0,0,10454,1247,2.3666666666666667,3,719,15,2,3,1,40
29385677,1120 Terry Dr,78721,Incredible opportunity in East Austin! Great location w/easy access to just about everything.,30.26847267150879,-97.6801528930664,2,FALSE,TRUE,FALSE,FALSE,Single Family,1952,200000,2018-03-14,3,2018,7,1,2,0,0,0,0,0,6403,919,1.3666666666666665,3,406,11,1,3,1,66
29388176,5405 Hudson St,78721,"New Lower Price!  Paying agent commission of 2.5%. 

A MUST SEE!.  Amazing deal on 2  properties totaling 15,789 sq. ft.  Includes:  5405 Hudson St.(house) - 5,759 sq. ft. lot &  5401 Hudson St. (vacant lot with pecan trees) - 10,030 sq. ft.  

The house is located in a 25 year and 100 year floodplain, consult with Austin city official to determine construction or rehab restrictions.  Survey available upon request.  

Perfect property for owner occupants, investors, developers and the like, this property has tons of potential.  Just need some TLC. 
PLEASE DO NOT DISTURB HOMEOWNER. 

The home has 3 spacious bedrooms, 2 baths, a large family room with a cozy wood burning fireplace includes central AC/Heat and carport.  Great location off Hwy 183 South and less than 15 minutes from the airport, downtown and IH35.  Close proximity to shopping, dining and entertainment. Up & coming community with new construction that is adding value to the neighborhood.",30.27398109436035,-97.6802978515625,1,FALSE,TRUE,FALSE,FALSE,Single Family,1967,150000,2018-11-06,11,2018,79,2,4,0,0,0,0,0,5749,2014,2.2666666666666666,3.6666666666666665,480,14,2,3,1,51
29388173,5302 Delores Ave,78721,"Gorgeous contemporary by Paradisa Homes in hot East Austin. Open concept, clean lines, abundant natural light and hardwoods throughout. Main living with balcony opens to a white kitchen with stainless appliances, extensive storage and oversized island. Three bedrooms up, the master offering a second balcony plus en suite with large walk-in closet and double vanities. Large, private backyard surrounded by trees and no neighbor behind. Easy access to east side favorites, downtown and the airport.",30.273704528808604,-97.6819076538086,2,FALSE,TRUE,FALSE,FALSE,Single Family,2017,599900,2020-09-23,9,2020,59,3,2,1,1,0,0,0,8337,2292,2.3000000000000003,3.333333333333333,635,13,3,3,2,3
29387173,1002 Lott Ave,78721,Amazing investment opportunity in 78721.  Value is in land.,30.26784896850586,-97.68401336669922,0,FALSE,FALSE,FALSE,FALSE,Single Family,1964,249000,2020-08-07,8,2020,1,0,0,0,0,0,0,0,7753,748,1.2333333333333334,3,406,11,1,3,1,56
29395170,4716 York Hill Dr,78723,"Fabulous remodeled home in the Springdale Hills/Mueller area with wood floors, stainless steel chefs kitchen and fully updated bathrooms.  Landscaped with privacy fence on a large wooded corner lot.  This designer home has new dual pane windows, a covered back patio and custom window coverings.  This is truly one of the nicest homes in the highly desirable, conveniently located East Side.",30.28765296936035,-97.67247009277344,2,FALSE,TRUE,FALSE,FALSE,Single Family,1967,399900,2018-12-13,12,2018,29,7,2,0,0,0,0,0,12196.8,1738,2.566666666666667,3,719,15,2,4,1,51
29391437,5400 Samuel Huston Ave,78721,"2 bedroom, 1.5 bath. 888 sq feet.  Lot: 7972.93 sq. feet (0.1830 Acres) - $350,000
Beautiful, quiet, and large corner lot.  Adorable home built in 1960 and completely renovated in 2015-2016.  Lovingly cared for by current owner. Ten minutes to downtown and 5 mins from the Mueller development.  Stainless steel appliances, gorgeous kitchen backsplash, heated towel rack in full bath.  Huge deck runs the length of the house and triple tiered. Great view into trees.   Perfect starter home.  Owner sale: 203-545-1850.
New roof installed 2016
New foundation with 5-year warranty.
Granite counter tops throughout kitchen and bathrooms.
Beldon lifetime warranty non-clogging seamless gutters
Tankless water heater.  
Brand new blinds in all rooms and bathrooms.
Heated towel rack in full bath.
All appliances will convey.",30.28105354309082,-97.67613983154295,2,FALSE,TRUE,FALSE,TRUE,Single Family,1960,360000,2020-08-05,8,2020,19,8,2,0,0,0,0,0,7973,888,2.1333333333333333,3.6666666666666665,480,14,2,2,1,60
29391167,4204 Glomar Ave,78721,"4204 Glomar Ave, Austin, TX 78721 is a single family home that contains 1,064 sq ft and was built in 1968. It contains 3 bedrooms and 2 bathrooms. 
 
The Zestimate for this house is $365,279. The Rent Zestimate for this home is $1,695/mo.",30.28169250488281,-97.68855285644533,1,FALSE,TRUE,FALSE,FALSE,Single Family,1968,215000,2018-06-01,6,2018,2,4,2,0,0,0,0,0,5793,1064,2,3.333333333333333,635,13,2,3,1,50
29385666,1113 Christie Dr,78721,"Close to shovel ready. Demo permit approved and existing house will be demo'd soon. Soil samples have been done and will be provided. Full set of architectural and engineering plans included. (Kipp Flores Architects / MLAW Engineering). Building permits have been applied for and will be transferred to new owner. Plans are for an A/B condo play. Tons of sold new construction comps in the area. A unit is 1,489sf; 3/2.5/1 B unit is 940sf; 2/2.5 Modern farm house design.",30.2681884765625,-97.68091583251952,1,FALSE,TRUE,FALSE,FALSE,Single Family,1940,289750,2020-04-21,4,2020,7,3,2,0,0,0,0,0,6490,804,1.3333333333333333,3,406,11,1,2,1,80
29388165,1162 Lott Ave,78721,"Contemporary design by Paradisa Homes features a wide-open floor plan, flooded with natural light backing to greenbelt. Spacious master suite with spa-like master bath which includes an oversized walk-in shower, and expansive closet. Some of the features include steel glass front door, steel glass garage door, real wood cabinets, quartz counters, Hickory wide plank wood floors, solid core interior doors, foam insulation, and tankless water heater. Professionally landscaped with multiple irrigation zones.",30.27488899230957,-97.682861328125,2,FALSE,TRUE,TRUE,FALSE,Single Family,2020,799000,2020-11-05,11,2020,34,5,2,2,3,0,0,0,7405,2525,2.2,3.333333333333333,635,13,3,3,1,0
83833163,5009 Rob Scott St,78721,"5009 Rob Scott St, Austin, TX 78721 is a single family home that contains 1,778 sq ft and was built in 2018. It contains 3 bedrooms and 3 bathrooms. 
 
The Zestimate for this house is $600,806. The Rent Zestimate for this home is $1,875/mo.",30.28105735778809,-97.679962158203125,3,FALSE,TRUE,FALSE,FALSE,Single Family,2018,574000,2020-11-23,11,2020,28,3,2,2,1,0,0,0,6098,1778,2.2666666666666666,3.333333333333333,635,13,3,3,2,2
29392663,4604 Leslie Ave,78721,"Cute 2/1 bungalow on desirable lot in Austin's east side.  Zoned SF3, 7000 sf lot, so potential for 2 units on property *BUYER TO CONFIRM ALL INFO*",30.28248405456543,-97.684234619140625,0,FALSE,FALSE,FALSE,FALSE,Single Family,1952,92143,2019-05-03,5,2019,1,4,0,0,0,0,0,0,6969,966,2.066666666666667,3.333333333333333,635,13,1,2,1,67
29391162,1405 Cometa St,78721,"1405 Cometa St, Austin, TX 78721 is a single family home that contains 720 sq ft and was built in 1965. It contains 2 bedrooms and 1 bathroom. 
 
The Zestimate for this house is $371,557. The Rent Zestimate for this home is $1,600/mo.",30.280967712402344,-97.68973541259766,1,FALSE,TRUE,FALSE,FALSE,Single Family,1965,118900,2020-07-10,7,2020,46,4,2,1,1,0,1,0,8581,720,1.838295658649848,5.778694090331862,1237,15,1,2,1,55
29392661,4608 Leslie Ave,78721,"WE LOVE THIS LOCATION!! Sweet, nicely updated pier and beam in MLK neighborhood, near golf course, Mueller, the trails, minutes from Downtown. Well cared for, pre-inspection performed & tune-up performed... efficient & spacious, gleaming wood floors, attractive finishes throughout, low maintenance landscaping, excellent flat back lawn with lots of usable space, spacious & functional back shed for extra storage.",30.28240966796875,-97.68392181396484,0,FALSE,FALSE,FALSE,FALSE,Single Family,1952,329000,2020-07-17,7,2020,20,2,2,1,0,0,0,0,7274,852,2.066666666666667,3.333333333333333,635,13,2,2,1,68
29391161,1403 Cometa St,78721,"MULTIPLE OFFERS *Tear Down* HUGE lot! SPECTACULAR opportunity to expand and build. NEW CONSTRUCTION throughout the street and area. HOT location! Less than 3 miles away from downtown ATX,  Dell Center Medical. Close proximity to UT ATX and trendy and popular East ATX restaurants and venues. *Please send all BEST & FINAL OFFERS Friday Dec. 20 by 5PM*",30.28082275390625,-97.68971252441406,0,FALSE,FALSE,FALSE,FALSE,Single Family,1950,320000,2020-02-21,2,2020,2,1,0,0,0,0,0,0,8712,780,2,3.333333333333333,635,13,1,2,1,70
2087651160,1803 Adriane Dr #B,78721,"1803 Adriane Dr #B, Austin, TX 78721 is a single family home that contains 1,879 sq ft and was built in 2018. It contains 3 bedrooms and 3 bathrooms. 
 
The Zestimate for this house is $578,634. The Rent Zestimate for this home is $2,750/mo.",30.283843994140625,-97.69103240966795,0,TRUE,FALSE,FALSE,FALSE,Single Family,2018,485000,2018-12-19,12,2018,1,8,1,0,0,0,0,0,5227,1879,2,3.333333333333333,635,13,3,3,2,0
29396657,4609 Rimrock Trl,78723,"1950s Ranch Style Classic. This 2496 sq ft 4/3 was completely renovated in 2011-2012. The home boasts an updated open floor plan with all new wiring, plumbing, vented metal roof, all new windows, doors, fixtures. 
Recently added outdoor kitchen make this property a cut above. Original hardwoods and sandstone exterior give this house unique character not found in new construction.  The vented roof keeps the attic from excessive heat gain on hot summer days. It helps keep cooling costs down significantly during the hottest Texas months. The fully enclosed 1/3+ acre yard is a great space. Safe for kids and pets to run and play. Close enough to enjoy the amenities of Mueller but with room to breathe and grow.  Still room for a pool AND garage with living quarters. Come and get one of the last big lots in the '23 before it's too late! Friendly neighbors and quiet neighborhood. You will be hard pressed to find a higher quality finish out than this home at this $/ft.",30.290781021118164,-97.6829833984375,6,FALSE,TRUE,FALSE,FALSE,Single Family,1953,599000,2018-09-06,9,2018,35,5,1,0,0,0,0,0,16117.2,2496,2.6,5,966,15,3,4,1,65
70326656,3001 Lovell Dr #B,78723,"Amazing 2-story home adjacent to Mueller and backing to a greenbelt/golf course. Huge living/dining area with high ceilings and stained concrete floors downstairs. Tons of cabinets in kitchen, granite countertops, stainless appliances. 2 bedrooms plus large bonus room upstairs. Large master with balcony. Master bath has garden tub and shower. Condo regime with Unit A, but no common walls. Home is leased through June 2018.",30.291112899780284,-97.68675231933594,0,FALSE,FALSE,FALSE,FALSE,Single Family,2007,419900,2018-05-30,5,2018,23,6,1,0,0,0,0,0,8668,1584,2.533333333333333,5,966,15,3,2,2,11
29388153,1217 Eleanor St,78721,"1217 Eleanor St, Austin, TX 78721 is a single family home that contains 1,378 sq ft and was built in 2004. It contains 4 bedrooms and 2 bathrooms. 
 
The Zestimate for this house is $527,817. The Rent Zestimate for this home is $2,200/mo.",30.27504730224609,-97.67936706542967,0,FALSE,FALSE,FALSE,FALSE,Single Family,2004,449990,2019-03-25,3,2019,1,4,1,0,0,0,0,0,6926,1378,2.2,3.6666666666666665,480,14,2,4,1,15
29396652,3404 Touchstone St,78723,"Rare Marlo Heights charmer with original hardwood floors, lovely natural light and many tasteful updates. Level, quarter acre lot with loads of potential.",30.29018783569336,-97.68170166015624,1,FALSE,TRUE,TRUE,FALSE,Single Family,1956,505500,2020-11-20,11,2020,26,3,2,0,0,0,0,0,12632.4,1344,2.7000000000000006,5,966,15,2,3,1,64
29391152,1313 Luna St,78721,"Amazing East Side Property! With no immediate rear neighbor and a canopy of trees, you have your private own park space.  This modern home offers a very open concept downstairs with all bedrooms being upstairs.  Main bedroom is on the opposite side of second floor from secondary bedrooms.  Great kitchen with ample counters, cabinets, large pantry, and breakfast bar area.  Master suite is luxurious with double vanity, large walk-in shower and large closet.",30.28034019470215,-97.69085693359376,4,FALSE,TRUE,TRUE,FALSE,Single Family,2013,575000,2020-10-21,10,2020,44,3,2,1,0,0,0,0,8145,1816,2,3.333333333333333,635,13,3,3,2,7
29386651,4602 Munson St,78721,"Beautifully updated with style, then upgraded with quality.  This home is in pristine condition. New HVAC, windows, roof, gutters, appliances and paint (both interior and exterior).  New fencing, increased insulation, fresh landscaping, more details coming.  Located in one of Austin's most walkable neighborhoods, minutes to shopping, restaurants, this is ""move-in ready home"" is one you won't want to miss.",30.26972198486328,-97.6924057006836,0,FALSE,FALSE,FALSE,FALSE,Single Family,1958,270000,2019-11-14,11,2019,36,5,0,0,0,0,0,0,5749,1364,1.3666666666666665,3.333333333333333,437,11,2,3,1,61
29385648,1144 Brookswood Ave,78721,"Property was remodeled in 2012, with updated kitchen and bathroom, and wood laminate floors throughout main living spaces",30.26693916320801,-97.688629150390625,2,FALSE,TRUE,FALSE,TRUE,Single Family,1977,349000,2020-08-19,8,2020,67,8,2,0,1,0,0,0,7884,1144,1.3333333333333333,3.333333333333333,437,11,1,3,1,43
29396643,3405 Pecan Springs Rd,78723,"3405 Pecan Springs Rd, Austin, TX 78723 is a single family home that contains 1,861 sq ft and was built in 1954. It contains 3 bedrooms and 3 bathrooms. 
 
The Zestimate for this house is $574,337. The Rent Zestimate for this home is $2,450/mo.",30.29051780700684,-97.6814956665039,0,FALSE,FALSE,FALSE,FALSE,Single Family,1954,488000,2018-07-14,7,2018,20,5,2,0,0,0,0,0,13068,1861,2.7000000000000006,5,966,15,3,3,1,64
29395142,4915 Broadhill Dr,78723,"This Broadhill Beauty Sparkles! Nestled on a large treed lot, just minutes from Mueller, downtown ATX and UT, this spectacular 1-story offers designer upgrades & updates to entice the most discerning buyers! Property features two functional living spaces, gorgeous Cook's kitchen with granite, subway tile and stainless steel appliances, exposed beams, wood-like tile plank floors, and a Master Suite fit for a King and Queen. The cherry on top? A private drive and carport parking!",30.291154861450195,-97.67321014404295,2,FALSE,TRUE,FALSE,FALSE,Single Family,1971,399900,2019-01-19,1,2019,17,3,2,0,0,0,0,0,9539,1664,2.4666666666666663,3,719,15,2,3,1,48
29387140,1128 Richardine Ave,78721,"I had the attic completely re insulated. It has two new ac units. I built a deck and stained it. has little walk way... Also, I have added all new solar screens on every window which lowers your electric bill by up to 76%",30.26980972290039,-97.68608856201172,2,FALSE,TRUE,FALSE,FALSE,Single Family,1964,390000,2018-04-25,4,2018,33,5,2,0,0,0,0,0,6089,740,1.2666666666666666,3,406,11,1,2,1,54
29388136,1222 Delano St #B,78721,"1222 Delano St #B, Austin, TX 78721 is a single family home that contains 952 sq ft and was built in 1950. It contains 2 bedrooms and 1 bathroom. 
 
The Zestimate for this house is $338,518. The Rent Zestimate for this home is $1,731/mo.",30.27493667602539,-97.67887115478516,0,FALSE,FALSE,FALSE,FALSE,Single Family,1950,154900,2020-06-23,6,2020,1,1,0,0,0,0,0,0,7143,952,2.233333333333333,3.6666666666666665,480,14,1,2,1,70
29388135,1220 Eleanor St,78721,"Approx. 4.5 miles to the capital!  Popular East Austin location. The lot is approx. .16 acres. with approx. 576 sq. foot house built in 1950. Nice trees, level lot, not in flood zone. Lots of building in the area, great opportunity.",30.275453567504886,-97.6801528930664,0,FALSE,FALSE,FALSE,FALSE,Single Family,1950,219000,2019-06-21,6,2019,20,1,1,0,0,0,0,0,6882,576,2.233333333333333,3.6666666666666665,480,14,1,2,2,69
29396634,4709 Pecan Springs Rd,78723,Coming Soon!,30.29238128662109,-97.68251037597656,0,FALSE,FALSE,FALSE,TRUE,Single Family,1950,225000,2020-03-13,3,2020,10,0,0,0,0,0,0,0,20473.2,1084,2.533333333333333,5,966,15,1,3,1,70
29388931,5005 Delores Ave,78721,"5005 Delores Ave, Austin, TX 78721 is a single family home that contains 1,064 sq ft and was built in 1960. It contains 3 bedrooms and 1 bathroom. 
 
The Zestimate for this house is $505,191. The Rent Zestimate for this home is $1,790/mo.",30.27461624145508,-97.6842803955078,2,FALSE,TRUE,FALSE,FALSE,Single Family,1960,450000,2020-08-28,8,2020,69,4,2,2,3,0,1,0,6011,1064,2.1666666666666665,3.333333333333333,635,13,1,3,1,60
144240133,1418 Fort Branch Blvd,78721,"1418 Fort Branch Blvd, Austin, TX 78721 is a single family home that contains 1,751 sq ft and was built in 2018. It contains 3 bedrooms and 4 bathrooms. 
 
",30.27917671203613,-97.68092346191406,2,FALSE,TRUE,FALSE,FALSE,Single Family,2018,519900,2019-05-31,5,2019,13,8,3,0,0,0,0,0,9888,1751,2.233333333333333,3.333333333333333,635,13,4,3,2,1
29395133,4904 Oldfort Hill Dr,78723,"4904 Oldfort Hill Dr, Austin, TX 78723 is a single family home that contains 1,557 sq ft and was built in 1968. It contains 3 bedrooms and 2 bathrooms. 
 
The Zestimate for this house is $338,097. The Rent Zestimate for this home is $1,995/mo.",30.2901611328125,-97.67334747314452,2,FALSE,TRUE,FALSE,FALSE,Single Family,1968,300000,2020-04-24,4,2020,1,2,2,1,0,0,0,0,9375,1557,2.466666666666667,3,719,15,2,3,1,52
29392631,4709 Bandera Rd,78721,"Beautiful, fully renovated home w/ permitted add-on Master suite in E. Austin! This 3BR/2BA home was taken down to the studs & features a modern kitchen, S/S appliances, high-quality finishes, custom cabinets, new windows, utility room, automatic sprinkler system & massive backyard perfect for kids and pets. Nice cedar deck is perfect for BBQs & entertaining. Large Master suite includes vaulted ceilings, walk-in closet, double vanity sinks & large walk-in shower. Come see this amazing home while it lasts!",30.28302001953125,-97.6821746826172,1,FALSE,TRUE,FALSE,FALSE,Single Family,1961,419900,2018-07-23,7,2018,24,5,2,0,0,0,0,0,5749,1580,2.1333333333333333,3.333333333333333,635,13,2,3,1,57
80092129,5320 Tower Trl,78723,"5320 Tower Trl, Austin, TX 78723 is a single family home that contains 1,213 sq ft and was built in 2007. It contains 3 bedrooms and 2 bathrooms. 
 
The Zestimate for this house is $355,115. The Rent Zestimate for this home is $1,800/mo.",30.29177284240723,-97.66936492919922,0,TRUE,FALSE,FALSE,FALSE,Single Family,2007,275000,2018-07-07,7,2018,1,0,1,0,0,0,0,0,4791,1213,2.5666666666666664,3,719,15,2,3,1,11
29388126,1200 Eleanor St,78721,"Large corner lot house. It has new laminated floor in living area, new stainless steel stove, range hood and dishwasher.
Bathrooms have been updated. Paint throughout.
 Is 10 min from Downtown, UT campus and Muller development.
A must see property.......",30.274152755737305,-97.67958068847656,0,FALSE,FALSE,FALSE,FALSE,Single Family,1991,210000,2020-09-16,9,2020,47,2,1,0,0,0,0,0,8450,1444,2.2666666666666666,3.6666666666666665,480,14,2,3,1,29
29388124,1206 Eleanor St,78721,"This adorable East Austin home was meticulously renovated in 2015 & features Carrara marble kitchen counters, bamboo floors, shiplap living room accent wall, + upgrades such as keyless entry & Ring doorbell. Pre-inspected, pier & beam foundation +warranty included. Master suite has double vanities + closets, frameless walk-in glass shower. Back deck overlooks the private fenced yard with fire pit area, great for entertaining! Close to everything happening on the East Side, so hot right now. Stroll down the street to Sahara Lounge & Celestial Pizza. 10-min drive to Mueller.",30.27452278137207,-97.67974853515624,0,FALSE,FALSE,FALSE,FALSE,Single Family,2001,129500,2020-02-18,2,2020,35,3,0,3,1,0,1,0,6229,1417,2.2666666666666666,3.6666666666666665,480,14,2,3,1,19
2079031622,1708 Overhill Dr #B,78721,"New Construction with character and charm minutes from DT, UT, Mueller, and across the street from Mo-Willie Golf Course. Spacious open living space downstairs great for entertaining. Master bath on the main floor has a full bathtub and walk-in shower, plus a double vanity. Details include high ceilings, granite counter tops, concrete flooring downstairs, and hardwood on second floor with oversized covered back porch. The extra space upstairs can be a second living room, game room, or an office. MUST SEE!",30.284502029418945,-97.684722900390625,2,FALSE,TRUE,FALSE,FALSE,Single Family,2020,529000,2020-07-28,7,2020,54,5,2,2,1,0,0,0,6098,2081,2.0666666666666664,3.333333333333333,635,13,3,3,1,0
29395122,5312 Northdale Dr,78723,"5312 Northdale Dr, Austin, TX 78723 is a single family home that contains 1,375 sq ft and was built in 1966. It contains 4 bedrooms and 2 bathrooms. 
 
The Zestimate for this house is $439,258. The Rent Zestimate for this home is $2,100/mo.",30.29019546508789,-97.671356201171875,0,FALSE,FALSE,FALSE,FALSE,Single Family,1966,375000,2019-06-11,6,2019,1,3,1,0,1,0,1,0,9147,1375,2.533333333333333,3,719,15,2,4,1,53
29392619,1701 Springdale Rd,78721,"LOCATION, LOCATION, LOCATION! GREAT 3 BED/2 BATH HOME IN HIGHLY SOUGHT AFTER AREA! LOCATED IN CENTRAL EAST AUSTIN, THIS HOME FEATURES 2 DINING & KITCHEN AREAS, LONG FLOOR PLAN, SPACIOUS ROOMS, AND MUCH MORE! YOU'LL BE CLOSE TO ALL THE ACTION I.E. DOWNTOWN, UT, SHOPS, AND PUBLIC TRANSPORTATION! COME SEE THIS HOME TODAY!",30.283466339111328,-97.68396759033205,2,FALSE,TRUE,FALSE,FALSE,Single Family,1962,260000,2018-01-25,1,2018,30,1,2,0,0,0,0,0,8712,1826,2.1,3.333333333333333,635,13,2,3,1,56
29387112,5508 Prock Ln,78721,"Gorgeous 3/2, completely remodeled.  Tons of character and bold designs will make you the envy of all your friends in this home - Upgraded quartz counter tops with waterfall edges, custom master shower, vaulted ceiling in the spacious master bedroom, and no carpet anywhere.  Great size lot, zoned SF-3 according to City of Austin, so you can choose to build a B unit or just enjoy the huge backyard.  Amazing location is close to the heart of all the action in Austin.  Take a look before it's gone!",30.26755714416504,-97.6817398071289,2,FALSE,TRUE,FALSE,FALSE,Single Family,1945,394700,2019-12-16,12,2019,33,1,1,0,0,0,0,0,7143,1210,1.3,3,406,11,2,3,1,74
29386612,4811 Alf Ave,78721,"Investor opportunity!  Lot is .449 of an acre. Come and build your dream house close to downtown Austin, up and coming neighborhood.",30.267295837402344,-97.691070556640625,0,FALSE,FALSE,FALSE,FALSE,Single Family,1950,525000,2020-01-30,1,2020,7,1,1,1,0,0,0,0,19602,1083,1.3,3.333333333333333,437,11,2,3,1,70
29392604,1603 Berene Ave,78721,"1603 Berene Ave, Austin, TX 78721 is a single family home that contains 1,671 sq ft and was built in 1960. It contains 4 bedrooms and 2 bathrooms. 
 
The Zestimate for this house is $416,029. The Rent Zestimate for this home is $2,350/mo.",30.281896591186523,-97.68279266357422,2,FALSE,TRUE,FALSE,FALSE,Single Family,1960,339900,2020-12-01,12,2020,88,4,2,2,0,0,0,0,6969,1671,2.1,3.333333333333333,635,13,2,4,1,60
29387102,1019 Lott Ave,78721,Nice 50x130 lot with nice pecan trees (not in the floodplain ).  House needs full remodel but has the original hardwood floors and some high ceilings. Across the street from the award winning Ortega elementary!,30.26877021789551,-97.6827392578125,0,FALSE,FALSE,FALSE,FALSE,Single Family,1951,217500,2018-11-09,11,2018,32,5,0,0,0,0,0,0,6403,1751,1.2666666666666668,3,406,11,3,4,1,67
29395100,4906 Eastdale Dr,78723,"Gorgeous newly renovated 3/2, East MLK A lovely 3 bedroom, 2 bath house on large lot. Newly renovated. Has a great layout, including a fourth room that works great as an office. Quiet neighborhood near 183 and MLK, with easy access to downtown. Experienced local landlords who care about their tenants.",30.288333892822266,-97.66961669921876,2,FALSE,TRUE,FALSE,TRUE,Single Family,1964,334900,2018-09-24,9,2018,15,2,3,0,0,0,0,0,8973,1430,2.6666666666666665,3,719,15,2,3,1,54
29387099,1011 Lott Ave,78721,"Tucked away on a very private lot sits this beautiful four bedrooms 2.5 bath home featuring an open and spacious layout, separate formal dining, two living areas and spacious kitchen which opens to the breakfast area and living room. The beautiful master features a walk-in closet and luxurious, spa-like, en-suite bath with a jetted, soaking tub and separate walk-in shower. The backyard is very spacious and features a privacy fence and covered patio. Close to the Airport/183/35 and UT/ACC.",30.268293380737305,-97.68299865722656,2,FALSE,TRUE,FALSE,TRUE,Single Family,2000,425000,2019-05-31,5,2019,1,6,3,2,3,0,1,0,6577,2127,1.2666666666666668,3,406,11,3,4,2,19
29388192,1112 Eleanor St,78721,"Eleanor House is a cute little 3 bedroom, 1 bath home near the end of the street in a quiet neighborhood. Many updates include windows, floors, recessed lighting, and a kitchen and bath remodel. There is a one-car carport with room in the driveway for 3 more to park. The large, low maintenance lot has a creek in the rear. There is a tankless water heater, and it comes with a full complement of appliances - refrigerator, washer and dryer. A cute starter home or investment property with good proximity to the airport and downtown Austin.",30.27141571044922,-97.68042755126952,2,FALSE,TRUE,TRUE,FALSE,Single Family,1945,315000,2020-12-30,12,2020,58,6,2,1,0,0,0,0,8712,1025,2.3000000000000003,3.6666666666666665,480,14,1,3,1,75
29388090,4805 Mendoza Dr,78721,"Beautifully Remodeled 3 bedroom and 2 bath home in East Austin which features hardwood floors, granite counter tops, stainless steel appliances and best of all a large wooded lot that is minutes from downtown Austin.  *For additional information or to schedule a property tour please contact the leasing agent, Ned via email or 512-489-6627",30.27322006225586,-97.6872329711914,2,FALSE,TRUE,FALSE,FALSE,Single Family,1969,259900,2019-06-04,6,2019,1,8,2,0,0,0,0,0,8712,1158,1.3999999999999997,3,406,11,2,3,1,50
29388086,1115 Spur St,78721,"1115 Spur St, Austin, TX 78721 is a single family home that contains 792 sq ft and was built in 1955. It contains 3 bedrooms and 1 bathroom. 
 
The Zestimate for this house is $285,677. The Rent Zestimate for this home is $1,630/mo.",30.27034568786621,-97.688446044921875,2,FALSE,TRUE,TRUE,TRUE,Single Family,1955,290000,2020-12-14,12,2020,11,2,3,3,1,0,0,0,7056,792,1.3333333333333333,3,406,11,1,3,1,65
29388078,4607 Sara Dr,78721,"FOR SALE:: Builder’s Rehab / New Build, Perfect Location 
4607 Sara Drive, 78721. Price: $250,000.  4 Bedrooms, 2 Baths 
Generous size lot @ 8525 sq.ft.  Ideal location for duplex 
or  build  2 custom Homes.  To add desert to your meal, buy the house
next door and build 4 houses or 2-duplexes...4609 Sara Drive. 
Price: $260,000. Lot size @ 10,000 sq.ft.",30.27141571044922,-97.6907730102539,0,TRUE,FALSE,FALSE,FALSE,Single Family,1980,525000,2020-06-29,6,2020,35,3,1,3,2,0,2,0,8537,1974,1.3666666666666665,3,406,11,4,4,1,40
29388073,4805 Sara Dr,78721,"Great opportunity! Sold as-is, where-is. Fixer upper or tear down! Survey on order.",30.270233154296875,-97.68976593017578,2,FALSE,TRUE,FALSE,FALSE,Single Family,1955,247977,2020-03-05,3,2020,25,0,2,0,0,0,0,0,6882,864,1.3,3,406,11,1,3,1,65
29387073,1141 Richardine Ave,78721,"1141 Richardine Ave, Austin, TX 78721 is a single family home that contains 1,556 sq ft and was built in 1952. It contains 2 bedrooms and 1 bathroom. 
 
The Zestimate for this house is $442,547. The Rent Zestimate for this home is $1,799/mo.",30.2710018157959,-97.685455322265625,0,FALSE,FALSE,FALSE,FALSE,Single Family,1952,385000,2019-12-20,12,2019,1,1,0,1,0,0,0,0,6098,1556,1.3,3,406,11,1,2,2,67
64808402,4613 Cedar Point Dr,78723,Fantastic location! walking distance to Mueller and minutes to downtown.  This lovely home features a functional and open floor-plan and tasteful updates including wood floors throughout and new tile in bathrooms and utility room.  Private back yard with deck and native landscaping.  Enjoy a charming neighborhood and quiet street in central Austin!,30.2918643951416,-97.685272216796875,0,FALSE,FALSE,FALSE,FALSE,Single Family,2004,399500,2019-10-28,10,2019,25,2,1,2,0,0,1,0,7797,1550,2.5,5,966,15,2,3,1,15
29391496,1710 Hillcrest Ln,78721,"Updated home in hot East Austin. Adorable bungalow with Laminate flooring, large backyard, open floor plan and updated kitchen and bathroom. Great curb appeal on a quiet street less than 3 miles from downtown Austin!",30.279014587402344,-97.6765365600586,0,FALSE,FALSE,FALSE,TRUE,Single Family,1969,289900,2020-06-23,6,2020,50,2,2,0,0,0,0,0,6054,640,2.1333333333333333,3.6666666666666665,480,14,1,2,1,51
29388072,4803 Sara Dr,78721,"Total rebuild. Everything new! Large BRs. Master- W/ private bath. Open concept.  Granite counters, new appliances, modern lighting. Brushed nickel hardware/fixtures. Custom tile/luxury vinyl flooring. Carpeted bedrooms. Fenced yard. New AC/furnace & tankless water heater. No neighbors behind. Large backyard/mature trees.  Neighborhood is mix of old & new, changing quickly due to gentrification. Close to parks/trails. Minutes from Lady Bird Lake, Downtown and UT.  .3 miles from the Metro bus.",30.270366668701172,-97.68986511230467,0,FALSE,FALSE,FALSE,FALSE,Single Family,2019,200000,2020-05-28,5,2020,23,4,0,1,1,0,0,0,7187,1736,1.3333333333333333,3,406,11,2,4,1,1
29387072,1139 Richardine Ave,78721,"2 Bedrooms, 1 full Bath, Trees mostly on property line. Large open backyard w plenty of room to drive down the side of home. Home is clean and livable. Central AC / HT. Pier & Beam construction with plenty of height in crawl space for easy remodel. covered front porch, Storm doors. Indoor Washer & Dryer connections. Wood type flooring thru out. Walk 1 block to Elementary School.",30.27084732055664,-97.68547821044922,0,FALSE,FALSE,FALSE,FALSE,Single Family,1986,300000,2020-07-15,7,2020,20,3,0,0,0,0,1,0,6159,672,1.3,3,406,11,1,2,1,34
29395071,4709 York Hill Dr,78723,"4709 York Hill Dr, Austin, TX 78723 is a single family home that contains 1,718 sq ft and was built in 1969. It contains 4 bedrooms and 2 bathrooms. 
 
The Zestimate for this house is $432,550. The Rent Zestimate for this home is $1,990/mo.",30.28712654113769,-97.67266845703124,0,FALSE,FALSE,FALSE,FALSE,Single Family,1969,409000,2020-09-02,9,2020,71,3,0,1,1,0,1,0,9496,1718,2.6,3,719,15,2,4,1,51
29392570,1603 Fairplay Ct,78721,"Cul da sac lot with a great backyard. Plenty of space for fur friends and BBQ's. The home is meticulously thought out, with great flow through the home. Two bedrooms upstairs each with their own baths and walk in closets. Spacious size rooms and closets make for a great retreat from your entertaining Kitchen. Gorgeous modern home built by Loved Homes located in East Austin. Modern design with designer finishes. First floor is very spacious for entertaining with second floor master and guest bedroom. Great area located by Springdale General, Givens Park, Springdale Park, and Mueller!",30.28318977355957,-97.68523406982422,1,FALSE,TRUE,FALSE,FALSE,Single Family,2018,350000,2019-12-20,12,2019,22,5,3,0,0,0,0,0,11761.2,1100,2.066666666666667,3.333333333333333,635,13,3,2,2,1
125902568,1120 Eleanor St,78721,"Modern family house on Picturesque lot with large mature oak trees. New construction, Single family home, on a large lot, grass yards and fully fenced back yard with private gate to creek (home is NOT in flood zone). Tri-Level home with only 4th bedroom or gameroom  and full bath on third floor. Main floor has great room, oversized kitchen and dining room, Open floorplan. Second Story has mater suite with oversized walk-in shower and 2 master closets, 2 additional bedrooms, full bath and laundry. Home has polished concrete and solid wood floors. Silestone counters and custom wood cabinetry throughout, Walk-in showers, 2 Master suites, Tankless gas water heater, NEST, 2 AC units, Samsung Stainless appliances,  spray-in foam insulation,  4th bedroom could be gameroom. Too many extras to list! Austin living at its best, Established neighborhood only 10 minutes to downtown",30.271955490112305,-97.68022918701172,1,FALSE,TRUE,FALSE,TRUE,Single Family,2017,422000,2018-01-24,1,2018,31,8,2,0,0,0,0,0,6054,1965,2.3000000000000003,3.6666666666666665,480,14,4,4,3,1
29392566,1602 Springdale Rd,78721,"Great lot & location! Investment opportunity for a complete remodel, tear down, and/or new build. SOLD ""AS IS"" *Call agent (1) hour prior to showing* ZONED SF-3",30.28313446044922,-97.68477630615234,0,FALSE,FALSE,FALSE,FALSE,Single Family,1960,265000,2019-05-31,5,2019,1,0,3,0,0,0,0,0,9278,1476,2.066666666666667,3.333333333333333,635,13,1,4,2,59
29388065,4701 Sara Dr,78721,"Lush, mature landscaping invites you in as you enter the front gate. Three ample size bedrooms and 2 baths with a large laundry and pantry room. Enjoy the additional bonus room, great for doing those crafts! Located minutes from UT and all that downtown has to offer!!",30.271278381347656,-97.6904525756836,0,FALSE,FALSE,FALSE,FALSE,Single Family,1955,285000,2020-04-22,4,2020,21,1,1,0,0,0,0,0,11325.6,1509,1.3666666666666665,3,406,11,2,3,2,65
251034063,Bunche Rd,78721,"Rivendale Homes pride themselves on the quality of materials used and attention to detail in our homes. We focus on Green Features like Hardi Siding & Trim, WiFi Thermostats, Trane HVAC Systems, and Upgraded Insulation for energy efficiency. Other detailed finishes include Hardwood Stairs, Custom Cabinetry, Metal Handrails, Stained Concrete Floors, Schlage Entry Hardware, Delta Fixtures, and Sherwin Williams paints. Homes in this community also include Samsung Appliances, a privacy fence, and a Home Warranty Protection.",30.27961540222168,-97.67679595947266,1,TRUE,TRUE,FALSE,TRUE,Single Family,2020,487990,2020-04-03,4,2020,3,3,2,0,1,0,0,0,7052,1589,2.1333333333333333,3.6666666666666665,480,14,3,3,2,0
29391055,3706 Commerce St,78721,"Small craftsman style home needing some updates.  Has a lot of potential.  Small rubbermaid laundry room with washer/dryer included in sale.

Neighborhood Description

quiet neighborhood, down home feel.",30.27993583679199,-97.69351959228516,0,FALSE,FALSE,FALSE,TRUE,Single Family,1950,195000,2018-03-09,3,2018,15,5,2,0,0,0,0,0,7405,492,2.033333333333333,3.333333333333333,635,13,1,2,1,68
2089192053,1122 Berger St,78721,Come see this rare East Austin home featuring a Chef's Dream Kitchen w/ stainless steal appliances overlooking the spacious backyard. Kitchen features loads of counter space with solid quartz counter tops & custom all wood cabinets & ample storage. Stained concrete floors in common areas & Chemical Free Bamboo as well as Modern remote control ceiling fans in all rooms. Larger backyard has 3 large pecan trees & privacy fence all around. First showings at Open House June 9th. Email all offers by June 10th.,30.270814895629886,-97.68767547607422,0,FALSE,FALSE,FALSE,FALSE,Single Family,1971,279900,2018-08-01,8,2018,15,0,0,0,0,0,0,0,7405,1169,1.3333333333333333,3,406,11,2,3,1,47
29387051,1140 Garland Ave,78721,"Great close-in location, this 2 bedroom, 1 bath home would love some TLC but the potential is there to regain its charm. Eastside neighborhood with lots of new construction going on. Close to all the hip happenings on the eastside and only 4 miles to downtown Austin and UT.",30.271034240722656,-97.6851043701172,2,FALSE,TRUE,FALSE,FALSE,Single Family,1940,250000,2019-06-06,6,2019,12,6,2,0,0,0,0,0,5967,788,1.3,3,406,11,1,2,1,79
29387049,1144 Garland Ave,78721,"Complete remodel updated amazingly and ready for move in! Beautiful touches throughout, including all new fixtures, tile, floors, paint, recessed lighting, new stainless appliances, cabinets, quartz counter tops, just too much to list! Every surfaced remodeled including 3 bedrooms and 3 full baths. Great location extremely close to downtown Austin! Come see it!",30.271337509155284,-97.68507385253906,0,FALSE,FALSE,FALSE,FALSE,Single Family,1944,339000,2019-05-23,5,2019,15,4,1,0,0,0,0,0,6185,1544,1.3,3,406,11,3,3,1,75
29387046,5508 Ledesma Rd,78721,Great investment. .1836 acres that backs to the Greenbelt in up coming East Austin 78721. Buy now and see your investment grow. Very little areas in East Austin that you can buy this low!,30.26950645446777,-97.68043518066406,0,FALSE,FALSE,FALSE,FALSE,Single Family,1973,236000,2019-04-11,4,2019,1,2,0,0,0,0,0,0,8015,1160,1.366666666666667,3,406,11,3,3,1,46
29392583,1807 Elmira Rd,78721,"1807 Elmira Rd, Austin, TX 78721 is a single family home that contains 1,092 sq ft and was built in 2002. It contains 3 bedrooms and 2 bathrooms. 
 
The Zestimate for this house is $311,753. The Rent Zestimate for this home is $1,890/mo.",30.28524971008301,-97.68517303466795,2,FALSE,TRUE,FALSE,TRUE,Single Family,2002,298000,2020-12-11,12,2020,31,7,2,2,1,0,0,0,10759,1092,2.0666666666666664,3.333333333333333,635,13,2,3,1,18
29392544,1800 Elmira Rd,78721,"1800 Elmira Rd, Austin, TX 78721 is a single family home that contains 1,873 sq ft and was built in 1957. It contains 4 bedrooms and 3 bathrooms. 
 
The Zestimate for this house is $594,169. The Rent Zestimate for this home is $2,700/mo.",30.284704208374023,-97.68580627441406,2,FALSE,TRUE,FALSE,FALSE,Single Family,1957,499950,2019-06-03,6,2019,1,4,2,0,0,0,0,0,8712,1873,2.0666666666666664,3.333333333333333,635,13,3,4,1,62
29387039,5504 Ledesma Rd,78721,"5504 Ledesma Rd, Austin, TX 78721 is a single family home that contains 1,260 sq ft and was built in 1955. It contains 3 bedrooms and 2 bathrooms. 
 
The Zestimate for this house is $409,550. The Rent Zestimate for this home is $1,675/mo.",30.269805908203125,-97.68064880371094,1,FALSE,TRUE,FALSE,TRUE,Single Family,1955,330000,2020-04-17,4,2020,1,1,2,1,1,0,0,0,10454,1260,1.366666666666667,3,406,11,2,3,1,65
29392537,1707 Astor Pl,78721,"1707 Astor Pl, Austin, TX 78721 is a single family home that contains 1,530 sq ft and was built in 1963. It contains 3 bedrooms and 2 bathrooms. 
 
The Zestimate for this house is $504,096. The Rent Zestimate for this home is $2,450/mo.",30.284223556518555,-97.686553955078125,3,FALSE,TRUE,FALSE,TRUE,Single Family,1963,459900,2020-02-07,2,2020,21,7,2,0,0,0,0,0,11761.2,1530,2.033333333333333,3.333333333333333,635,13,2,3,1,57
2117606456,1155 Ebert Ave,78721,"Fantastic one of a kind home in central East Austin. If you're ready to fall in love with the character of thoughtful construction and upgrades, come take a look. Enjoy low bills and minimal maintenance with this 3 Star Green Rated Home. Reclaimed old growth beams accent an open and modern kitchen, stained concrete floors, SIPS construction, no VOC paint, deck just right for weekend entertaining or your morning coffee alone.",30.27140617370605,-97.6863250732422,2,FALSE,TRUE,FALSE,FALSE,Single Family,2003,385000,2018-05-17,5,2018,21,3,1,0,0,0,0,0,7405,1280,1.3333333333333333,3,406,11,2,3,1,15
29391531,1715 Hillcrest Ln,78721,"Breathtaking architectural Mid-Century Modern on large lot. Open floor plan. Completely remodeled including new roof, recessed lighting, HVAC, driveway and beautiful cedar siding w/ architectural steel privacy screen. New Anderson energy efficient windows. Gorgeous glass subway tile accents the kitchen w/ energy star dishwasher and microwave, chef quality gas stove. Cook your meal and serve guests directly from doorway to huge covered deck made for entertaining. Spacious master w/ new engineered hardwood floors, view through French doors that open to deck and modern fenced yard. Luxurious spa en-suite w/ large soaking tub, frameless glass shower, double vanity, Carrera marble floors, and walk-in closets. Large open living area w/ raised ceilings Guest bath has designer tile, soaking tub/shower and floating vanity. 2nd BR has 2 closets for extra storage. Spacious 3rd BR w/ view to back yard. Tons of curb appeal and luxury as you stroll down the limestone path into your new dream home",30.27873420715332,-97.6760482788086,0,FALSE,FALSE,FALSE,FALSE,Single Family,1964,430650,2019-04-11,4,2019,29,2,0,0,0,0,0,0,7797,1305,2.1333333333333333,3.6666666666666665,480,14,2,3,1,55
29392530,1605 Astor Pl,78721,"Updated modern home in great pocket neighborhood- over 2200 sq ft. Open, inviting concept, 4 bed + flex/office, large storage shed, 2 car garage. Modern baths, energy efficient windows, LED lighting & an open kitchen. Walkable/bike-able to Mueller, Contigo, Alamo Draft. Close to major freeways & downtown. Quiet street and beautiful wooded lot. Perfect for someone/family who love design and the outdoors.",30.282981872558604,-97.688018798828125,0,FALSE,FALSE,FALSE,FALSE,Single Family,1970,535000,2018-06-13,6,2018,38,3,1,0,0,0,0,0,12632.4,2254,2.033333333333333,3.333333333333333,635,13,3,4,1,48
121654923,4603 Alf Ave,78721,"Beautifully maintained contemporary home with high-end finishes in the heart of East Austin. Large tree-shaded lot with fully fenced backyard. Soothing hues, modern lighting and large windows throughout. Fabulous living room has tray ceiling and beautiful flooring. Kitchen boasts gorgeous SS appliances, bar seating, gas cooking and tons of natural light. Spacious living with private backyard, deck and pergola for entertaining. Minutes from downtown, lake, hike & bike trail and other east Austin favorites.",30.26838684082031,-97.6933135986328,2,FALSE,TRUE,FALSE,FALSE,Single Family,2014,549700,2020-09-15,9,2020,40,7,2,3,0,0,0,0,9801,1782,1.3,3.333333333333333,437,11,3,3,2,6
29392527,4502 Glomar Ave,78721,"4502 Glomar Ave, Austin, TX 78721 is a single family home that contains 864 sq ft and was built in 1966. It contains 3 bedrooms and 1 bathroom. 
 
The Zestimate for this house is $340,112. The Rent Zestimate for this home is $1,750/mo.",30.28203010559082,-97.68647003173828,0,FALSE,FALSE,FALSE,FALSE,Single Family,1966,290000,2019-02-12,2,2019,1,0,1,0,0,0,0,0,5662,864,2.033333333333333,3.333333333333333,635,13,1,3,1,53
2080543026,4606 Ledesma Rd #1,78721,"Beautiful & exceptionally built home by Blue Wizard Homes. This 4BR/3BA home is an energy-efficient, smart home equipped w/ low-voltage LED lighting & CAT6 wiring. Chefs kitchen w/ SS appliances & walnut cabinets that opens to the living area, polished concrete down, hardwood floors up, fenced-in yard w/ garage. Large Master bedroom has ensuite bathroom w/ floating double vanity & under cabinet lights. Home also has tankless water heater for instant hot water & spray foam insulation. A MUST SEE HOME!",30.27408218383789,-97.6895523071289,1,FALSE,TRUE,FALSE,FALSE,Single Family,2020,624900,2020-05-22,5,2020,28,5,2,3,0,0,0,0,8102,1685,1.4333333333333331,3,406,11,3,4,1,0
70326411,1309 Fort Branch Blvd,78721,"Finishing touches and ready for new owner! New Construction! Traditional MX3 homes design ideally located near downtown, UT and everything urban. Open concept and great flow. Sealed concrete floors on 1st floor. weathered wood floors on stairs, loft and master. Neutral low-pile carpet in 2nd /3rd bedrooms. Silestone counters, SS appliances, soft white shaker cabinets in kitchen. Bonus room off of kitchen ideal for office or studio. 1 car garage. Deck and private yard. Sq footage approx per builder.",30.27711677551269,-97.679901123046875,1,FALSE,TRUE,FALSE,FALSE,Single Family,2017,484990,2018-10-31,10,2018,37,4,2,0,0,0,0,0,5401,2147,2.2,3.6666666666666665,480,14,3,3,2,1
29388923,4802 Santa Anna St,78721,"4802 Santa Anna St, Austin, TX 78721 is a single family home that contains 576 sq ft and was built in 1950. It contains 2 bedrooms and 1 bathroom. 
 
",30.27494812011719,-97.68660736083984,1,FALSE,TRUE,FALSE,FALSE,Single Family,1950,199000,2018-06-23,6,2018,19,2,2,0,0,0,0,0,6838,576,2.1333333333333333,3.333333333333333,635,13,1,2,2,68
144242516,5000 Baker St,78721,"Must see!! New build beauty w/ high end finishes. Stand alone condo, feels like a SF w/ open concept, private yard & fence. Minutes to dtown, Mueller, UT, MoWilly Golf & easy access to major highways. SS Kitchen appliances, oversized SS farmhouse sink, polished concrete, decorative tile, custom cabinets, gorgeous glass backsplash, custom iron railing, Mahogany front door, designer paint colors. Enjoy the huge upper deck for entertaining. Please see docs for upgrades.",30.283260345458984,-97.6792221069336,1,FALSE,TRUE,FALSE,FALSE,Single Family,2018,499000,2018-10-05,10,2018,38,4,2,0,0,0,0,0,7627,1900,2.266666666666667,3.333333333333333,635,13,3,4,2,0
29395014,4516 Rimrock Trl,78723,"Stylish single-story home on quiet cul-de-sac in a hot section of East Austin! This 3 bedroom, 2 bath home features beautiful interior upgrades and a modern floor plan with recent hardwood flooring. Open, completely updated kitchen with center island, updated appliances, recessed lighting and a study alcove. Bathrooms recently updated with new tile with a new shower in master and new sink in the second bath. Charming 366 sq. ft. detached casita with  wood deck is perfect as a separate guest quarters or studio. Private .368 acre lot with a gorgeous heritage oak tree in the front yard; huge backyard backs to greenbelt and Morris Williams golf course. Easy access to Mueller Lake Park and Walnut Creek Bike Trail. Fast proximity to downtown and 5 minutes from the new Alamo Drafthouse/Mueller District dining and shopping.",30.28952217102051,-97.684600830078125,0,FALSE,FALSE,FALSE,FALSE,Single Family,1966,509000,2018-03-02,3,2018,28,3,1,0,0,0,0,0,16117.2,1764,2.6666666666666665,5,966,15,2,3,1,52
80096512,1147 Nickols Ave,78721,"East Austin bungalow in the desirable 78721 zip w/charming covered porch entry & backyard oasis w/a spacious deck perfect for entertaining & trees that create privacy. Wood floors, open plan, large kitchen w/lots of counter space & cabinet storage, pantry, double sink vanity, large walk-in shower, his & hers master closets, & large backyard deck. Near Springdale & Givens District parks, Minutes to Mueller shops!",30.276063919067383,-97.68482971191406,2,FALSE,TRUE,FALSE,FALSE,Single Family,2007,229990,2018-05-04,5,2018,15,7,2,0,0,0,0,0,5837,1512,2.1333333333333333,3.333333333333333,635,13,2,3,1,11
29391511,5205 Downs Dr,78721,"Fully permitted complete remodel! This is in an amazing location just 5 min to Mueller and 10 min to downtown and UT. Enjoy incredible outdoor entertaining space with a huge covered deck, additional sun deck, and a fenced in yard. Relax in your large owner suite with walk-in shower and closet. Cook up a meal in your completely remodeled kitchen with SS appliances, soft close cabinets, and quartz countertops! This home has it all!",30.280614852905284,-97.67830657958984,1,FALSE,TRUE,FALSE,FALSE,Single Family,1960,449000,2020-12-18,12,2020,24,4,2,3,0,0,0,0,8537,1260,2.1333333333333333,3.6666666666666665,480,14,3,3,1,60
89550509,1195 E M Franklin Ave,78721,"Cozy two-story, 2 bedroom, 1.5 bath, washer/dryer, dishwasher, fridge, large front yard, small side yard deck.",30.277477264404297,-97.69403839111328,0,FALSE,FALSE,FALSE,FALSE,Single Family,2006,299900,2019-10-18,10,2019,25,1,1,1,1,0,0,0,3528,920,2.033333333333333,3.333333333333333,635,13,2,2,2,13
29391504,1723 Bunche Rd,78721,"Charming East Austin cottage with updates, including flooring, bathroom, sewer line, paint, water heater, windows and foundation piers. Happy home with lots of natural light. Close to all the great restaurants and bars of the East Side. Large yard.",30.280128479003903,-97.67639923095705,0,FALSE,FALSE,FALSE,FALSE,Single Family,1958,284900,2019-01-17,1,2019,22,7,1,0,0,0,0,0,7753,840,2.1333333333333333,3.6666666666666665,480,14,1,3,1,61
29392503,1803 Wildrose Dr,78721,"This 3 bedroom home is in an outstanding location and on a large lot! Just minutes to the airport, downtown, and UT. Enjoy a gorgeous backyard with plenty of room to expand or rebuild. This quiet mature community that has easy access to all major highways, shopping, dining and Austin living!x",30.284629821777344,-97.6884765625,2,FALSE,TRUE,FALSE,TRUE,Single Family,1977,375000,2019-05-28,5,2019,36,0,2,0,0,0,0,0,20037.6,1884,2.0666666666666664,3.333333333333333,635,13,3,4,1,42
70353492,5711 Steven Creek Way,78721,"New flooring installed 4 years ago. Solid home built in '06 in wonderful, tight-knit community. 4 bedroom home with blinds, eat-in kitchen with dishwasher, disposal, microwave, refrigerator and large laundry room.  Master on ground floor has walk-in closet, deep garden tub and separate shower. Attached two-car garage. Fenced back yard with two trees. Amazing location: Govalle Park, S Walnut Creek trail, E Austin Studio Tour,bars/coffee/restaurants & Eastciders Tavern. Owner-agent.",30.25961303710937,-97.6858901977539,2,TRUE,TRUE,FALSE,FALSE,Single Family,2006,320000,2019-09-17,9,2019,14,5,2,1,1,0,1,0,4225,1718,1.2666666666666666,3,406,11,3,4,2,13
70348419,1123 Emmitt Run,78721,"1123 Emmitt Run, Austin, TX 78721 is a single family home that contains 1,025 sq ft and was built in 2005. It contains 3 bedrooms and 2 bathrooms. 
 
The Zestimate for this house is $340,579. The Rent Zestimate for this home is $1,850/mo.",30.25881767272949,-97.68546295166016,0,TRUE,FALSE,FALSE,FALSE,Single Family,2005,275000,2019-08-26,8,2019,22,5,1,0,1,0,1,0,4225,1025,1.2333333333333334,3,406,11,2,3,1,14
29384911,1120 Gardner Rd,78721,HUGE Income producing opportunity! This 3 bedroom 2 bathroom home is an investor's dream! Nestled on a quiet street in Johnston Terrace and located in highly acclaimed Austin ISD! Laminate flooring throughout and great o9pen floorplan!  Long term tenants/ currently on a month to month lease and are willing to renew.  Home is being sold AS IS. ZONED SF-3 and conveniently located near major highways and 182 project!,30.26145172119141,-97.6806640625,4,FALSE,TRUE,FALSE,TRUE,Single Family,1969,295000,2020-11-23,11,2020,26,3,2,0,0,0,0,0,9692,1080,1.3,3,406,11,2,3,1,51
70348399,5615 Steven Creek Way,78721,"Welcome to your new gorgeous 3 bedroom, 2 bath home in 78721! This bright and sunny home features an open floor plan, a covered back patio, large closets, gas cook top, and the refrigerator is included! Great location - close to trails, parks, playgrounds, and easy access to the airport and downtown! Recent updates include: Closet shelf tracks, fence, carpet, paint, and more! Don't miss out!",30.25873374938965,-97.68644714355467,0,TRUE,FALSE,FALSE,FALSE,Single Family,2006,314900,2018-02-23,2,2018,31,4,1,0,0,0,0,0,4225,1224,1.2333333333333334,3,406,11,2,3,1,12
70348396,5700 Steven Creek Way,78721,"Incredible East Austin location - completely remodeled home minutes from downtown and airport. New roof, new quartz counters, new stainless appliances, new flooring, paint, vanities, shower glass, lighting, fixtures, disposal, new sod & landscaping, new fence, new garage door, etc. This home already has an AHS transferable home warranty on all major systems and appliances. Home is ADA compliant in many ways. So close to all the conveniences of the city and is in a highly desirable & appreciating area.",30.25931739807129,-97.6866455078125,0,TRUE,FALSE,FALSE,FALSE,Single Family,2006,369900,2019-12-04,12,2019,17,5,1,0,3,0,0,0,4530,1058,1.2333333333333334,3,406,11,2,3,1,13
29384890,1050 Gardner Rd,78721,"Gorgeous, bright and completely remodeled single story house. This super clean house has brand new stainless steal appliances (fridge, oven, dishwasher, microwave), beautiful flooring, brand new cabinets and stone countertops. The large yard (1/4 acre) is shaded, cool and is the perfect afternoon sanctuary. The house is located .3 miles from the Walnut Creek Trail Head for easy walking, biking or running and has easy access to vibrant east Austin corridors (breweries, restaurants, art studios) and downtown.

Easy walking distance to:
- Govalle Park (with brand new pool) and greenbelt
- Walnut Creek hike & bike trail
- Johnston/Memorial High School

All utilities paid by renter.
All appliances included in the rent - washer/dryer, dishwasher, refrigerator, gas stove, over stove microwave.
No smoking.
Pet friendly. $200 deposit required toward cleaning fee at end of lease.
No garage; enclosed and can be used as storage area.
The yard is not completely fenced at the back.
Looking for a 6 or 12 month lease to start.
Landscaping to be completed by owner not renter.",30.258869171142567,-97.68282318115234,0,FALSE,FALSE,FALSE,FALSE,Single Family,1972,345000,2020-01-24,1,2020,41,2,2,0,0,0,0,0,10497,1198,1.2666666666666668,3,406,11,1.5,3,1,48
70353375,1101 Emmitt Run,78721,"EAST AUSTIN'S BEST VALUE newest built, under $350k ~ Low-maintenance and efficient East Austin single story located in a quiet neighborhood on the edge of development and minutes away from everything East Side. Mature trees provide plenty of shade on the side and back yards. Back patio & pergola shaded from the heat of the afternoon sun. Stained concrete floors, open floorplan, matching black appliances and fresh paint. Professional make-ready completed, all the little things are done, don't miss out.",30.257701873779297,-97.68617248535156,2,TRUE,TRUE,FALSE,FALSE,Single Family,2006,350000,2019-11-19,11,2019,24,6,2,2,0,0,0,0,5706,1420,1.2666666666666666,3,406,11,2,3,1,13
29384856,5500 Stuart Ct,78721,"Beautiful remodel in fantastic east Austin location!  Situated on a cul-de-sac, this 3 bedroom / 3 bathroom home has all of the upgrades making this home seem like new construction.  Kitchen is open to the family room and formal dining room.  Stunning new white kitchen cabinets with light granite countertops and stylish white subway tile backsplash - all brand new ss appliances.  Huge master suite with reading area and en suite bathroom.  Step out into your expansive covered patio and overlook your huge backyard.  Front bedroom has en suite bathroom and walk-in closet.",30.26177215576172,-97.68640899658205,0,FALSE,FALSE,FALSE,FALSE,Single Family,1974,354900,2018-07-27,7,2018,26,4,2,0,0,0,0,0,7710,1266,1.2333333333333332,3,406,11,3,3,1,44
2086237848,5401 Stuart Cir #B,78721,Fantastic new build in East Austin with a gorgeous 2nd floor sundeck! Open concept plan in the kitchen / living area. Bar seating plus a built in wine rack! Beautiful natural light throughout the property. Access to the sundeck through the master bedroom. Two full bathrooms upstairs! Front porch and back patio in addition to the fenced in yard make this space perfect for entertaining.,30.262420654296875,-97.68712615966795,0,FALSE,FALSE,FALSE,TRUE,Single Family,2019,419900,2019-06-28,6,2019,25,4,1,0,1,0,0,0,7361,1100,1.2,3,406,11,0,2,2,0
2091055323,1145 Shady Ln BLDG 5,78721,"Last remaining unit in New 6-unit development on one acre of land. Tile backsplashes, Stainless steel appliances and cedar trim details. Each unit has lots of privacy, natural light and large private yards with plenty of room for pets/gardening/entertaining. Walking distance to Govalle Park, Boggy Creek Greenbelt, ThinkEast Arts Complex. A quick bike ride to Canopy, Austin Tinkering School, Boggy Creek Farm, Austin Bouldering Project and everything east Austin has to offer.",30.263080596923828,-97.69058990478516,0,FALSE,FALSE,FALSE,FALSE,Single Family,2018,479990,2018-04-21,4,2018,30,0,1,0,0,0,0,0,7013,1791,1.2333333333333334,3,406,11,3,3,1,0
70348295,5609 Steven Creek Way,78721,"5609 Steven Creek Way, Austin, TX 78721 is a single family home that contains 808 sq ft and was built in 2006. It contains 2 bedrooms and 1 bathroom. 
 
The Zestimate for this house is $375,701. The Rent Zestimate for this home is $1,700/mo.",30.258441925048828,-97.68663787841795,0,TRUE,FALSE,FALSE,FALSE,Single Family,2006,300000,2019-08-28,8,2019,24,3,1,1,1,0,1,0,4225,808,1.2333333333333334,3,406,11,1,2,1,13
70348292,5601 Steven Creek Way,78721,"5601 Steven Creek Way, Austin, TX 78721 is a single family home that contains 1,867 sq ft and was built in 2006. It contains 3 bedrooms and 3 bathrooms. 
 
The Zestimate for this house is $479,944. The Rent Zestimate for this home is $2,030/mo.",30.258037567138672,-97.6868896484375,2,TRUE,TRUE,FALSE,FALSE,Single Family,2006,395000,2019-06-24,6,2019,1,7,4,0,0,0,0,0,5227,1867,1.2666666666666666,3,406,11,3,3,2,13
70348283,5606 Steven Creek Way,78721,"Pound for pound best deal for your buyers looking in east Austin. Original owners, updated with newer tile and laminate wood floors, new stainless appliances, butcher block counters/sink, upgraded lighting, newer paint in and out, lush private yard & a ton more! Great location conveniently located between downtown and ABIA (airport), bike to all things east Austin, PLUS the 10 mile Walnut Creek bike/hike trail! Don't miss out on this amazing home!",30.258548736572266,-97.68714141845705,0,TRUE,FALSE,FALSE,FALSE,Single Family,2006,375000,2018-02-08,2,2018,27,2,1,0,0,0,0,0,4530,1781,1.2333333333333334,3,406,11,3,3,2,12
29385761,6307 Thurgood Ave,78721,"This is truly a turn key purchase and a must see value for the $. High end cabinetry, large corner lot, recent roof, Perfect opportunity to purchase a move-in ready home. Not only has the home undergone a full remodel, but there is a great appliance package.  Minutes away from downtown Austin and ABIA. Easy access to IH35, 290, 71, & 183. The location is close, yet far enough away from construction, noise & traffic.",30.262025833129886,-97.67633819580078,0,FALSE,FALSE,FALSE,FALSE,Single Family,1972,345000,2019-10-22,10,2019,27,4,1,1,0,0,1,0,7579,1431,1.5,3,406,11,2,4,1,47
29385723,6200 Lotus Ln,78721,"Great opportunity to live in East Austin, rare 4 bedroom home, just needs your personal touches to make it yours.  Quick access to 183, minutes from the airport and downtown.  Parks, bike trails and urban farms near by.  Schedule your showing",30.26176071166992,-97.67903137207033,0,FALSE,FALSE,FALSE,FALSE,Single Family,1970,290000,2019-12-18,12,2019,25,1,0,1,1,0,0,0,7535,1637,1.366666666666667,3,406,11,2,4,1,49
29385721,1204 Arthur Stiles Rd,78721,"Virtually walk through this home with the 3D tour!*  Vacant & easy to go see! A new look for this adorable home! Painted inside & out! New HVAC in Jan, 2020. Home has granite counters, stainless appliances,beautiful cabinets, laminate wood floors, new carpet in 2019, open floor plan, 2 living areas. Location has quick access to downtown Austin & the airpot! Plus a storage building, fenced backyard.Several remodeled homes in the area.",30.26123809814453,-97.67810821533205,0,FALSE,FALSE,FALSE,FALSE,Single Family,1970,312000,2020-06-29,6,2020,20,3,0,1,0,0,0,0,5967,1587,1.4333333333333331,3,406,11,2,3,1,50
29385718,6203 Stiles Cv,78721,"6203 Stiles Cv, Austin, TX 78721 is a single family home that contains 1,132 sq ft and was built in 1969. It contains 2 bedrooms and 2 bathrooms. 
 
The Zestimate for this house is $362,619. The Rent Zestimate for this home is $1,800/mo.",30.26150131225586,-97.678466796875,2,FALSE,TRUE,FALSE,FALSE,Single Family,1969,315000,2020-11-16,11,2020,21,4,2,1,1,0,0,0,6098,1132,1.366666666666667,3,406,11,2,2,1,51
89549708,1117 Altum St,78721,"Famed KRDB design in the first-of-kind SOL community and minutes to the most exciting parts of East Central. Architecture intersects with affordability, thoughtful design and true sustainability at SOL; one of the nation's first net-zero energy capable developments. 1117 Altum offers the most forward design within SOL with its abundant use of steel for beautiful effect as well as functionality. Elevated full wrap-around exterior deck, large open volumes in interior and a double height floating stairwell are everyday reminders. Custom finishes including integral stucco, double office suite as a built-in, skylight banks and so on are endless. Gorgeous steel & cedar pergolas, zen concrete pavers, warm clumping bamboo and a soothing xeriscaped yard set the perfect mood for warm gatherings or as a peaceful respite in the yard. This home that simply can't be re-created at this price in East Central today.",30.25835418701172,-97.68367004394533,2,TRUE,TRUE,FALSE,FALSE,Single Family,2013,505000,2019-03-14,3,2019,25,4,2,0,0,0,0,0,4181,1671,1.2333333333333332,3,406,11,3,3,2,6
29385706,6207 Thurgood Ave,78721,"Spacious 3 Bedroom 1 Bath Open-Concept Home with Lots of Windows. Welcoming Natural Light. Fresh Custom Paint Inside and Out and Crown Molding throughout Home. Large Backyard, GREAT for Entertaining! A MUST SEE!",30.26203536987305,-97.67859649658205,1,FALSE,TRUE,FALSE,FALSE,Single Family,1969,229000,2019-09-17,9,2019,25,1,2,1,0,0,0,0,6098,1113,1.366666666666667,3,406,11,1,3,1,50
29383701,1111 Arthur Stiles Rd,78721,"Fantastic East Austin location close to so much vibrancy, art galleries, urban farms, food, coffee and Walnut Creek Trail. Rare 4 bedroom with 1 car garage, the floor plan is so flexible with room for guests, entertaining and a large master suite for ultimate privacy. Enjoy stunning unobstructed sunsets from your front porch, and secluded woods-like privacy from your back or side yard.",30.259382247924805,-97.67894744873048,1,FALSE,TRUE,FALSE,FALSE,Single Family,1970,150000,2020-09-11,9,2020,32,2,2,1,1,0,0,0,8232,1585,1.366666666666667,3,406,11,2,4,1,50
89546963,5909 Lux St,78721,"5909 Lux St, Austin, TX 78721 is a single family home that contains 1,414 sq ft and was built in 2011. It contains 3 bedrooms and 2 bathrooms. 
 
The Zestimate for this house is $504,243. The Rent Zestimate for this home is $2,395/mo.",30.258867263793945,-97.68467712402344,4,TRUE,TRUE,FALSE,FALSE,Single Family,2011,410000,2018-11-20,11,2018,1,7,2,0,0,0,0,0,3484,1414,1.2333333333333334,3,406,11,2,3,2,7
29383667,6102 Calmar Cv,78721,"Very trendy, newly renovated 3 bedroom home located very close to downtown Austin! Home features new roof, new flooring and new windows. The new galley kitchen features stainless appliances, stainless wall shelving and stainless vent hood. Wood laminate flooring throughout. Beautiful shade trees make this a really nice lot! Just minutes from 183 and an easy commute to downtown or the airport.",30.25654602050781,-97.6834487915039,1,FALSE,TRUE,FALSE,TRUE,Single Family,1984,305000,2020-06-04,6,2020,47,2,2,0,1,0,0,0,6795,1100,1.3,3,406,11,2,3,1,36
2092731665,1109 Thurgood Cir,78721,"East Austin charmer in Opportunity Zone and zoned SF3! This 3 bedroom, 2 full bath home offers new wood-look laminate flooring, new paint, freshly painted kitchen cabinetry, new countertops and backsplash in kitchen! SS appliances + a 1K credit for new dishwasher and range. Wood burning fireplace in large living area and walk in closets in every bedroom! New roof from 2019. Huge backyard with so much potential, and no neighbors directly behind.",30.261615753173828,-97.67606353759766,2,FALSE,TRUE,FALSE,FALSE,Single Family,1975,334999,2020-06-05,6,2020,17,2,2,1,0,0,0,0,7056,1209,1.5,3,406,11,2,3,1,45
29384138,906 Koerner Ln,78721,"906 Koerner Ln, Austin, TX 78721 is a single family home that contains 1,090 sq ft and was built in 1950. It contains 2 bedrooms and 1 bathroom. 
 
The Zestimate for this house is $528,882. The Rent Zestimate for this home is $1,900/mo.",30.257238388061523,-97.69104766845705,0,FALSE,FALSE,FALSE,FALSE,Single Family,1950,450000,2019-07-19,7,2019,1,0,2,0,0,0,0,0,17859.6,1090,1.2,3.333333333333333,437,11,1,2,1,69
89547530,5921 Lux St,78721,"5921 Lux St, Austin, TX 78721 is a single family home that contains 1,440 sq ft and was built in 2014. It contains 3 bedrooms and 2 bathrooms. 
 
The Zestimate for this house is $562,542. The Rent Zestimate for this home is $2,395/mo.",30.258731842041016,-97.6843719482422,2,TRUE,TRUE,FALSE,FALSE,Single Family,2014,485000,2020-10-06,10,2020,42,4,2,2,0,0,0,0,3920,1440,1.2666666666666666,3,406,11,2,3,2,6
2138640520,1104 Mahan Dr,78721,"1104 Mahan Dr, Austin, TX 78721 is a single family home that contains 1,183 sq ft and was built in 1979. It contains 4 bedrooms and 1 bathroom. 
 
The Zestimate for this house is $370,447. The Rent Zestimate for this home is $1,700/mo.",30.262466430664062,-97.6856918334961,0,FALSE,FALSE,FALSE,FALSE,Single Family,1979,289999,2018-06-15,6,2018,1,2,0,0,0,0,0,0,6969,1183,1.2333333333333332,3,406,11,1,4,1,39
83125473,4220 Threadgill St,78723,"This Garden Court style Craftsman home in the heart of Mueller is a rare find. An expansive front porch opens up to a central courtyard for sharing with friends and neighbors. Built by The Muskin Company, known for thoughtful, eco-friendly designs, this 2012 sq.ft., 3 bed/2.5 bath home offers an open floor plan with attention to detail. Stylish elements include warm concrete and hardwood floors, Haiku ceiling fans, wainscoting and plantation shutters. Nest thermostats and Lutron lighting bring state-of-the-art function. The heart of the home is the spacious kitchen with tons of counter space and storage, connected to a custom mudroom and a workstation perfect for homework. Sliding glass doors lead out to a private deck perfect for barbecues. Whether you enjoy the outdoors from your private deck or the shared courtyard, this home offers the best of both worlds, and requires no weekend yard work! Walk to Mueller Lake Park, the farmer's market, The Thinkery, Alamo & more.",30.29515266418457,-97.70142364501952,0,TRUE,FALSE,FALSE,FALSE,Single Family,2008,695000,2019-11-01,11,2019,27,3,1,2,1,0,1,0,2744,2012,1.8,6.666666666666668,1156,15,3,3,2,11
29401973,1613 Westmoor Dr,78723,"1613 Westmoor Dr, Austin, TX 78723 is a single family home that contains 1,080 sq ft and was built in 1955. It contains 3 bedrooms and 2 bathrooms. 
 
The Zestimate for this house is $470,148. The Rent Zestimate for this home is $2,095/mo.",30.306983947753903,-97.697357177734375,0,FALSE,FALSE,FALSE,FALSE,Single Family,1955,400000,2019-04-24,4,2019,1,0,1,0,0,0,0,0,6969,1080,1.633333333333333,5,966,15,2,3,1,64
120896918,4616 Ruiz St,78723,"4616 Ruiz St, Austin, TX 78723 is a single family home that contains 1,918 sq ft and was built in 2014. It contains 3 bedrooms and 3 bathrooms. 
 
The Zestimate for this house is $699,324. The Rent Zestimate for this home is $3,200/mo.",30.29914093017578,-97.7022476196289,0,TRUE,FALSE,FALSE,FALSE,Single Family,2014,699000,2020-12-18,12,2020,28,3,1,2,1,0,0,0,2613,1918,2,5,966,15,3,3,2,6
29401967,5209 Knight Cir,78723,"5209 Knight Cir, Austin, TX 78723 is a single family home that contains 953 sq ft and was built in 1955. It contains 3 bedrooms and 1 bathroom. 
 
The Zestimate for this house is $419,010. The Rent Zestimate for this home is $1,800/mo.",30.30621337890625,-97.69811248779295,0,FALSE,FALSE,FALSE,FALSE,Single Family,1955,359000,2019-12-16,12,2019,1,3,0,2,1,0,0,0,6534,953,1.6666666666666667,5,966,15,1,3,1,64
29406966,1419 Larkwood Dr,78723,"Attn Chefs, Bakers, Foodies & Big Families!! Ideal family/media room & kitchen made for entertainment. Kitchen has 2 commercial sinks & stove, inline instant hot/cold water and 220+ cuft of quite close cabinets.  Home is a complete remodel, including electric, plumbing, new HVAC & roof, w/ high end finishes, storage, LED lighting, marble bathroom, tankless water heater, crown molding, & sun tunnels. Master w/ en suite has separate entrance (could be used as a rental/office) & a 200 sqft storage shed/ADU.",30.31217384338379,-97.698333740234375,2,FALSE,TRUE,FALSE,FALSE,Single Family,1954,542995,2018-12-17,12,2018,39,3,3,0,0,0,0,0,9539,2221,1.5333333333333334,5,966,15,3,3,1,64
83125445,4444 Camacho St,78723,"4444 Camacho St, Austin, TX 78723 is a single family home that contains 1,544 sq ft and was built in 2008. It contains 3 bedrooms and 3 bathrooms. 
 
The Zestimate for this house is $656,494. The Rent Zestimate for this home is $2,650/mo.",30.295862197875977,-97.70110321044922,2,TRUE,TRUE,FALSE,FALSE,Single Family,2008,599900,2020-06-08,6,2020,42,5,3,1,1,0,0,0,3310,1544,1.8,6.666666666666668,1156,15,3,3,2,12
2110746442,2109 Mc Bee St,78723,"Standard Pacific Yard Home 

Neighborhood Description

Walking distance of Mueller HEB and Town Center and Lake Park",30.29729652404785,-97.70109558105467,2,TRUE,TRUE,FALSE,FALSE,Single Family,2013,725000,2020-11-10,11,2020,29,5,2,2,2,0,0,0,3484,2106,2.066666666666667,5,966,15,2.5,4,2,7
29406937,1403 Briarcliff Blvd,78723,"Updated home in a fantastic location! Minutes to Downtown, Mueller shopping/restaurants, and Bartholomew District Park, Pool, and Disc Golf Park. 2017 updates include brand new EE windows with lifetime warranty, new water heater, and exterior paint. In 2019-fresh interior paint & new SS center island/oven. Open concept floorplan w/ stained concrete flooring throughout. Living room wired for surround sound. Chef's grade gas cooktop in the kitchen. Incredible yard with large deck w/ chicken coop- perfect for entertaining! W/D and fridge convey!",30.316347122192383,-97.69782257080078,1,FALSE,TRUE,FALSE,FALSE,Single Family,1956,389900,2019-04-15,4,2019,1,5,2,0,0,0,0,0,8058,1152,0.7666666666666666,3,849,14,2,3,1,63
29409921,1413 Berkshire Dr,78723,"Stunning home with amazing pool just minutes to downtown! Updated kitchen with Silestone counters.  Fantastic wood floors in every room.  Open and bright floor plan!  Remodeled master bath oasis with quartz counter vanity, soaking tub and great natural light.  Brand new blackout solar shades in each bedroom.   Built-in quartz desk for two in guest bedroom.  Private backyard with huge patio overlooking the lovely saltwater pool.  Tons of storage.  Walk to Cenote! Close to everything Austin has to offer!",30.31671714782715,-97.6965103149414,2,FALSE,TRUE,FALSE,FALSE,Single Family,1955,274900,2020-06-08,6,2020,65,6,2,0,0,0,0,0,8276,1550,0.7333333333333334,3,849,14,2,3,1,65
29409917,1405 Berkshire Dr,78723,"Beautifully renovated single story mid-century home located in highly sought after Gaston Park. Featuring 3 bedrooms, 2 baths with wide open floor plan & loads of natural light. Eat-in kitchen open to family with breakfast bar, granite countertops and stainless steel appliances. Master suite with full bath with quartz countertops and walk-in shower. Enjoy entertaining in covered patio area or in the gorgeous backyard surrounded by flowers and native plants, along with towering mature shade trees. Minutes to downtown, shopping and dining.",30.31706047058105,-97.6972198486328,12,FALSE,TRUE,FALSE,TRUE,Single Family,1955,500000,2020-11-10,11,2020,29,3,2,2,0,0,0,0,7797,1209,0.7000000000000001,3,849,14,2,3,1,65
29406915,1402 Larkwood Dr,78723,"Mueller-Central Austin Location! This super cute home has all the Vintage Charm and great updates too! Loving the hardwood floors and new carpet Oct 2018, Fresh interior paint and super clean. Huge backyard for additions or outbuildings or maybe the best hip in Central Austin backyard lounge. NO HOA rules or fees!!!! Did I mention the big bedrooms, ya got 3! Do you Love Vintage a rage/oven? Ya so have the extra large room for one! Theses Trees give great hugs and vibes and well as Pecans.",30.31330490112305,-97.69966888427734,0,FALSE,FALSE,FALSE,FALSE,Single Family,1954,350000,2019-01-11,1,2019,27,4,1,0,0,0,0,0,9016,1354,1.5333333333333334,5,966,15,2,3,1,65
29409909,1301 Berkshire Dr,78723,"Don't miss out on this rare opportunity in HOT Windsor Park! Main house 4 bedroom/2 bath (1385 sqft) + 4-CAR Garage (816 sqft)!! + Apartment (516 sqft) w/kitchen and full size bath to bring in extra income! This really is a one of kind deal! Lots of recent big ticket updates include: new floors throughout, fresh paint, new roof, some updated windows, recent shower surround. Solid foundation, nice curb appeal, great trees... Short walk to Cenote and Hank's. Minutes to Mueller & Downtown.",30.317819595336925,-97.6987075805664,0,FALSE,FALSE,FALSE,FALSE,Single Family,1955,399000,2019-01-18,1,2019,26,1,1,0,0,0,0,0,8929,1981,0.7666666666666666,3,849,14,3,5,1,64
29406898,1406 Briarcliff Blvd,78723,"Honey, stop the car for this charming home in the heart of hot Windsor Park! This 3/2 home has it all and sits on a tree covered lot. The home features tile flooring throughout; 2 living areas; open kitchen with breakfast nook; garage, screened in patio; and ample storage. The HVAC and water heater were recently replaced and the electrical panel updated. If you're looking for vintage charm in close proximity to the shops and restaurants at Mueller Development, you don't want to miss this. Pre-inspected.",30.316614151000977,-97.69709777832033,1,FALSE,TRUE,FALSE,FALSE,Single Family,1957,364000,2019-04-12,4,2019,26,5,2,0,0,0,0,0,8842,1482,0.7333333333333334,3,849,14,2,3,1,62
29409886,1421 Hillcrest Dr,78723,"1421 Hillcrest Dr, Austin, TX 78723 is a single family home that contains 1,927 sq ft and was built in 1956. It contains 4 bedrooms and 3 bathrooms. 
 
The Zestimate for this house is $748,664. The Rent Zestimate for this home is $2,750/mo.",30.31706237792969,-97.69525146484376,4,FALSE,TRUE,FALSE,FALSE,Single Family,1956,699900,2020-10-15,10,2020,57,4,2,2,1,0,0,0,10454,1927,0.6666666666666666,3,849,14,3,4,1,64
80088883,1900 Tom Miller St,78723,"MLS# 2201588 - Built by CalAtlantic Homes - Ready Now! ~ Model Home bordered by Lake Creek Park and front greenspace. Oversized Mueller lot. 4 bdrm or 3 bdrm with study library. Open great room with high ceilings flows into dining and kitchen to create wonderful entertainment space. Wide center island, expansive counter space, cabinets and separate pantry.  Room for two master bath with separate vanities, garden tub, walk in shower and large walk in closet. Covered front and back porch.",30.29397964477539,-97.70689392089844,2,TRUE,TRUE,FALSE,FALSE,Single Family,2007,815000,2018-11-30,11,2018,13,2,2,0,0,0,0,0,5549,2669,1.5666666666666669,6.666666666666668,1156,15,3,4,2,11
29406878,1314 Yorkshire Dr,78723,"Adorable single story home in Windsor Park area on a corner lot, fresh paint throughout the interior, new flooring in living room and bed rooms, some original features left in place. Move-in ready for a new owner wanting to live in Austin, less than 2 miles from Dell Children Hospital and Austin Community College Highland location and 5 miles from University of Texas and Brackenridge Hospital, as well as, near shopping centers, malls, and parks. A great location minutes away from downtown Austin.",30.31627655029297,-97.698486328125,2,FALSE,TRUE,FALSE,FALSE,Single Family,1955,390000,2019-04-12,4,2019,22,1,2,0,0,0,0,0,7100,1585,0.7666666666666666,3,849,14,2,3,1,64
29401990,1615 Corona Dr,78723,"Built in 1954, this little gem sits on a larger, corner lot and has loads of potential.  The bathroom has been updated with a nice lbig shower and the kitchen has recent cabinetry and appliances.  All windows have been replaced except for the cool casements in the front.  Originally a 3 bedroom, one wall was removed and now a floor to ceiling curtain hangs there, dividing that bedroom from the kitchen space.  There is a covered porch across the back and a very large storage building with a covered walkway to get there from the house.  The driveway enters from Berkman drive and there is plenty of room for adding on to the house.  Come see all of the potential in this property located just a few blocks from the Mueller Development and Bartholomew Pool, in one of the coolest old neighborhoods of Austin.",30.30831718444824,-97.69629669189452,0,FALSE,FALSE,FALSE,FALSE,Single Family,1954,389000,2020-07-31,7,2020,39,0,1,1,0,0,0,0,8712,936,1.6,5,966,15,1,2,1,66
120897872,4508 Page St,78723,"4508 Page St, Austin, TX 78723 is a single family home that contains 1,539 sq ft and was built in 2013. It contains 3 bedrooms and 3 bathrooms. 
 
The Zestimate for this house is $642,442. The Rent Zestimate for this home is $2,695/mo.",30.29773330688477,-97.70130920410156,2,TRUE,TRUE,FALSE,FALSE,Single Family,2013,599000,2020-07-24,7,2020,25,5,2,1,1,0,1,0,2308,1539,2.066666666666667,5,966,15,3,3,2,7
29409868,1304 Hillcrest Dr,78723,"1304 Hillcrest Dr, Austin, TX 78723 is a single family home that contains 1,106 sq ft and was built in 1955. It contains 3 bedrooms and 1 bathroom. 
 
The Zestimate for this house is $379,856. The Rent Zestimate for this home is $1,900/mo.",30.31856155395508,-97.69734954833984,0,FALSE,FALSE,FALSE,FALSE,Single Family,1955,319500,2019-02-15,2,2019,22,2,1,0,0,0,0,0,8058,1106,0.7333333333333334,3,849,14,1,3,1,64
29409865,1400 Hillcrest Dr,78723,"Cute and cozy home available in the Windsor Park neighborhood. This house is conveniently located to downtown, the airport and wonderful shops and restaurants. Nice size lot with beautiful trees and mature plants. Home is being sold As Is. Text agent to schedule showings.",30.31830596923828,-97.696807861328125,1,FALSE,TRUE,FALSE,FALSE,Single Family,1955,375000,2020-05-22,5,2020,21,2,2,0,0,0,0,0,7797,1464,0.7000000000000001,3,849,14,2,3,1,65
29406853,1311 Yorkshire Dr,78723,"1311 Yorkshire Dr, Austin, TX 78723 is a single family home that contains 1,288 sq ft and was built in 1958. It contains 3 bedrooms and 1 bathroom. 
 
The Zestimate for this house is $479,112. The Rent Zestimate for this home is $2,190/mo.",30.316125869750977,-97.69929504394533,1,FALSE,TRUE,FALSE,FALSE,Single Family,1958,425000,2020-06-05,6,2020,66,2,2,2,1,0,0,0,8145,1288,0.8000000000000002,3,849,14,1,3,1,62
29409851,1409 Glencrest Dr,78723,"1409 Glencrest Dr, Austin, TX 78723 is a single family home that contains 1,402 sq ft and was built in 1956. It contains 3 bedrooms and 2 bathrooms. 
 
The Zestimate for this house is $423,363. The Rent Zestimate for this home is $1,995/mo.",30.31823348999023,-97.6957550048828,0,FALSE,FALSE,FALSE,FALSE,Single Family,1956,359400,2019-05-08,5,2019,1,2,0,0,0,0,0,0,7405,1402,0.6666666666666666,3,849,14,2,3,1,63
29409843,1303 Glencrest Dr,78723,"1303 Glencrest Dr, Austin, TX 78723 is a single family home that contains 1,402 sq ft and was built in 1956. It contains 3 bedrooms and 2 bathrooms. 
 
The Zestimate for this house is $510,107. The Rent Zestimate for this home is $2,200/mo.",30.31891822814941,-97.69720458984376,0,FALSE,FALSE,FALSE,FALSE,Single Family,1956,450000,2020-06-29,6,2020,36,4,1,3,1,0,1,0,8363,1402,0.7000000000000001,3,849,14,2,3,1,64
29409841,1302 Glencrest Dr,78723,"Total remodel in up-and-coming Windsor Park neighborhood! New roof, siding, insulation, kitchen, baths and more! 3 large bedrooms, 2 full baths, 1 car garage on this large level lot. New patio is perfect for enjoying this large fenced in backyard. Gorgeous original wood floors throughout. Sold core five panel doors. All new landscaping. Move in ready!",30.31929016113281,-97.69685363769533,3,FALSE,TRUE,FALSE,FALSE,Single Family,1956,429900,2018-03-02,3,2018,24,7,4,0,0,0,0,0,7623,1269,0.6666666666666666,3,849,14,2,3,1,62
29406839,1200 Northridge Dr,78723,"Amazing location and multiple updates. Located across from a newly established Montessori school and surrounded by several high-end remodels, the home features many updates including new: solid core interior doors; attic insulation; fans and outlets in the bathrooms; paint; landscaping, and more. The majority of the windows will be replaced 8/13. The best features are the dog-friendly backyard and the location in terms of proximity to fun things and work. Only 3 minutes from Mueller and Alamo Drafthouse.",30.31585121154785,-97.701080322265625,1,FALSE,TRUE,FALSE,TRUE,Single Family,1959,360000,2019-09-20,9,2019,20,3,2,0,1,0,0,0,9452,1326,1.5333333333333332,5,966,15,2,3,1,60
120899329,2104 Mcbee St,78723,"**Subject to City of Austin SMART Housing and Mueller Foundation Affordable Home Program requirements. (80% MFI). BUYER MUST HAVE PRE-QUALIFICATION**  See Process/COVID docs for application process. Walk to Thinkery, Drafthouse, HEB, hike & bike trails, playgrounds/community pools. Great Community to Live, Work, and Play! This is a resale-restricted home and must be sold to an income-qualified buyers. See Docs/Agent for details.**",30.297496795654297,-97.70147705078124,2,TRUE,TRUE,FALSE,FALSE,Single Family,2012,224317,2020-06-25,6,2020,25,3,3,0,1,0,1,0,1568,1459,2.066666666666667,5,966,15,3,3,2,8
29409828,1405 Glenwood Dr,78723,"Updated Windsor Park home featuring a minimalist, modern interior.",30.31905746459961,-97.695556640625,2,FALSE,TRUE,FALSE,TRUE,Single Family,1957,494950,2019-11-07,11,2019,1,8,2,0,0,0,0,0,8494,1330,0.6666666666666666,3,849,14,2,3,1,62
29405486,1305 Suffolk Dr,78723,"1305 Suffolk Dr, Austin, TX 78723 is a single family home that contains 2,138 sq ft and was built in 1955. It contains 4 bedrooms and 3 bathrooms. 
 
The Zestimate for this house is $588,747. The Rent Zestimate for this home is $2,800/mo.",30.310197830200195,-97.7024154663086,0,FALSE,FALSE,FALSE,FALSE,Single Family,1955,480000,2018-03-17,3,2018,29,2,1,0,0,0,0,0,7056,2138,1.6333333333333335,5,966,15,3,4,2,63
29406805,1206 Ridgemont Dr,78723,"Classic Windsor Park Mid-Century all-brick rancher. Still owned and occupied by the same family who built the home in 1956. The tall fence and remote-controlled electronic gate create a peaceful and private front yard oasis. In the kitchen, original custom knotty pine cabinetry and quartz countertops combine to provide the perfect blend of old and new. Exterior features include metal roof and custom-built covered patio. Exterior storage room on patio and separate shed at rear of property.",30.313854217529297,-97.70269775390624,1,FALSE,TRUE,FALSE,FALSE,Single Family,1956,429000,2020-09-16,9,2020,52,2,2,2,3,0,0,0,9069,1404,1.5666666666666664,5,966,15,1,3,1,64
29406803,1210 Ridgemont Dr,78723,"This house oozes charm!  3BR, 2 BA home with stunning hardwood floors throughout all the living areas.  New low e windows offer tons of natural light and views into the huge backyard.  Bonus room added to the back of house for extra living space.  Multiple areas out back for entertaining.  Lots of vintage character here in this well maintained home.  Close to everything!",30.31362533569336,-97.7023468017578,0,FALSE,FALSE,FALSE,FALSE,Single Family,1953,369000,2019-04-22,4,2019,33,3,1,0,0,0,0,0,9234,1618,1.5333333333333332,5,966,15,2,3,1,66
80091792,1921 Zach Scott St,78723,"An enchanted Craftsman style home located in the heart of Muller! Walk & bike everywhere. Front porch looks across to Lake Park which hosts Farmer's market on W/E. Open layout from the formal dining to the living area with soaring ceilings. Shaker style cabinets, granite countertops, island & separate pantry is everything you need in your kitchen. Decompress in your spacious master suite w/ double vanity, walk-in shower, & large closet. Separate laundry room and lots of storage. Private backyard garden.",30.29394340515137,-97.70623779296876,2,TRUE,TRUE,FALSE,FALSE,Single Family,2007,625000,2020-04-07,4,2020,37,7,3,2,2,0,1,0,3441,1842,1.5666666666666669,6.666666666666668,1156,15,3,3,2,13
29403787,1400 Westmoor Dr,78723,"1400 Westmoor Dr, Austin, TX 78723 is a single family home that contains 1,040 sq ft and was built in 1955. It contains 3 bedrooms and 2 bathrooms. 
 
The Zestimate for this house is $477,358. The Rent Zestimate for this home is $1,995/mo.",30.309703826904297,-97.70207977294922,1,FALSE,TRUE,FALSE,FALSE,Single Family,1955,389500,2018-09-07,9,2018,25,6,2,0,0,0,0,0,6534,1040,1.6333333333333335,5,966,15,2,3,1,63
2087145786,2308 Robert Browning St,78723,"2308 Robert Browning St, Austin, TX 78723 is a single family home that contains 3,380 sq ft and was built in 2017. It contains 5 bedrooms and 4 bathrooms. 
 
The Zestimate for this house is $1,121,361. The Rent Zestimate for this home is $4,594/mo.",30.29900550842285,-97.69886016845705,0,TRUE,FALSE,FALSE,FALSE,Single Family,2017,939000,2019-01-16,1,2019,39,4,1,0,0,0,0,0,3920,3380,2,5,966,15,4,5,1,2
29403785,1404 Westmoor Dr,78723,"Perfect starter home ready to renovate and make your own! The large lot has many beautiful trees, and a perfect location in desirable Windsor Park. Large deck and workshop in back which has electric and A/C, so could be turned into a small guest house or office. Contact list agent for showings.",30.30954360961914,-97.70174407958984,0,FALSE,FALSE,FALSE,FALSE,Single Family,1955,314900,2018-09-15,9,2018,23,4,1,0,0,0,0,0,7361,999,1.6333333333333335,5,966,15,1,3,1,63
145653268,4724 Vaughan St,78723,"4724 Vaughan St, Austin, TX 78723 is a single family home that contains 1,638 sq ft and was built in 2017. It contains 2 bedrooms and 3 bathrooms. 
 
The Zestimate for this house is $558,238. The Rent Zestimate for this home is $3,000/mo.",30.299650192260746,-97.69792175292967,2,TRUE,TRUE,FALSE,FALSE,Single Family,2017,565000,2020-11-13,11,2020,27,4,3,4,2,0,0,0,2178,1638,1.9333333333333336,5,966,15,3,2,2,3
29409763,6015 Sheridan Ave,78723,"Centrally located near IH 35 and Hwy 290 for easy access to UT, Dell Children's Medical and downtown.  Priced below 2018 tax appraisal.  Hardwood floors, central heat, nice trees and large backyard. LOT: 7641 sq. ft.

Home has been continuously rented since 1974.  TCAD value $241,708!

Will pay buyer agent commission.

This house will require a very, very modest (low budget) remodel to make it move-in ready.  
For example, $5,500 for a new central air condition and heating system!  $2,500 to refinish hardwood floors!  $3,000 for a new stove/oven and refrigerator!  A couple gallons of paint and a little elbow grease and its move-in ready!!!!!!!!!!

Price will increase once central air conditioning is added, interior is painted and hardwood floor coverings are refinished.  These matters are likely to begin in due course.  

House has central heat (ducts in attic); only $5,500 required to add central air conditioning.

NOT interested in listing the property with an agent at this time, but will entertain offers from buyer agents.

Showings available anytime.

Contact; Randy
Call/Text:  512.963.6971
Email: ranbec.55@gmail.com",30.31957626342773,-97.701263427734375,0,FALSE,FALSE,FALSE,FALSE,Single Family,1951,329000,2019-07-01,7,2019,20,2,2,2,2,0,0,0,7623,840,0.8000000000000002,3,849,14,1,2,1,68
29403751,1412 Broadmoor Dr,78723,"1412 Broadmoor Dr, Austin, TX 78723 is a single family home that contains 1,329 sq ft and was built in 1955. It contains 3 bedrooms and 2 bathrooms. 
 
The Zestimate for this house is $431,807. The Rent Zestimate for this home is $2,000/mo.",30.30853843688965,-97.70153045654295,0,FALSE,FALSE,FALSE,FALSE,Single Family,1955,359900,2018-09-25,9,2018,19,3,1,0,0,0,0,0,7361,1329,1.6666666666666667,5,966,15,2,3,1,63
80092247,1908 Tom Miller St,78723,"Highly desirable Mueller neighborhood w/ great open floor plan overlooking hike/bike trail. Huge windows bring in an abundance of natural light.  Gorgeous interior includes: hickory hardwood floors, steel iron doors, silestone counters, shaker cabinets, crown molding, spray foam, tankless H2O, native landscaping and more. Within walking distance to Alamo Draft House, farmers market, restaurants, pools, parks and all the vibrant amenities in Mueller.",30.29371452331543,-97.70687103271484,0,TRUE,FALSE,FALSE,FALSE,Single Family,2009,478165,2019-05-21,5,2019,38,4,2,0,2,0,1,0,4051,2669,1.5666666666666669,6.666666666666668,1156,15,3,4,2,10
29403722,1603 Broadmoor Dr,78723,"One of the largest homes in the neighborhood, this fully updated home has custom finishes throughout. Improvements are too many to list, so please see additional document for complete upgrade list. With four, spacious bedrooms, additional office/den space, large master suite with freestanding soaker tub, open kitchen floor plan with vaulted ceilings and skylights in main living space, new metal roof, electrical and plumbing, and a layout that could be excellent for Airbnb option, the benefits are endless.  Within walking distance to Mueller retail, restaurants, HEB and Alamo Drafthouse. You are conveniently located just 4 miles from UT and 5 miles from Downtown.",30.306699752807617,-97.69878387451172,0,FALSE,FALSE,FALSE,FALSE,Single Family,1955,525000,2018-03-14,3,2018,40,4,0,0,0,0,0,0,8015,2179,1.6666666666666667,5,966,15,4,4,1,63
145658720,4709 Camacho St,78723,"Exquisite farmhouse-style Mueller home designed by local architecture firm Clayton & Little. This 3 bed/2.5 bath home w 1/1 garage apt is all about the finishes. Herringbone brick patio & fireplace, white oak wood floors, plantation shutters & built-in entertainment center frame the living space. Quartz counters span the kitchen & butler's pantry. Luxuriate in the master suite w vaulted ceilings & finished w Carrara marble & free-standing tub. Truly walkable to all the neighborhood amenities.",30.29551696777344,-97.6980438232422,2,TRUE,TRUE,FALSE,FALSE,Single Family,2017,995000,2020-08-24,8,2020,32,7,3,3,2,0,1,0,3310,2756,2.1666666666666665,5,966,15,4,4,2,3
29403707,5204 Andover Pl,78723,"Spacious and updated home loaded with midcentury charm on a peaceful cul-de-sac in the heart of Windsor Park. One third acre private yard with beautiful mature trees that back to creek and wooded area; enjoy outdoor living on expansive deck and screened in porch. Inside, stunning hardwood floors, floor-to-ceiling windows, and a thoughtful floor plan to maximize space. Close to downtown, walkable to Mueller, Alamo Draft House, HEB, Torchy's, and Bartholomew Park with easy access to a pool. Refrigerator, Washer, Dryer, Microwave, Oven/Range, Dishwasher provided.

Tenant pays for utilities, trash and maintains yard and pest control.",30.30716133117676,-97.7005386352539,1,FALSE,TRUE,FALSE,FALSE,Single Family,1955,370000,2018-04-25,4,2018,23,6,2,0,0,0,0,0,13068,988,1.6666666666666667,5,966,15,1,2,1,63
29403705,1505 Broadmoor Dr,78723,"This versatile home is ideal for roommates or large family.  Layout is three bedroom, two bath with another section with two bedrooms and one bath.  Spacious corner lot in the best part of Northeast Austin.  Great Value.",30.30739784240723,-97.700164794921875,1,FALSE,TRUE,FALSE,FALSE,Single Family,1955,360000,2018-12-15,12,2018,29,3,2,0,0,0,0,0,8407,1873,1.6666666666666667,5,966,15,3,5,1,63
29401986,1608 Westmoor Dr,78723,"LOCATION, LOCATION, LOCATION! Windsor Park near great shopping and dinning. Completely renovated home with lots of custom finishes. Open concept and beautiful kitchen with tasteful granite and new stainless appliances. New roof, New HVAC, and so much more. Huge lot provides for many options and additional future development.",30.30754280090332,-97.69743347167967,1,FALSE,TRUE,FALSE,FALSE,Single Family,2018,399000,2019-02-22,2,2019,33,3,2,0,0,0,0,0,6969,1057,1.6,5,966,15,1,3,1,1
29403692,5111 Lancaster Ct,78723,"For Rent : A Prime location 2 bedroom/1 bath cottage in Central East Austin. 3.5 miles from Downtown Austin. large Front yard. Handicap accessible ramp and bathroom shower. and built your own. Close to Dell Children's Medical Center plus Paco's Tacos, Home Depot, and Mueller shopping including Alamo Drafthouse, Torchy's Tacos, Lick Ice Cream, Kerbey Lane Cafe, AISD Performance Center, HEB grocery store,Starbucks, multiple parks, pools, and walking trails. All appliances are included.

$ 200 Small - Medium Pets Security Deposit required",30.308143615722656,-97.70570373535156,2,FALSE,TRUE,FALSE,FALSE,Single Family,1946,340000,2020-05-26,5,2020,34,2,3,0,0,0,0,0,6926,768,1.7333333333333332,5,966,15,1,2,1,74
120900188,4532 Ruiz St,78723,"4532 Ruiz St, Austin, TX 78723 is a single family home that contains 2,019 sq ft and was built in 2012. It contains 4 bedrooms and 3 bathrooms. 
 
The Zestimate for this house is $843,105. The Rent Zestimate for this home is $3,700/mo.",30.29827308654785,-97.70221710205078,0,TRUE,FALSE,FALSE,FALSE,Single Family,2012,650000,2019-06-25,6,2019,1,3,1,2,0,0,0,0,3484,2019,2.033333333333333,5,966,15,3,4,2,7
29405673,1700 Larkwood Ct,78723,"Perfect opportunity for investment or to customize your dream home! House gutted on the inside and the foundation has been leveled. Conveniently located on a corner cul-de-sac lot, just minutes away from the popular Mueller area, w/tons of shopping, restaurants, Alamo Drafthouse, HEB, and more!",30.310829162597656,-97.6942367553711,2,FALSE,TRUE,FALSE,FALSE,Single Family,1958,368000,2019-08-19,8,2019,13,0,2,0,0,0,0,0,9408,2035,1.5333333333333332,5,966,15,3,4,1,61
144970661,4212 Vaughan St,78723,"Comfortable  Mueller garden home 4 Bedroom, 3 full baths with game room , office and attached 2 garage",30.294097900390625,-97.69781494140624,2,TRUE,TRUE,FALSE,TRUE,Single Family,2016,859000,2020-07-07,7,2020,30,4,2,3,3,0,1,0,3310,2786,2.2,5,966,15,3,4,2,4
29402157,1708 Broadmoor Dr,78723,"Welcome to your updated mid-century-marvelous home nestled in an established, tree-lined East Austin neighborhood! Open floor plan, ample natural light, bamboo floors throughout. Generous kitchen and bar storage. 200 sqft of air-conditioned studio/office space. Limestone patios and pergola. Fenced, spacious backyard with shade and custom playscape & chicken coop. Only blocks from Bartholomew Park & Pool, HEB/Torchy's, Alamo Drafthouse, Thinkery, Mueller Lake Park, Mueller Farmers' Market, and more!",30.306007385253903,-97.69615936279295,6,FALSE,TRUE,FALSE,FALSE,Single Family,1968,475000,2019-08-13,8,2019,1,3,2,0,0,0,0,0,9975,1644,1.6666666666666667,5,966,15,2,3,1,51
29402151,1805 Westmoor Dr,78723,"Nestled in Windsor Park, This delightful mid-century remodeled home exudes modern charm in every single sqft. The well-appointed floor plan provides the perfect balance of light&space. Stylish kitchen,stainless steel appliances,storage space,counter space,wood floors,spacious master&walk-in closet will impress.The second family room overlooking the tranquil yard space will be your favorite space in the house for sure!Blocks away from Bartholomew Park & Pool,Mueller entertainment district,&so much more!",30.30600166320801,-97.69532012939452,2,FALSE,TRUE,FALSE,FALSE,Single Family,1970,550000,2020-06-01,6,2020,28,3,2,1,2,0,0,0,9539,1895,1.6666666666666667,5,966,15,2,3,1,50
29407128,1505 Devon Cir,78723,"Stunning 3/2 bungalow in the heart of desirable Windsor Park on a quiet cul-de-sac. Massive 1/3 acre lot with tall mature oaks, exquisite landscaping, and close access to neighborhood schools, parks, and shopping. Beautifully remodeled open floor-plan with silestone counters, hard surface floors, and designer touches throughout. Large laundry/pantry room, modern kitchen with bar, easy egress to beautifully constructed steel and wood covered patio. Outdoor storage and play area. A must see!",30.31411361694336,-97.69518280029295,0,FALSE,FALSE,FALSE,FALSE,Single Family,1956,459987,2019-09-10,9,2019,40,3,1,1,3,0,0,0,13939.2,1466,0.7999999999999999,3,849,14,2,3,1,63
29405628,1608 Ridgemont Dr,78723,Coming soon! Photos and details will be available shortly.,30.310407638549805,-97.69549560546876,1,FALSE,TRUE,FALSE,FALSE,Single Family,1954,359999,2019-01-15,1,2019,1,0,2,0,0,0,0,0,8703,1193,1.5333333333333332,5,966,15,1,3,1,65
29405627,1610 Ridgemont Dr,78723,"Delwood charmer. Lg country kitch, walkin pant., under cab organizers, open to family rm. Mstr w barn door closet+wardrobe w auto lighting. BR 2 w blt-in shelves & cabs. BR 3/study w barndoors closet + glass door inset blinds. Marble vanities 2 baths. FP w blt-ins. Faux wood blinds. Saltillo tile & hw floors. Lovely yd. Nest thermostat. Smart switch lightng. New exter. siding, paint & deck. Recent horizont. wood fence w cust.metal mesh gate. Secur.syst. 5 mi/15 min to DT. Walk to Bartholomew Pk & Mueller",30.31033515930176,-97.69530487060548,0,FALSE,FALSE,TRUE,FALSE,Single Family,1955,460000,2020-04-22,4,2020,29,5,0,2,3,0,1,0,9104,1625,1.838295658649848,5.778694090331862,1237,15,2,3,1,65
29407122,1608 Northridge Dr,78723,"Pre-inspected. Gardener's Dream Property! Solid midcentury home surrounded by lush landscaping and blooming fruit trees! Beautifully designed and upgraded with solar panels, rain water collection barrels, double paned windows, designer light fixtures, custom built cabinetry in bathrooms and dining area. Extended garage and patio could be perfect to accommodate an RV, or a mother in-law apartment, see list of upgrades for more info. Minutes to DT and UT. Walk to one of the best restaurants in town, Hank's.",30.312522888183604,-97.69441223144533,0,FALSE,FALSE,FALSE,FALSE,Single Family,1956,405000,2018-10-23,10,2018,26,4,1,0,0,0,0,0,13068,1711,1.5,5,966,15,2,3,1,62
145655121,4618 Kocurek St,78723,"Meticulously-maintained home loaded w upgrades & unique features! Custom butler's pantry finished w stained wood shelving & pipe brackets, subway tile backsplash & wine storage. Other features inc shiplap wall w built-in storage, bed & full bath down, custom media room w movie screen, tiered seating & stylish barn doors. Luxurious master offers frameless glass super shower & large walk-in closet. Extended garage perfect for workbench and storage! F/W/D convey. Walk to HEB, trails, pools & restaurants!",30.29953575134277,-97.69957733154295,2,TRUE,TRUE,FALSE,FALSE,Single Family,2017,885000,2020-09-02,9,2020,31,7,2,2,1,0,1,0,3571,2859,1.9333333333333336,5,966,15,3,4,2,3
29405621,1228 Broadmoor Dr,78723,"1228 Broadmoor Drive, Austin, TX 78723",30.30995178222656,-97.704986572265625,0,FALSE,FALSE,FALSE,TRUE,Single Family,1980,449900,2020-08-19,8,2020,111,5,1,2,3,0,0,0,7143,1080,1.6666666666666667,5,966,15,1,3,1,40
29407116,1508 Northridge Dr,78723,"Beautifully & fashionably updated home in HOT Windsor Park. Updated: kitchen & bathrooms -kitchen cabinets, backsplash, SS appliances, stone counters, under mount sinks, vanities, tile showers, lighting, flooring, windows, paint. Gorgeous re-finished original wood floors!! TWO car GARAGE! Metal roof. Big storage/ laundry room (not included in sq footage). Plumbing updated in house and including all important house to city lines. BIG yard. Almost a 1/4 acre. Super cute Mid-Century drive up appeal.",30.31320381164551,-97.69548797607422,0,FALSE,FALSE,FALSE,FALSE,Single Family,1955,460000,2019-08-26,8,2019,39,3,1,1,0,0,0,0,10193,1300,1.5,5,966,15,2,3,1,64
29407115,1506 Northridge Dr,78723,"Great central Austin location convenient to schools, shopping, etc.  Recent roof and extensive hard tile.  Beautiful deck,  large backyard and mature trees.",30.313291549682617,-97.69567108154295,2,FALSE,TRUE,FALSE,FALSE,Single Family,1955,350000,2019-08-02,8,2019,24,2,2,1,0,0,0,0,10018,1600,1.5,5,966,15,2,4,1,64
2077713613,4318 Tilley St,78723,"Sleek and Modern Mueller home completed in 2020! Plenty of space for all parties with the main house of 4 bedrooms, 3.5 baths plus an apartment above the garage with 1 bedroom, 1 bathroom, and a separate entrance. Ideal for a home office, guests, nanny, or rental income! Downstairs enjoy an open floor plan with a large gourmet kitchen, separate dining space, and a cozy fireplace just in time for winter. There is ample natural light throughout the home with large windows and stunning wood floors. Relax in the master retreat on the main floor with its huge walk-in shower and an oversized closet fit for a fashionista. Sit on the large front porch and get to know your new neighborhood! Outback is a low maintenance yard with a covered patio to enjoy the cool fall evenings. Upstairs includes a large secluded living space perfect for a media room, playroom or office. Two generously sized bedrooms share a beautiful bath and the third bedroom and bath could easily serve as a second master. When you need to step out, enjoy the miles of hike and bike trails, many parks, two pools,  weekly farmers' market, and tons of local businesses in the town center.",30.29532623291016,-97.6953582763672,4,TRUE,TRUE,TRUE,FALSE,Single Family,2019,1215000,2020-11-19,11,2020,31,4,1,2,1,0,0,0,4268,3307,2.1666666666666665,5,966,15,5,5,1,1
29405607,1313 Westmoor Dr,78723,"1313 Westmoor Dr, Austin, TX 78723 is a single family home that contains 1,781 sq ft and was built in 1956. It contains 4 bedrooms and 2 bathrooms. 
 
The Zestimate for this house is $539,982. The Rent Zestimate for this home is $2,450/mo.",30.30962371826172,-97.70319366455078,1,FALSE,TRUE,FALSE,FALSE,Single Family,1956,457000,2019-07-11,7,2019,1,6,2,1,1,0,0,0,9147,1781,1.6333333333333335,5,966,15,2,4,1,63
29402106,1704 Cloverleaf Dr,78723,Coming soon! Photos and details will be available shortly. Exclusively listed with REX and not available on the MLS.,30.309118270874023,-97.69476318359376,2,FALSE,TRUE,FALSE,FALSE,Single Family,1957,349999,2018-09-20,9,2018,28,4,3,0,0,0,0,0,9801,1416,1.5666666666666664,5,966,15,2,3,1,61
29405603,1305 Westmoor Dr,78723,"1305 Westmoor Dr, Austin, TX 78723 is a single family home that contains 1,080 sq ft and was built in 1956. It contains 3 bedrooms and 2 bathrooms. 
 
The Zestimate for this house is $401,154. The Rent Zestimate for this home is $1,975/mo.",30.30990219116211,-97.7040786743164,0,FALSE,FALSE,FALSE,FALSE,Single Family,1956,340000,2018-07-31,7,2018,1,2,1,0,0,0,0,0,7405,1080,1.6666666666666667,5,966,15,2,3,1,62
29407102,1606 Ridgehaven Dr,78723,"Windsor Park GEM!Mid-century beauty with tons of mechanical and cosmetic updates. Plumbing, windows, foundation all done. Remodeled primary bathroom, recessed lighting, fresh paint inside and out. Check out the shipping container in the backyard that creates as much storage as a garage. Utility room + extra area off of kitchen that works as an office/classroom etc..Big corner lot and park your cars behind a secure gate! Enjoy all the shopping. movies + dining at Mueller. Near UT and Downtown.",30.31200981140137,-97.69495391845705,0,FALSE,FALSE,FALSE,FALSE,Single Family,1955,495000,2020-09-16,9,2020,46,4,1,0,0,0,0,0,9060,1492,1.5,5,966,15,2,3,1,65
29409924,1419 Berkshire Dr,78723,"1419 Berkshire Dr, Austin, TX 78723 is a single family home that contains 1,152 sq ft and was built in 1956. It contains 3 bedrooms and 2 bathrooms. 
 
The Zestimate for this house is $473,118. The Rent Zestimate for this home is $1,950/mo.",30.31645393371582,-97.69596099853516,1,FALSE,TRUE,FALSE,FALSE,Single Family,1956,415000,2020-08-05,8,2020,29,3,2,1,1,0,1,0,7666,1152,0.7000000000000001,3,849,14,2,3,1,64
29407096,1507 Northridge Dr,78723,"Lovely and classic Austin Delwood charmer! This is a rare find in Central Austin & the Mueller area. With three bedrooms & two full bathrooms. Two good sized eating areas. Large living space. Wood floors, ceramic tile floors in bathrooms, newer energy efficient (low E) vinyl windows and newer doors. The home has many updates throughout. Very private, good sized back yard. A quick commute to downtown Austin. Walk to all that the Mueller area has to offer.",30.312849044799805,-97.69596099853516,1,FALSE,TRUE,FALSE,FALSE,Single Family,1955,400000,2018-06-19,6,2018,30,2,2,0,0,0,0,0,8712,1420,1.5,5,966,15,2,3,1,63
29402090,1800 Corona Dr,78723,"**MULTIPLE OFFERS, please submit BEST & FINAL offer by SUNDAY 3/29 10:00pm.No expense was spared to make this Windsor Park home a true oasis. Every part of this home was immaculately curated to create this ostentatious masterpiece.From the chef's kitchen to the zen-esque backyard, this home has everything you've been looking for and more. 3 bedrooms plus a study, 2 stunning bathrooms, an open floor plan, mud room, the list goes on and on.The home is walking distance to Mueller with all of its attractions.",30.30801773071289,-97.69457244873048,2,FALSE,TRUE,FALSE,FALSE,Single Family,1957,579000,2020-05-01,5,2020,25,2,2,0,1,0,0,0,9931,1878,1.5666666666666664,5,966,15,2,3,1,63
29405578,1306 E 52nd St,78723,"MAJOR PRICE REDUCTION!! GREAT INVESTMENT OPPORTUNITY!! SF-6 AMAZING LOCATION, CLOSE  TO MUELLER, DELL CHILDREN'S HOSPITAL, RESTAURANTS AND HEB. JUST MINUTES FROM UT, DOWNTOWN, NEW MEDICAL SCHOOL & MAJOR EMPLOYERS AND CAPMETRO.  THIS RENOVATED 3 BEDROOM HOME INCLUDES NEW METAL ROOF, INTERIOR & EXTERIOR PAINT, URGRADED COUNTERTOPS, FIXTURES, APPLIANCES, LIGHTING & HARDWARE. THIS BEAUTIFUL LOT OFFERS A HUGE BACKYARD WITH LARGE TREES, CARPORT AND A COVERED PATIO. MUST SEE TO APPRECIATE THE VALUE OF THIS PROPERTY!!!",30.30847358703613,-97.70503997802734,2,FALSE,TRUE,FALSE,FALSE,Single Family,1957,324900,2019-02-20,2,2019,27,4,3,0,0,0,0,0,9365,1280,1.7333333333333332,5,966,15,1,3,1,62
29407076,1507 Ridgehaven Dr,78723,Amazing opportunity to buy low on a 3 Bedroom home in Windsor Hills. This home features a solid floorplan on a great lot in one of the most coveted neighborhoods in north-central Austin. The seller has priced this home aggressively so don't hesitate - Contact your agent to schedule a showing today before it's gone!,30.3121337890625,-97.69640350341795,1,FALSE,TRUE,FALSE,FALSE,Single Family,1955,285000,2019-12-23,12,2019,24,2,2,0,1,0,0,0,7623,1177,1.5,5,966,15,1,3,1,64
29402076,1701 Cloverleaf Dr,78723,"Beautiful freshly remodeled home in desirable Mueller area! Minutes to downtown. Refinished oak floors, updated windows , ac and appliances. Large backyard with new deck! New blown in insulation in attic. Priced to sell quickly!",30.308900833129886,-97.69547271728516,2,FALSE,TRUE,FALSE,TRUE,Single Family,1965,599899,2020-07-06,7,2020,43,3,2,1,0,0,0,0,10062,1828,1.5333333333333332,5,966,15,2,3,1,55
145654070,4700 Camacho St,78723,"The best of what Mueller has to offer! Newer construction, David Weekley home with one of the best floorplans. Inviting front porch that leads you into the foyer which immediately showcases the hardwood floors and high ceilings that are throughout the downstairs. Open concept with oversized kitchen that features Silestone counters, huge island, double ovens, designer backsplash, ample cabinets & large pantry. Spacious family room with built-ins and wall of windows overlooking the back patio and outdoor space. The master is located downstairs and has a resort-worthy bathroom with super-sized shower & large closet. Upstairs, there is a gameroom, 3 full bedrooms and 2 bathrooms, perfect for your growing family and guests. Additional office located downstairs, 2-car garage, 45 foot wide lot plus all of the energy efficient features that David Weekley is known for. Mueller offers hike & bike trails, community pool, parks, Farmer's Market and great shopping, entertainment & restaurants.",30.295921325683604,-97.6983413696289,2,TRUE,TRUE,FALSE,FALSE,Single Family,2016,899000,2020-07-02,7,2020,59,4,3,2,1,0,1,0,3920,2902,2.1,5,966,15,4,4,2,4
29402067,1806 Rogge Ln,78723,"Beautiful Ranch style combined with modern & timeless architectural elements makes this home perfect for relaxed entertaining with its bright, open floor plan & a pool~Updates include roof, deck, tile, fixtures, floors, drywall, trim, doors & more~Updated kitchen contains new cabinets, butcher block counters, farm sink & SS appliances~2 gorgeous updated bathrooms with extensive tile work & a freestanding soaking tub that is a must see~You'll love the storage throughout, private yard with pool & location.",30.307048797607425,-97.69427490234376,2,FALSE,TRUE,FALSE,FALSE,Single Family,1959,524900,2019-01-17,1,2019,26,4,2,0,0,0,0,0,11325.6,1898,1.6000000000000003,5,966,15,2,3,1,60
29407066,1512 Ridgemont Dr,78723,"Don't miss this single story, mid century bungalow nestled on a quiet street in Delwood.  Oversized windows infuse your open space with morning and afternoon light. This updated home features refurbished original hard wood floors, quartz countertops and fresh paint throughout.  Easy access to the Mueller Development, Restaurants and Shopping. Centrally located just minutes to downtown and a short distance to public transportation. Don't let this one get away!",30.31081199645996,-97.69649505615234,0,FALSE,FALSE,FALSE,FALSE,Single Family,1954,399000,2019-05-31,5,2019,24,2,0,0,1,0,0,0,8929,1835,1.5,5,966,15,2,3,1,65
29405566,5308 Halwill Pl,78723,"5308 Halwill Pl, Austin, TX 78723 is a single family home that contains 1,216 sq ft and was built in 1955. It contains 3 bedrooms and 2 bathrooms. 
 
The Zestimate for this house is $484,472. The Rent Zestimate for this home is $2,200/mo.",30.31081581115723,-97.70343017578124,0,FALSE,FALSE,FALSE,FALSE,Single Family,1955,399000,2018-12-15,12,2018,26,5,1,0,0,0,0,0,7013,1216,1.6333333333333335,5,966,15,2,3,1,63
144970635,4208 Nitschke St,78723,"4208 Nitschke St, Austin, TX 78723 is a single family home that contains 2,314 sq ft and was built in 2015. It contains 3 bedrooms and 3 bathrooms. 
 
The Zestimate for this house is $850,197. The Rent Zestimate for this home is $3,334/mo.",30.294055938720703,-97.699432373046875,0,TRUE,FALSE,FALSE,FALSE,Single Family,2015,839000,2021-01-06,1,2021,1,0,1,0,0,0,0,0,3484,2314,2.2666666666666666,5,966,15,3,3,2,6
29405551,1302 Cloverleaf Dr,78723,"Beautiful home in the heart of Windsor Park. New Paint, new HVAC in 2015, close to Mueller, Nomad Bar, Hanks, several coffee shops and lots of other great spots. The yard and trees are amazing! Laundry room located behind garage. Come check out this great spot in north east Austin!!",30.31253242492676,-97.7023696899414,1,FALSE,TRUE,FALSE,FALSE,Single Family,1954,205000,2019-08-16,8,2019,29,4,2,1,1,0,0,0,7840,1204,1.6000000000000003,5,966,15,1,3,1,65
29407045,1416 Briarcliff Blvd,78723,"Stunning 3 bedroom/3 bathroom home with tons of upgrades including new flooring, HVAC, and insulation in 2015, 495-gallon rainwater collector and gutters, energy star stainless steel appliances and tankless water heater. Beautiful lot with large trees. 3rd bedroom has been an airbnb rental, has a separate entrance, private patio, sitting area, and separate bathroom. Close to Muller shopping and restaurants and minutes from Downtown Austin.",30.3161678314209,-97.6961669921875,0,FALSE,FALSE,FALSE,FALSE,Single Family,1958,399993,2018-12-01,12,2018,29,1,1,0,0,0,0,0,9234,1644,0.7000000000000001,3,849,14,3,3,1,60
29407044,1414 Briarcliff Blvd,78723,"1414 Briarcliff Blvd, Austin, TX 78723 is a single family home that contains 1,681 sq ft and was built in 1958. It contains 3 bedrooms and 2 bathrooms. 
 
The Zestimate for this house is $491,461. The Rent Zestimate for this home is $2,200/mo.",30.31626319885254,-97.69636535644533,2,FALSE,TRUE,FALSE,FALSE,Single Family,1958,450000,2020-04-17,4,2020,1,2,2,1,2,0,2,0,8886,1681,0.7000000000000001,3,849,14,2,3,1,62
29405536,1301 Ridgemont Dr,78723,"Fully-updated home in Delwood offers RARE combination of mid-century charm, open floorplan, and GREAT location! Experience meticulous design by long-time owners - not a single detail overlooked! Open living space and HUGE kitchen w/plenty of cabinet/counter space, bathroom features spacious zero-barrier shower, over-sized garage, and plenty of room to entertain in the MASSIVE backyard. Walk/bike to Bartholomew Park + everything Mueller and only a 10-minute drive to downtown. This home is truly a MUST-SEE!",30.312952041625977,-97.70208740234376,0,FALSE,FALSE,FALSE,FALSE,Single Family,1954,399000,2019-06-05,6,2019,24,4,1,1,0,0,0,0,7884,1326,1.5666666666666669,5,966,15,1,3,1,65
29407031,1429 Briarcliff Blvd,78723,"Cozy Cottage in Windsor Park. 1 mile from  everything Mueller. Very well maintained. All Appliances including Washer/Dryer. Remodeled Bathroom with new Tub,Tile, Toilet and Brush Nickle Fixtures. Roof, A/C, and Water Heater all less the 5 years old. Converted Garage is 4th bedroom with beautifully vaulted ceilings. French Drain in backyard, Storage shed included. This house is ripe for an addition and/or some personal touch. So much development in the area. Get a good piece of Austin before its gone!!",30.315263748168945,-97.695526123046875,0,FALSE,FALSE,FALSE,FALSE,Single Family,1956,314900,2019-10-02,10,2019,20,4,0,0,0,0,0,0,6751,1360,0.7666666666666666,3,849,14,2,4,1,63
29403793,1409 Corona Dr,78723,"Charming one of a kind 50's home.Original hardwoods in living area, updated kitchen, three bedrooms with an extended living area to make your own, playroom,office, library or study. Centrally located close to Mueller development and Downtown Austin. Spacious yard....great investment!",30.3104305267334,-97.70079803466795,2,FALSE,TRUE,FALSE,FALSE,Single Family,1954,264000,2018-05-26,5,2018,1,4,2,0,0,0,0,0,7840,1393,1.6000000000000003,5,966,15,2,3,1,64
29405529,1205 Ridgemont Dr,78723,"This mid-century modern home was completely renovated 18 months ago. The kitchen and bathrooms are brand new. Hardwood floors are original (refinished). The new windows provide an abundance of sunlight.

Owner pays for yard maintenance. Tenant responsible for trash and sewer, water, gas and electric.",30.31365776062012,-97.70329284667967,1,FALSE,TRUE,FALSE,FALSE,Single Family,1954,330000,2018-03-27,3,2018,15,2,4,0,0,0,0,0,7187,1120,1.6,5,966,15,2,3,1,64
2078948021,4613 Eberly St,78723,"Super-size your outdoor life in a rare garden court property in Mueller. This brand new home built by Empire Communities oozes classic appeal & modern style. A host of high-end finishes includes hardwood floors, white kitchen w subway tile backsplash, professional appliances, quartz countertops & marble master bath. This 3-bedroom/2.5 bathroom floor plan offers a private master suite w balcony, outdoor kitchen, private yard, office, mudroom, & game room across 2170 square feet of modern living space.",30.298131942749023,-97.69632720947266,2,TRUE,TRUE,FALSE,FALSE,Single Family,2020,849990,2020-08-28,8,2020,28,4,2,3,2,0,0,0,2395,2170,2.0333333333333337,5,966,15,3,3,1,0
145653521,4512 Camacho St,78723,"One of the largest plans in Mueller. Bright & highly upgraded on a corner lot. 11-ft ceilings & 8-ft doors. Downstairs are home office, 1/2 bath, bedroom w/ ensuite bath & open dining/kitchen/living areas with views of courtyard & covered patio.  Upstairs are 2 bedrooms, bath, large bonus room, main bedroom retreat w/ private balcony, main bath w/ dual vanities, walk-in shower & dual closets. Right in the middle of Mueller, you will be steps away from parks, pools, shopping & everything you want to do.Restrictions: Yes  Sprinkler Sys:Yes",30.29587173461914,-97.699493408203125,2,TRUE,TRUE,FALSE,FALSE,Single Family,2017,1050000,2020-09-25,9,2020,80,3,2,4,2,0,1,0,4338,3303,2.1666666666666665,5,966,15,4,4,2,3
29407015,1418 Northridge Dr,78723,"Fabulous house on super desirable street in Windsor Park area. HVAC in 2019, Water Heater in 2013, Metal Roof, Updated Kitchen and Floors, Recessed Lighting, a Huge Walk In Utility/Laundry Room, Lots of Closets and Storage Space and a Big Morgan Storage Building out back.  2 back patios & Gorgeous Red Oak, Live Oak, and Mt. Laurel Trees! Close to Mueller and all of its amenities, restaurants, retail stores, parks, walking trails and more. Quick Access to I-35, Downtown, HWY 290 & HWY 183.  Better Hurry!!!Restrictions: Yes",30.31396293640137,-97.69698333740234,2,FALSE,TRUE,FALSE,FALSE,Single Family,1955,419900,2020-09-25,9,2020,51,7,2,2,1,0,0,0,7927,1346,1.5,5,966,15,2,3,1,65
29401984,1612 Westmoor Dr,78723,"1612 Westmoor Dr, Austin, TX 78723 is a single family home that contains 2,150 sq ft and was built in 1955. It contains 3 bedrooms and 2 bathrooms. 
 
The Zestimate for this house is $590,524. The Rent Zestimate for this home is $3,000/mo.",30.30738639831543,-97.69709777832033,1,FALSE,TRUE,FALSE,FALSE,Single Family,1955,424900,2020-05-08,5,2020,2,3,2,0,0,0,0,0,7013,2150,1.6,5,966,15,2,3,1,65
29405479,1317 Corona Dr,78723,Delwood Area/Windsor Park area. 2018 Fully renovated and move-in ready! 3 bedroom 2 bathroom single story cottage style brick home. Large tree covered lot with custom carport and utility room. See full list of renovations in docs. Professional photos coming to the MLS by 05/25/18 Owner/Agent,30.31092643737793,-97.7020263671875,2,FALSE,TRUE,FALSE,FALSE,Single Family,1954,389900,2018-06-12,6,2018,37,4,3,0,0,0,0,0,7318,1140,1.6000000000000003,5,966,15,2,3,1,64
29402004,1609 Ridgemont Dr,78723,"Updated in Windsor Park on the Upper East Side! Super cute and maintained home close to Hanks, Mueller, UT, and downtown Austin. Shaker style white cabinets, granite counters, hardwood floors, and honeycomb tile throughout. Elegant master bath with frame-less shower, square soaker tub, two closets and dressing vanity area. Separate utility room with storage. Updated lighting fixtures, newer HVAC and tank-less water heaters. Expansive covered outdoor living and new storage or workshop! Don't miss this one!",30.30996513366699,-97.695770263671875,1,FALSE,TRUE,FALSE,FALSE,Single Family,1955,419000,2018-12-20,12,2018,39,3,2,0,0,0,0,0,8189,1436,1.5666666666666664,5,966,15,2,3,1,63
29405503,1303 Cloverleaf Dr,78723,"1303 Cloverleaf Dr, Austin, TX 78723 is a single family home that contains 1,600 sq ft and was built in 1955. It contains 3 bedrooms and 2 bathrooms. 
 
The Zestimate for this house is $518,917. The Rent Zestimate for this home is $2,200/mo.",30.31213188171387,-97.70256805419922,1,FALSE,TRUE,FALSE,FALSE,Single Family,1955,450000,2020-07-20,7,2020,25,1,2,0,1,0,0,0,8363,1600,1.6000000000000003,5,966,15,2,3,1,65
29402000,1612 Corona Dr,78723,"Adorable East Austin bungalow in Windsor Park! Tree-covered front yard with majestic 20 yr live oak. Updated kitchen w/ granite countertops, new Navien gas tankless hot water heater. Tons of built in/storage. Fresh paint in living room, hall. Original blinds.Fabulous location close to Downtown, Mueller, HEB, Torchy's & lots of shopping close! Potential sq ft size for expansion(additional 1117 sq ft to ground floor, and overall total 3,130 sf if 2nd story built. Architect feasibility study to be verified.",30.30873680114746,-97.6962661743164,1,FALSE,TRUE,FALSE,FALSE,Single Family,1954,343000,2018-12-10,12,2018,25,5,2,0,0,0,0,0,7405,879,1.5666666666666664,5,966,15,2,2,1,64
29411193,7307 Bucknell Dr,78723,"7307 Bucknell Dr, Austin, TX 78723 is a single family home that contains 1,877 sq ft and was built in 1967. It contains 3 bedrooms and 2 bathrooms. 
 
The Zestimate for this house is $457,169. The Rent Zestimate for this home is $2,200/mo.",30.3221435546875,-97.67292785644533,0,FALSE,FALSE,FALSE,FALSE,Single Family,1967,399999,2018-11-30,11,2018,1,2,1,0,0,0,0,0,15681.6,1877,1.2666666666666668,2.333333333333333,656,14,2,3,1,51
29411154,7307 Geneva Dr,78723,"Newly updated and stunning 4-bedroom home in University Hills. A clean, modern design featuring an open floor plan, beautiful stairway, bright light-filled rooms, and fully updated kitchen decked with all new stainless steel appliances. Fully renovated bathrooms and many, many more improvements, including all new windows, doors, trim, flooring, interior/exterior paint, water heater, roof (3/18), light fixtures, plumbing fixtures, and more. Huge backyard with mature trees. Enjoy your new home this Spring!",30.3222599029541,-97.6744613647461,0,FALSE,FALSE,TRUE,FALSE,Single Family,1967,519000,2018-05-12,5,2018,28,4,1,0,0,0,0,0,9408,2129,1.2666666666666666,2.333333333333333,656,14,3,4,2,51
29411152,7303 Geneva Dr,78723,"Stunning renovated beauty located in the highly desirable University Hills. This home beams with lots of natural light, featuring a great floor plan, new stainless steel appliances in kitchen, two living areas with a fireplace in the living & master bedroom. Great for entertaining or just hanging with family and friends.",30.321941375732425,-97.6741180419922,2,FALSE,TRUE,FALSE,FALSE,Single Family,1967,450000,2020-08-04,8,2020,83,0,2,1,0,0,0,0,8712,2225,1.2666666666666666,2.333333333333333,656,14,2,4,1,53
29411138,7404 Charlton Dr,78723,"Bright, beautifully remodeled 1968 house with open floor plan on large lot with mature heritage trees. New roof. 3 Bedroom, 2 full bathrooms. Open Family Room, Breakfast Area and Kitchen overlook new wood deck and huge private backyard w/ 2 sheds. There is a large office/study/living area at the front of the house w/ large windows. New recessed lights throughout. Laundry room leads to the 2-car garage with storage room. Brand new stainless appliances in kitchen, washer/dryer in laundry room.",30.32345771789551,-97.67505645751952,0,FALSE,FALSE,FALSE,FALSE,Single Family,1968,478000,2019-05-31,5,2019,22,4,1,0,0,0,0,0,12196.8,1594,1.3,2.333333333333333,656,14,2,3,1,51
29411053,7314 Hartnell Dr,78723,"Hot University Hills in 78723. 70's Mid-Century Ranch Style 4 Bedroom/2 Bath Single Story Home with 2 living areas plus 2 car garage. Lush St. Augustine front yard grass with automatic sprinkler system. Covered back patio with fenced-in backyard and mature trees. Laminate wood floors throughout living areas and hallways. Silestone kitchen countertops. Energy-efficient double pane windows. Built-in bookshelves by gas fireplace in living room. Nearby Dottie Jordan Park with community pool, tennis courts, walking trails. Close to 290/183 and I-35. Minutes to Mueller shopping, Alamo Drafthouse, the University of Texas, Austin Bergstrom International Airport, and Downtown Austin.",30.322162628173828,-97.6762237548828,0,FALSE,FALSE,FALSE,FALSE,Single Family,1970,374900,2018-06-30,6,2018,31,3,1,0,0,0,0,0,10018,1643,1.2333333333333334,2.333333333333333,656,14,2,4,1,48
29409975,1609 Ashberry Dr,78723,"1609 Ashberry Dr, Austin, TX 78723 is a single family home that contains 1,580 sq ft and was built in 1959. It contains 4 bedrooms and 2 bathrooms. 
 
The Zestimate for this house is $479,587. The Rent Zestimate for this home is $2,300/mo.",30.31803894042969,-97.6916732788086,1,FALSE,TRUE,FALSE,FALSE,Single Family,1959,300000,2019-08-16,8,2019,1,4,2,1,0,0,0,0,8712,1580,0.6333333333333333,3,849,14,2,4,1,60
29407475,6709 Tulane Dr,78723,"Remarkable, modern, FULLY REMODELED, open concept, 4 bed 2 bath home. LARGE MASTER SUITE includes BIG, decoratively tiled walk-in shower + BIG walk-in closet. This home features a detached office/studio with A/C unit, beautiful large trees providing shade + privacy, spacious covered patio, all new windows, flooring, doors, upgraded kitchen appliances, GAS STOVE TOP and MUCH MORE! Conveniently located within WALKING DISTANCE to HEB, restaurants, Austin Public Library, elementary school, and parks.",30.31220054626465,-97.6685791015625,0,FALSE,FALSE,FALSE,FALSE,Single Family,1961,399900,2018-09-29,9,2018,34,3,2,0,0,0,0,0,7187,1537,1.2333333333333334,3.333333333333333,569,13,2,4,1,57
29402475,5705 Exeter Dr,78723,Great 3 bedroom home in central Austin. Upgraded flooring and kitchen. Must see!,30.305835723876964,-97.68254852294922,0,FALSE,FALSE,FALSE,FALSE,Single Family,1962,166000,2018-05-24,5,2018,1,0,1,0,0,0,0,0,7753,1449,1.9333333333333331,5,966,15,2,3,1,56
29404472,3305 Loyola Ln,78723,"Located in one of Austin's hottest neighborhoods, this two story   4 bedroom , 3 bath, with an office , mid modern century home will enchant your eyes. A high end remodel with nothing left untouched, every detail was carefully selected to astound. Beautiful  wood flooring and plenty of natural light flow throughout the home's open, airy layout . Adorned with quartz countertops, stainless steel appliances, custom cabinetry with  and large island the stylish kitchen is great for entertaining.  Enjoy the second living room with it's own fireplace . Tucked in the private backyard with its private trail to the creek. Take pleasure in the popular restaurants , shopping, and activities that Muller has to offer just 5 minutes away or head to Austin's downtown attractions 5 miles down the road. Come see this spectacular home in person!",30.31103324890137,-97.66908264160156,4,FALSE,TRUE,TRUE,FALSE,Single Family,1966,625000,2020-12-23,12,2020,32,2,2,0,0,0,0,0,19602,2752,1.2666666666666666,3.333333333333333,569,13,3,4,2,54
29407472,3205 Rockhurst Ln,78723,"3205 Rockhurst Ln, Austin, TX 78723 is a single family home that contains 1,458 sq ft and was built in 1998. It contains 3 bedrooms and 3 bathrooms. 
 
The Zestimate for this house is $409,147. The Rent Zestimate for this home is $1,950/mo.",30.314191818237305,-97.66725158691406,0,FALSE,FALSE,FALSE,FALSE,Single Family,1998,165000,2019-02-28,2,2019,1,4,1,0,0,0,0,0,8276,1458,1.1666666666666667,3.333333333333333,569,13,3,3,2,21
29399972,5328 Wellington Dr,78723,"Full remodel minutes from Downtown Austin and Mueller area, near shopping & restaurants. New (2019) roof, HVAC, siding, plumbing, windows, kitchen & bathroom cabinets, glass sliding doors, front door. New stainless steel appliances, vent hood, gas range, kitchen island w/bar seating & quartz countertops. Open floorplan. Huge master bedroom with large en-suite bathroom and separate access to backyard. Master bath incl: double sink w/ walk-in shower and designer tile. Large, covered patio. No carpet.",30.30359649658203,-97.6857452392578,0,FALSE,FALSE,FALSE,FALSE,Single Family,1961,475000,2020-06-04,6,2020,67,3,0,1,2,0,0,0,9757,1632,1.9,5,966,15,2,3,1,59
29408471,6903 Bryn Mawr Dr,78723,"Close to downtown, UT, 183/290, and down the street from the Mueller Development, trails and Barthalomew and Dottie Jordan Parks.

-Recently remodeled
-covered patio
-energy efficient upgrades
-fenced in backyard 
-xeriscaped backyard
-laundry room
-lots of natural light

",30.314645767211925,-97.66875457763672,1,FALSE,TRUE,FALSE,TRUE,Single Family,1964,210000,2018-09-22,9,2018,20,4,5,0,0,0,0,0,7230,1200,1.2000000000000002,3.333333333333333,569,13,2,3,1,54
29404468,3205 Loyola Ln,78723,"Beautiful property with a large back yard and a deck fenced all around; property backs into a stream. 1 story: 3 Bed 2 full baths, 2 car garage. Rapid access to Interstate 35 , Hwy 290, and Hwy 183. The property is sold in ""as is "" conditions.",30.31142807006836,-97.66998291015624,0,FALSE,FALSE,FALSE,TRUE,Single Family,1967,349900,2019-06-19,6,2019,25,0,1,0,0,0,0,0,22215.6,1944,1.3,3.333333333333333,569,13,2,3,1,52
29410965,7102 Creighton Ln,78723,"Agents/listing companies: do not contact unless you have a prospective buyer, will pay 3% to buyers agent. Completely renovated inside and out. Hardwood floors throughout, tile in wet areas.  Modern kitchen boasts stainless steel appliances, white quartz countertops and new white cabinets.  Spacious living room has a beautiful fireplace flanked by 2 sliding doors which bring you to a front balcony.  Master suite has a 4th bedroom attached, or can be a study, nursery, etc. Step out in the backyard that just underwent a $30k makeover: sparkling salt water pool that has been completely renovated, huge deck addition, brand new Jacuzzi hot tub and gated separate dog run area. $30K Tesla solar system installed 6 months ago. This house has it all!",30.32126426696777,-97.67823791503906,4,FALSE,TRUE,TRUE,FALSE,Single Family,1968,535000,2018-10-19,10,2018,87,7,4,0,0,0,0,0,13068,2098,1.2,2.333333333333333,656,14,2,4,1,50
29409965,6213 Brookside Dr,78723,"Clean, modern ranch on flat lot w/ stunning curb appeal. Beautifully renovated mid-century with tons of gorgeous updates (see docs for full list). Owner is a licensed contractor & made great updates to their home! Private exterior office/workshop/studio (HVAC & power, plus in ground hookups for plumbing) in lovely, back yard w/ French drains for great drainage. Natural light throughout~engineered hardwood & special, custom, well-planned touches. Well designed. This is the one you've been waiting for.",30.31874084472656,-97.6936264038086,2,FALSE,TRUE,FALSE,FALSE,Single Family,1959,229950,2020-07-24,7,2020,54,6,2,2,1,0,0,0,9583,1329,0.6333333333333333,3,849,14,2,3,1,61
29409964,1508 Glencrest Dr,78723,"A wonderful mid-Century ranch, brought back to its prime with a major designer overhaul. Numerous updates of over $50,000.  Reclaimed wood living room wall, redid kitchen & upgraded baths. Open flowing floor plan with great lighting.  Your backyard is an oasis of space, has romantic string lighting, fire pit.
The house is perfectly situated on a corner lot with massive curb appeal. The driveway was poured this year  & allows for 6 cars. The custom steel planter with low-maintenance plants and cactus.",30.31846618652344,-97.69351959228516,0,FALSE,FALSE,FALSE,TRUE,Single Family,1959,422500,2020-04-23,4,2020,29,3,1,0,0,0,0,0,10454,1344,0.6333333333333333,3,849,14,2,3,1,61
29407463,6807 Wake Forest Ln,78723,"Beautiful open plan charmer ready for you to call home! Abundant light flows through this thoughtfully updated classically designed home. Generous front and back yards on a corner lot. Numerous mature trees provide lush, green oasis in spring and summer Tankless gas water heater. Stainless steel appliances.  Smart home security and energy features. Perfect home for entertaining. Convenient location near 183 gives easy access to Mueller amenities, Downtown, and the airport.",30.31350517272949,-97.66859436035156,0,FALSE,FALSE,FALSE,FALSE,Single Family,1961,299900,2018-02-23,2,2018,23,2,1,0,0,0,0,0,7230,1040,1.2333333333333334,3.333333333333333,569,13,2,3,1,57
29404463,3306 Loyola Ln,78723,"3306 Loyola Ln, Austin, TX 78723 is a single family home that contains 1,853 sq ft and was built in 1967. It contains 3 bedrooms and 2 bathrooms. 
 
The Zestimate for this house is $451,785. The Rent Zestimate for this home is $1,995/mo.",30.31161880493164,-97.66877746582033,2,FALSE,TRUE,FALSE,FALSE,Single Family,1967,305000,2019-10-28,10,2019,1,2,2,0,0,0,0,0,12196.8,1853,1.2666666666666666,3.333333333333333,569,13,2,3,1,52
29400999,6414 Bridgewater Dr,78723,"6414 Bridgewater Dr, Austin, TX 78723 is a single family home that contains 2,086 sq ft and was built in 1972. It contains 4 bedrooms and 3 bathrooms. 
 
The Zestimate for this house is $499,986. The Rent Zestimate for this home is $2,495/mo.",30.30477905273437,-97.66637420654295,2,FALSE,TRUE,FALSE,TRUE,Single Family,1972,462500,2020-11-09,11,2020,79,5,2,1,1,0,0,0,9583,2086,1.5,3.333333333333333,569,13,3,4,1,48
29408460,6811 De Paul Cv,78723,"Wonderful one-story home ""The Fun Ultimate Party House"" with sparkling pool located on a lovely landscaped & fenced cul-de-sac lot! This is a stunning example of pride of ownership, it has been lovingly cared for by the current owners. Updated Kitchen/ Baths/Windows/Hardie Type Siding/Roof/Resurfaced Pool & more. The hall bath has a unique lighted toilet! There is a lot of storage space in this home and everybody wants more storage space. The Kitchen/Family Room/Dining Area open together creating a fabulous entertaining space. A wall of glass on the back of the house allows for a perfect backyard & pool view! Office/Study can easily be used as a 4th Bedroom. Great front patio for morning coffee. You will not find a property on the market today that is more beautiful & inviting as this one. Disability Feature/Readily Accessible. Don't delay, check out this showcase home today! First in wins!!!",30.31700134277344,-97.67405700683594,0,FALSE,FALSE,FALSE,FALSE,Single Family,1967,499900,2019-11-27,11,2019,40,7,1,2,0,0,0,0,9757,1705,1.2666666666666666,2.333333333333333,656,14,2,3,1,52
29410957,7007 Northeast Dr,78723,"Very well maintained move-in ready University Hill property!! Located on a soft corner backing up to the creek provides the future owners with privacy and beautiful scenery. Hard surface flooring throughout, Nest thermostat, granite counter tops, large yard with covered patio perfect for pets and entertaining. Stainless steel Whirlpool/Samsung appliances and W/D convey with the property. This property has been pre-inspected.",30.320091247558604,-97.67882537841795,2,FALSE,TRUE,FALSE,FALSE,Single Family,1966,174900,2018-05-09,5,2018,28,7,2,0,0,0,0,0,17859.6,1914,1.1666666666666667,2.333333333333333,656,14,2,3,1,52
29407956,6409 Berkman Dr,78723,"Value is in the land! The home is a tear down. Per the city, up to 10 condo type units may be placed on this site. No showings of the home till after June 1.  Land Value only. Access via Hickman and Berkman. The home is currently occupied DO NOT DISTURB OCCUPANT.  Drive By only at this time. This is a great residential development site .",30.317657470703125,-97.68964385986328,0,TRUE,FALSE,FALSE,FALSE,Single Family,1947,730000,2019-09-26,9,2019,31,0,2,0,0,0,0,0,39204,1503,0.6666666666666666,3,849,14,1,2,1,72
29399956,5313 Westminster Dr,78723,"Windsor Park charmer! Beautifully remodeled 4 bedroom, 2 bath home - new interior+exterior paint, newly painted kitchen cabinets+new countertops, new appliances, fully remodeled bathrooms, new floors and more. New AC, plus cast iron plumbing has been replaced with PVC. Backyard has fire pit and storage building. Must See!!",30.30158805847168,-97.6862335205078,2,FALSE,TRUE,TRUE,FALSE,Single Family,1961,399900,2020-10-27,10,2020,26,7,3,0,1,0,0,0,8276,1200,1.9666666666666668,5,966,15,2,4,1,59
29400955,3207 Rogge Ln,78723,"Spacious, light and bright single story all brick home freshly painted inside and out. Large corner lot, fruit trees, great location. Low maintenance vinyl plank flooring in all rooms, tile in bathrooms. 2 living areas and 4 bedrooms. Nice kitchen with granite tops and newer cabinets. Fridge, washer, dryer included. HVAC recent. Huge yard. Easy access to Metro, Bus Stop 300 in front. Across from Elementary school and next door to church. Pride of ownership neighborhood. A lot happening nearby. Get in now!",30.302265167236328,-97.676971435546875,2,FALSE,TRUE,FALSE,FALSE,Single Family,1968,320000,2018-07-18,7,2018,25,1,2,0,0,0,0,0,9583,1584,2.0666666666666664,3,719,15,2,4,1,50
29409952,6302 Brookside Dr,78723,"Open-concept home with modern upgrades throughout! Ideal floor-plan w/large full workshop NOT included in sqft! Master suite features 2 walk-in closets, private bath, and plenty of space for a king bed. Updated kitchen features all new finishes including stainless appliances, granite counter tops, new cabinets, and farmhouse sink. Additional features include recessed lighting, double-paned windows, new sod, fresh paint and new wood laminate flooring. Large, private yard. Walk to Arlan's market!",30.31964683532715,-97.693817138671875,0,FALSE,FALSE,FALSE,TRUE,Single Family,1963,265000,2018-03-02,3,2018,29,4,1,0,0,0,0,0,10672,1580,0.6000000000000001,3,849,14,2,3,1,55
29408444,2502 Lehigh Dr,78723,"This house is available by appt only and has strict viewing requirements outlined in the MLS. Please call before going, showing, or knocking on the door...Thx...",30.31719970703125,-97.6780776977539,2,FALSE,TRUE,FALSE,FALSE,Single Family,1964,399000,2020-02-05,2,2020,25,2,2,1,1,0,0,0,9975,1792,1.1666666666666667,2.333333333333333,656,14,2,4,1,56
29399942,5348 Westminster Dr,78723,"5348 Westminster Dr, Austin, TX 78723 is a single family home that contains 1,821 sq ft and was built in 1959. It contains 3 bedrooms and 2 bathrooms. 
 
The Zestimate for this house is $503,141. The Rent Zestimate for this home is $2,050/mo.",30.304746627807617,-97.68730926513672,0,FALSE,FALSE,FALSE,FALSE,Single Family,1959,425000,2018-07-25,7,2018,1,0,0,0,0,0,0,0,10018,1821,1.7666666666666666,5,966,15,2,3,1,59
29408439,2600 Lehigh Dr,78723,"2600 Lehigh Dr, Austin, TX 78723 is a single family home that contains 1,556 sq ft and was built in 1968. It contains 3 bedrooms and 2 bathrooms. 
 
The Zestimate for this house is $495,231. The Rent Zestimate for this home is $2,300/mo.",30.31716728210449,-97.67696380615234,2,FALSE,TRUE,FALSE,FALSE,Single Family,1968,444900,2020-07-28,7,2020,1,3,2,1,1,0,0,0,8058,1556,1.2000000000000002,2.333333333333333,656,14,2,3,2,52
29408435,2509 Loyola Ln,78723,"Priced to sell! Modern 3 bedroom 2 bath in University Hills! Near Little Walnut Creek Greenbelt & minutes away from Mueller & East Austin. Open layout boasts hardwood floors, a gorgeous kitchen w breakfast bar, & large laundry room/pantry. Master bedroom includes spacious walk-in closet w custom shelving units, & master bath has double vanities & waterfall shower head! Backyard is lush & spacious, w large patio space perfect for lounging & entertaining.",30.31757164001465,-97.67638397216795,2,FALSE,TRUE,FALSE,FALSE,Single Family,1964,400000,2020-05-29,5,2020,31,2,2,0,0,0,0,0,9234,1707,1.2000000000000002,2.333333333333333,656,14,2,3,1,56
29400935,5502 Ameswood Dr,78723,"LIVE REINVENTED. Completely renovated, this beautifully crafted home is a stunning blend of classic and contemporary styling. Featuring only the highest quality finishes and detail, it is loaded with character. Relax in the spacious screened-in patio, plant your Spring garden in the expansive raised beds, or start a new project in the custom garage workshop. A tastefully Xeriscaped and turfed yard will leave you with plenty of time. One mile from Mueller fun while coming home to privacy and tranquility.",30.300506591796875,-97.67848205566406,0,FALSE,FALSE,FALSE,FALSE,Single Family,1965,575000,2018-06-01,6,2018,27,0,1,0,0,0,0,0,9147,2251,2.066666666666667,3,719,15,3,4,2,53
29402432,5701 Sutherlin Rd,78723,"This recently renovated home is located in the desirable Windsor Park neighborhood on a spacious corner lot. Inside, no expense was spared to make this a beautiful spacious floor plan. The kitchen has all new Whirlpool stainless steel appliances, quartz countertops, is open to the dining room and has easy access to the patio for entertaining. A master suite was created with a stunning new walk-in shower, double vanity and large walk-in closet. This home is in close to proximity to Mueller and the Domain.",30.30839538574219,-97.68556213378906,2,FALSE,TRUE,FALSE,FALSE,Single Family,1962,515777,2020-06-18,6,2020,18,7,2,1,1,0,0,0,8929,1557,1.7333333333333334,5,966,15,2,3,1,58
29399930,5302 Middale Ln,78723,"Darling updated and remodeled home located on beautifully tree-lined quiet street with access to all Mueller amenities.  This home is move in ready with washer/dryer and refrigerator included.  Lots of outdoor living spaces landscaped and perfect for a quiet cup of coffee or entertaining a group.  Updated windows and kitchen make this home inviting for a single, couple or family.  Also includes a rainwater collection tank as well as a gated carport. Tastefully designed, this house is a must see!",30.30431747436523,-97.688140869140625,1,FALSE,TRUE,FALSE,FALSE,Single Family,1959,340000,2018-02-22,2,2018,16,6,2,0,0,0,0,0,6446,1051,1.7666666666666666,5,966,15,1,3,1,59
29399929,5304 Middale Ln,78723,"5304 Middale Ln, Austin, TX 78723 is a single family home that contains 1,624 sq ft and was built in 1959. It contains 3 bedrooms and 2 bathrooms. 
 
The Zestimate for this house is $577,606. The Rent Zestimate for this home is $2,495/mo.",30.30439758300781,-97.68840026855467,1,FALSE,TRUE,FALSE,FALSE,Single Family,1959,469900,2019-01-04,1,2019,5,7,2,0,0,0,0,0,10846,1624,1.7666666666666666,5,966,15,2,3,1,60
29408496,6715 Bryn Mawr Dr,78723,"6715 Bryn Mawr Dr, Austin, TX 78723 is a single family home that contains 976 sq ft and was built in 1962. It contains 3 bedrooms and 1 bathroom. 
 
The Zestimate for this house is $376,502. The Rent Zestimate for this home is $1,650/mo.",30.314128875732425,-97.67073822021484,0,FALSE,FALSE,FALSE,FALSE,Single Family,1962,299900,2019-07-22,7,2019,1,0,1,0,0,0,0,0,9147,976,1.2333333333333332,3.333333333333333,569,13,1,3,1,57
29399927,5307 Waterbrook Dr,78723,"This adorable East Austin home is located less than a mile from Mueller and within walking distance of Bartholomew Park. This 3/2 home features two separate living spaces, a spacious master en suite and generously sized secondary bedrooms.  You will love the private, shady backyard while you float around in your in-ground pool this summer! <15mins to DT.",30.3044376373291,-97.688751220703125,1,FALSE,TRUE,FALSE,FALSE,Single Family,1959,365000,2020-07-27,7,2020,28,3,2,2,1,0,0,0,6534,1423,1.7666666666666666,5,966,15,2,3,1,61
29402425,5705 Wellington Dr,78723,One story home with lots of storage. Recent HVAC and has full inground sprinkler system. No popcorn ceilings. Has 2 storage sheds in backyard and covered patio. 2 car garage with openers and workshop located at back of garage.,30.307043075561523,-97.6852035522461,0,FALSE,FALSE,FALSE,FALSE,Single Family,1962,320000,2018-08-13,8,2018,16,3,1,0,0,0,0,0,8450,1492,1.8,5,966,15,2,3,1,56
29400923,5601 Cordell Ln,78723,"EXTENSIVELY REMODELED w/ well-appointed selections & finishes. Cohesive design showcases an open layout w/ Acacia wood flooring, new paint throughout, recessed lighting, custom Shaker-style doors/cabinets, custom fixtures & hardware. Kitchen boasts gleaming quartz countertops, stainless farmhouse sink & appliances + more. Easy access to I-35, 183, & 290. Nearby the hip Mueller district, Bartholomew & Mueller parks, Shopping, Thinkery, Alamo Drafthouse, HEB, Restaurants. Minutes to downtown & UT.",30.300981521606445,-97.6790771484375,0,FALSE,FALSE,FALSE,FALSE,Single Family,1965,399000,2018-05-31,5,2018,22,4,1,0,0,0,0,0,8973,1316,2.066666666666667,3,719,15,2,3,1,53
29402420,5704 Coventry Ln,78723,"5704 Coventry Ln, Austin, TX 78723 is a single family home that contains 2,378 sq ft and was built in 1965. It contains 4 bedrooms and 3 bathrooms. 
 
The Zestimate for this house is $531,129. The Rent Zestimate for this home is $2,450/mo.",30.306825637817383,-97.68482971191406,0,FALSE,FALSE,FALSE,FALSE,Single Family,1965,499000,2019-12-30,12,2019,35,3,1,2,0,0,0,0,7623,2378,1.8333333333333333,5,966,15,3,4,2,54
29402419,5706 Coventry Ln,78723,"Instant equity...$50,000 below recent appraisal, New flooring except for master bedroom area, Updated kitchen with granite countertops, stainless steel appliances, Rare four bedroom three bath home, Large living area, Large master bedroom, Master bath has separate shower, Fireplace, Energy efficient windows, Privacy fenced, No HOA dues, Garage is completely refinished,  Windsor Park neighborhood.  Close to Mueller dining, shopping, entertainment, library, movies, and parks. Within minutes of Downtown.",30.30702209472656,-97.68477630615234,2,FALSE,TRUE,FALSE,FALSE,Single Family,1963,574900,2020-05-21,5,2020,31,3,2,0,1,0,1,0,7753,2547,1.8333333333333333,5,966,15,3,4,2,57
29408418,2401 Loyola Ln,78723,"3 bed 2 bath home on a corner lot with large covered patio, beautifully landscaped. Step inside to find gorgeous wood floors throughout, huge windows to let in natural light. Enough room for several chefs in the kitchen at one time. Plenty of storage. Stainless appliances. Check out the master bathroom featuring a shower for two! The master closet! You have to see to believe! Laundry room with an area for crafting or.... The backyard has a covered patio & is great for entertaining.",30.31812858581543,-97.67839813232422,0,FALSE,FALSE,FALSE,FALSE,Single Family,1965,439900,2018-04-27,4,2018,26,3,1,0,0,0,0,0,9888,1846,1.1666666666666667,2.333333333333333,656,14,2,3,1,53
29404417,3207 Carol Ann Dr,78723,"Charming 3/2 in University Hills on quiet street off Northeast Dr. Oak Hardwood floors throughout - No Carpet! Designer finishes including marble tile, quartz counters, stainless appliances, custom pecan shelving, built-ins and tons of storage! Over a 1/4 acre lot with mature trees, cedar decks, and storage shed.",30.31033706665039,-97.67144012451172,1,FALSE,TRUE,FALSE,FALSE,Single Family,1962,250000,2020-11-03,11,2020,71,7,2,0,0,0,0,0,12196.8,1380,1.3333333333333333,3.333333333333333,569,13,2,3,1,58
29408413,6507 Auburnhill St,78723,"Designer remodel! Everything has been done for you, PRE-INSPECTED! This gem is located in the the Highly Desirable University Hills subdivision! Open floor plan is perfect for entertaining, complete with new floors, fresh paint, tons of windows & natural light. Gourmet kitchen features gorgeous granite counter tops, upgraded stainless appliances, breakfast bar, sunny breakfast area, with an large center island. Oversized backyard with grassy area-perfect for entertaining, relaxing or playing!",30.313514709472656,-97.67677307128906,0,FALSE,FALSE,FALSE,FALSE,Single Family,1965,420000,2019-03-15,3,2019,37,4,1,0,0,0,0,0,9931,1820,1.2666666666666666,2.333333333333333,656,14,2,3,1,54
145549907,6401 Betty Cook Dr,78723,"Beautiful newer build in East Austin on a big lot with big trees! Minutes from downtown, great restaurants, UT, and area schools. Plenty of storage and space for everyone. Master suite downstairs. Beautiful tile and wood throughout, carpet only in bed rooms. Low tax rate!",30.310245513916016,-97.6748504638672,2,FALSE,TRUE,FALSE,FALSE,Single Family,2015,485000,2020-05-21,5,2020,30,8,2,3,1,0,0,0,10236,2113,1.4,3.333333333333333,569,13,3,3,2,5
29404407,3307 Hycreek Dr,78723,"Posh retreat upgraded to the nine’s has a modern touch of shabby chic at a great price point! 4 bedroom 3.5 bath masterpiece. Tranquil designer color, hickory floors, large windows throughout the house, 2 contemporary fireplaces in the family and the master suite. Full gourmet kitchen with silestone countertops, center island open to the family room, stainless steel app, modern glass backsplash, farmhouse sink & faucet, custom soft close cabinets with stylish hardware. Huge master with fireplace, sitting area, and renovated master bath with large walk-in closet. The second master with en suite private bath is located on opposite end of the home. Luxury finishes throughout this home.

This home is professionally listed by Eric Peterson with Kopa Real Estate. Call 512-791-7473 for more information.
",30.305238723754886,-97.67227935791016,1,FALSE,TRUE,FALSE,TRUE,Single Family,1971,99900,2019-11-15,11,2019,25,3,3,1,1,0,0,0,10759,2251,2.266666666666667,3,719,15,4,4,1,48
29402494,5715 Sandhurst Cir,78723,"5715 Sandhurst Cir, Austin, TX 78723 is a single family home that contains 2,035 sq ft and was built in 1963. It contains 4 bedrooms and 2 bathrooms. 
 
The Zestimate for this house is $488,923. The Rent Zestimate for this home is $2,450/mo.",30.3063907623291,-97.68146514892578,2,FALSE,TRUE,FALSE,FALSE,Single Family,1963,459500,2020-10-15,10,2020,98,5,3,3,0,0,0,0,8276,2035,2,5,966,15,2,4,1,57
72508898,6711 Langston Dr,78723,"Steps away from fantastic Dottie Jordan park, pool and Creekside Trail. Where else can you get a house that's move in ready and less than 10 minutes to downtown. Close proximity to Eastside favorite eats and drinks. Shopping, farmer's market and everything you need at Mueller development. 

Recent exterior paint and brand new Windows throughout.. Fully remodeled bathrooms with extra large soaking tub. Stained concrete floors on the lower level, cork floors upstairs, two full baths and one half bath, covered patio, private backyard with 10x12 storage shed, recent HVAC, electrical panel and appliances convey. Easy show, just go!",30.315221786499023,-97.67271423339844,1,FALSE,TRUE,FALSE,FALSE,Single Family,1965,379000,2018-12-19,12,2018,37,5,4,0,0,0,0,0,8145,1460,1.3,3.333333333333333,569,13,3,3,2,53
29408398,6604 Auburnhill St,78723,"Rare jewel in University Hills. Large .42 acre private lot with PANORAMIC 180 degree views! Feels like a treehouse from every room of the house. Updated with real wood floors through out, open concept kitchen with granite, SS appliances and new cabinets. Eat in kitchen nook and formal dining room, wood burning fireplace in living room with floor to ceiling windows. Master retreat with oversized master bathroom and a private balcony. Outside is an entertainers dream with a large deck, decorative pond, private gardens and privacy on all sides! A very special property! New metal roof in Feb 19!",30.31432723999023,-97.675933837890625,2,FALSE,TRUE,FALSE,TRUE,Single Family,1967,499000,2019-04-19,4,2019,27,2,2,0,0,0,0,0,21344.4,2058,1.2333333333333334,2.333333333333333,656,14,2,4,2,52
29402398,2605 Rogge Ln,78723,"Gorgeous remodeled home nestled on a huge corner lot. This 2-story home offers a floorplan seamlessly connecting the main living areas. Kitchen features new cabinets, granite countertops, SS appliances, built-in wine rack & breakfast bar. Expansive master suite on main level w/ 3 closets, bathroom w/ double vanities, & walk-shower shower.   Secondary living space can be used as an office/bedroom/living.  Enjoy entertaining guest in the private back yard w/ new landscaping/fencing & large covered patio.",30.30521774291992,-97.68315887451172,4,FALSE,TRUE,FALSE,FALSE,Single Family,1961,546500,2020-02-28,2,2020,35,5,4,1,0,0,0,0,7710,2236,1.9666666666666663,5,966,15,2,4,2,59
241931897,2512 Wheless Ln #4,78723,"2512 Wheless Ln #4, Austin, TX 78723 is a single family home that contains 1,874 sq ft and was built in 2016. It contains 3 bedrooms and 3 bathrooms. 
 
The Zestimate for this house is $445,138. The Rent Zestimate for this home is $2,450/mo.",30.30964279174805,-97.6814956665039,1,TRUE,TRUE,FALSE,FALSE,Single Family,2016,484900,2020-04-02,4,2020,39,3,2,1,0,0,1,0,4094,1874,1.2666666666666666,3,849,14,3,3,2,4
29402397,2603 Rogge Ln,78723,"You'll love this charming, 2-story house. This 4 bedroom, 2 bathroom home with 2 car garage spaces, a fully fenced yard and an open porch will give you generous space to move about. Wake up each morning to awe-inspiring sunrises in the East and drift off to sleep each night with the tranquil sounds of nature. Situated in a friendly community of Windsor Park III Sec 4 First R.",30.305309295654297,-97.68342590332033,2,FALSE,TRUE,TRUE,FALSE,Single Family,1960,559900,2020-10-08,10,2020,33,4,2,1,1,0,0,0,10890,2408,1.9333333333333331,5,966,15,2,4,2,60
29399897,5202 Brookdale Ln,78723,"*MULTIPLE OFFERS* Best & Final due by Saturday 4/18, 5PM. Rare find near sought-after Brookside Estates section of Windsor Park.  Live large in this darling Windsor Park bungalow with two living areas + Mudroom/Utility room + 168sqft Detached Studio. Easy stroll to parks & Mueller. Peaceful & private backyard w/fruit trees, raised garden beds & deck. Recent updates include: high-end vinyl plank flooring, windows, interior/exterior paint, kitchen cabinets, quartz countertops, backsplash, W/D room, skylight, finished-out studio, deck, landscaping & sod.",30.302587509155284,-97.68785095214844,1,FALSE,TRUE,FALSE,FALSE,Single Family,1959,425000,2020-05-19,5,2020,34,6,3,3,1,0,1,0,7797,1305,1.9,5,966,15,1,3,1,61
29404390,6205 Hylawn Dr,78723,"6205 Hylawn Dr, Austin, TX 78723 is a single family home that contains 1,984 sq ft and was built in 1975. It contains 4 bedrooms and 3 bathrooms. 
 
The Zestimate for this house is $555,611. The Rent Zestimate for this home is $1,950/mo.",30.30700492858887,-97.672119140625,2,FALSE,TRUE,FALSE,FALSE,Single Family,1975,524900,2020-04-13,4,2020,29,3,3,2,0,0,0,0,8110,1984,2.266666666666667,3,719,15,3,4,2,45
29404389,6203 Hylawn Dr,78723,"Amazing opportunity for this dreamy updated home near Mueller, UT, & Downtown! Completely remodeled in 2015, this 1 story home w/ 3 bed, 2 bath ft open floor plan, spacious master suite, + private backyard. Gourmet kitchen ft quartz counters, stainless steel appliances, & island for extra prep space. Dining & living area ft plentiful natural light & built-in dining nook. Spacious master suite inc. 2 large closets, oversized shower + double vanity. Easy access to shopping & restaurants in Mueller!",30.30681800842285,-97.67225646972656,0,FALSE,FALSE,FALSE,FALSE,Single Family,1970,429900,2019-08-28,8,2019,22,3,1,1,1,0,0,0,8058,1854,2.266666666666667,3,719,15,2,3,1,49
29407387,6615 Betty Cook Dr,78723,"Enjoy the privacy of your own outside oasis on almost a quarter of an acre lot in this MCM remodeled home by local Remodel Boutique.  Located in booming University Hills and close to: Alamo, HEB, Thinkery, Mueller, Torchy's and more. Upgrades include: open floorplan, recessed lighting, new flooring, bathrooms, kitchen and much more. Close access to 183, I-35 and 290, this home is perfect for folks who love design, animals and the outdoors.",30.31273460388184,-97.672698974609375,0,FALSE,FALSE,FALSE,TRUE,Single Family,1971,535000,2019-10-25,10,2019,38,2,1,2,1,0,0,0,10280,2100,1.3333333333333333,3.333333333333333,569,13,2,3,1,48
29411179,7105 Geneva Dr,78723,"Gorgeous contemporary home in University Hills shines with its spacious open floor plan & huge .39 acre lot that backs to the green area for ultimate privacy. The long wide plank Oak flooring installed July 2017 complements the custom maple cabinetry & vaulted ceiling beams. New Roof 2015, oversized master with sitting area, 3rd bedroom w/ attached half bath, wall of windows overlooking beautiful yard w/mature trees,property line extends beyond fence into woods.  Great home and backyard for entertaining!",30.319580078125,-97.672210693359375,2,FALSE,TRUE,FALSE,FALSE,Single Family,1967,579900,2020-12-11,12,2020,30,3,2,3,1,0,0,0,16988.4,2007,1.2666666666666666,2.333333333333333,656,14,3,3,1,53
29399882,5207 Robinsdale Ln,78723,"Windsor Park fully renovated 1-story home w/Kanga tiny home is an open-concept beauty. Spacious living area flows seamlessly into modern kitchen w/ farmhouse sink, large island & dining area. Large master suite includes a luxury bath & 2 roomy walk-in closets. Hardwoods flow throughout. Screened-in porch accessible from living and master & leads to big backyard & gravel side yard with fire pit. Kanga has kitchenette, full bath and income! Mins to Mueller, Hanks, newest Little Deli.Guest Accommodations: Yes Restrictions: Yes  Sprinkler Sys:Yes",30.302812576293945,-97.688934326171875,2,FALSE,TRUE,FALSE,FALSE,Single Family,1959,749000,2020-09-15,9,2020,40,4,2,2,2,0,0,0,10628,2592,1.8333333333333333,5,966,15,3,4,1,61
29407379,3101 Loyola Ln,78723,"Yeah, baby! In an area that's just teeming with remodels, this home is unique for its quality and completeness--this one is firing on all cylinders. A 2811sf single story with 4 beds/2 baths/2 livings and attached 2 car side entry garage--there's nothing like it on the market today. This ""atomic ranch"" home has undergone a major facelift/remodel since 2014. There's truly nothing left to do here. Windows, kitchen, baths, flooring, plumbing, electrical--all done!",30.31205368041992,-97.67121124267578,2,FALSE,TRUE,FALSE,FALSE,Single Family,1968,599000,2020-08-06,8,2020,37,2,2,1,0,1,1,0,23522.4,2811,1.3,3.333333333333333,569,13,2,4,1,52
29402375,5601 Wellington Dr,78723,"Absolutely stunning remodel! Everything taken down to studs & quality upgrades added! Handscraped hardwoods, new plumbing/ electrical, custom cabinets w stunning granite & stainless steel appliances, beautiful island, Edison custom lighting, Big master w WIC & gorgeus double walk in shower w subway tile & mosaic inlay! Stone stack Firplace & built in shelving! Separate office w hardwoods! Amazingly hip neighborhood close to Mueller & Bartholomew Park w walking trails, community pool, park & playground!",30.30583381652832,-97.68521881103516,2,FALSE,TRUE,FALSE,FALSE,Single Family,1960,489900,2018-10-30,10,2018,40,5,3,0,0,0,0,0,8450,2303,1.8333333333333333,5,966,15,2,4,1,58
29407374,6613 Auburndale St,78723,"Wonderful two story home in hot 78723!This 4bd, 2.5 home features beveled glass French doors with flowing, functional floor plan, generous spaces and abundant storage. Guests are welcomed to a warm formal living + dining area w/easy care tile floors, leading to bright family room. Kitchen features silestone countertops, Hickory cabinetry & charming breakfast area. A truly spacious master suite boasts sitting area, flex space, dual entry walk in closet& large vanity.3 Huge additional secondary bedrooms. Screened-in porch overlooks backyard w/private patio area, shady trees & room for pets & play.",30.313335418701172,-97.67472839355467,0,FALSE,FALSE,FALSE,FALSE,Single Family,1964,499500,2020-01-07,1,2020,40,2,1,1,1,0,0,0,17424,2533,1.2666666666666666,2.333333333333333,656,14,3,4,2,56
29404370,6207 Hyside Dr,78723,"Completely renovated home in University Hills! Open floor plan with entertainer's kitchen, living, & dining combo with picture windows overlooking the backyard & hills. Very central location only 10 minutes to downtown or the domain. Phenomenal kitchen design with floating island hood & quartz countertops. True master suite with gigantic walk-in closet, oversized shower, and double vanity. New windows, flooring, kitchen cabinets, appliances, bathroom vanities, paint, siding, & completely replaced plumbing.",30.3068790435791,-97.67130279541016,0,FALSE,FALSE,FALSE,TRUE,Single Family,1970,459900,2018-04-18,4,2018,29,3,1,0,0,0,0,0,10236,1909,2.333333333333333,3,719,15,2,3,1,48
29407316,6203 Haney Dr,78723,Cash only. Pick up where the investor left off! Many big-ticket items have already been completed. Text agent or owner for more details.,30.313234329223643,-97.6839599609375,2,FALSE,TRUE,TRUE,FALSE,Single Family,1958,315000,2020-10-24,10,2020,27,3,2,2,0,0,0,0,6795,936,1.0666666666666669,3,849,14,1,3,1,62
29407369,6507 Auburndale St,78723,"Great 4 bedroom home on a long .4 acre lot, ready for your updates and finishes. All the hard work has been done for you! Foundation professionally leveled, plumbing checked and passed. Popcorn ceiling removed - entire house retextured, all windows replaced with high end double hung option, exterior doors updated, all flooring brand new. Kitchen and breakfast area looks out over property, opens to living room. Walk in closets. Great buy for those wanting to pick their own paint colors, lighting, etc.",30.31258201599121,-97.6760711669922,0,FALSE,FALSE,FALSE,FALSE,Single Family,1971,424900,2020-04-10,4,2020,25,3,2,0,1,0,0,0,17424,2302,1.2999999999999998,2.333333333333333,656,14,2,4,1,49
29399790,5202 Old Manor Rd,78723,"3 bedroom, 1 bath; family room and living room.  Large back yard with covered patio. Ideally located in the Windsor Park neighborhood less than a mile to Mueller development and Texas Farmers Market voted Austin’s Best Farmers Market, six years in a row.  Lots of room for expansion and large shaded backyard with covered patio.  Perfect house to make it your home with your touch. Convenient to the Texas Capital & UT < 5 miles.",30.300146102905284,-97.68742370605467,3,FALSE,TRUE,FALSE,FALSE,Single Family,1961,360000,2021-01-11,1,2021,35,1,2,2,2,0,0,0,8276,1079,2.033333333333333,5,966,15,1,3,1,60
29407362,6002 Thames Dr,78723,"Great price for the sq footage and updates! Spacious home in redeveloping area of East Austin within minutes to the Mueller Development, 51st and Down Town Austin. Full 2 car garage with laundry room off kitchen. Priced very well for the area.Bonus room off entry could be home office, kids play room or additional bedroom. Many upgrades including HVAC system, hot water heater, kitchen remodel w/ stainless steel appliances and granite counter tops. Interior repainted, privacy fence, carpet and more. Foundation leveled with transferable warranty.",30.312759399414062,-97.68744659423828,2,FALSE,TRUE,FALSE,FALSE,Single Family,1964,399900,2019-07-01,7,2019,33,7,3,1,2,0,0,0,7710,1734,0.9,3,849,14,2,3,1,55
29407361,6004 Thames Dr,78723,"6004 Thames Dr, Austin, TX 78723 is a single family home that contains 1,633 sq ft and was built in 1965. It contains 3 bedrooms and 2 bathrooms. 
 
The Zestimate for this house is $556,023. The Rent Zestimate for this home is $2,295/mo.",30.31296348571777,-97.6874542236328,0,FALSE,FALSE,FALSE,FALSE,Single Family,1965,340000,2019-04-05,4,2019,1,3,1,0,0,0,0,0,8712,1633,0.9,3,849,14,2,3,1,54
29407360,6100 Thames Dr,78723,"Charming 4bd 2bth + an enclosed office with wonderful natural light! Beautiful vaulted ceilings in the dining room and kitchen.  Updated, open concept kitchen leads to living room with 20+ ft of built-ins.  Beautiful brick wood burning fireplace and custom shelves in the dining room! Custom tile work between kitchen, dining room, and living room.  HUGE screened-porch off the kitchen, with a pass through window from the kitchen.  Washer and dryer hookups in laundry room off of kitchen. Spacious green backyard with new modern fence! tankless hot water heater and many more updates!",30.313201904296875,-97.6874771118164,2,FALSE,TRUE,FALSE,FALSE,Single Family,1968,423000,2020-09-08,9,2020,29,5,3,0,0,0,0,0,10018,2229,0.9,3,849,14,2,4,1,52
29408359,2509 Lehigh Dr,78723,"Location, Location, Location. Quiet neighborhood with easy access to everything one could want. Close to Bartholomew Park pool & Disc Golf Course.  Multi-level home with Mahogany wood floors and Travertine/Marble tile on kitchen and bathroom floors, showers, and bath. Easy living floor plan with with a cozy fireplace.  Private fenced back yard. Over 2400 s.f. with an open upstairs floor plan including a large family room, Master BR, and Second BR.  Downstairs has two bedrooms and a bath.",30.31657600402832,-97.677215576171875,2,FALSE,TRUE,FALSE,FALSE,Single Family,1963,464900,2020-08-11,8,2020,71,5,2,2,2,0,2,0,19166.4,2405,1.2000000000000002,2.333333333333333,656,14,3,4,2,57
29407359,6102 Thames Dr,78723,"LIMITED TIME BUYER INCENTIVE: $3,000 BUYER'S CLOSING COSTS PAID BY SELLER! Beautiful remodeled home has 3 bedrooms plus an office/flex room that could be used as young child's bedroom. Two full + one half bath for guests. Open kitchen, living and dining room. Stone wall fireplace, cathedral ceilings. Large den w/wet bar. Indoor utility/pantry. Gas cooking, new water heater, new ductwork, new plumbing, new electric box, fixtures & recessed lighting. Nearby Dell Children's Medical Center & downtown Austin!",30.313390731811523,-97.68730926513672,2,FALSE,TRUE,FALSE,TRUE,Single Family,1967,309900,2019-02-09,2,2019,36,4,5,0,0,0,0,0,10323,2518,0.9,3,849,14,3,3,1,52
29402358,2302 Trafalgar Dr,78723,"2302 Trafalgar Dr, Austin, TX 78723 is a single family home that contains 1,120 sq ft and was built in 1960. It contains 3 bedrooms and 2 bathrooms. 
 
The Zestimate for this house is $430,548. The Rent Zestimate for this home is $1,850/mo.",30.306602478027344,-97.68724060058594,2,FALSE,TRUE,TRUE,FALSE,Single Family,1960,157950,2020-11-25,11,2020,45,2,3,3,0,0,0,0,12632.4,1120,1.7333333333333332,5,966,15,2,3,1,60
29407357,6311 N Hampton Dr,78723,"Stylishly Modern Remodel just minutes from downtown Austin! Upgrades: New stainless steel appliances, carpet & laminate flooring, counter tops, interior & exterior paint, all new plumbing fixtures and light fixtures! Features updated kitchen and bathrooms. Close to retail shopping, dining and entertainment. Privacy fenced back yards.",30.31337738037109,-97.68212127685548,2,FALSE,TRUE,FALSE,FALSE,Single Family,1958,339900,2018-07-17,7,2018,20,3,2,0,0,0,0,0,8015,1353,1.1333333333333335,3,849,14,2,3,1,60
29402357,2304 Trafalgar Dr,78723,"Must see. Really nice updates including counters, cabinets, fixtures, lighting, wood floors. 2 car garage is rare for this area. Big backyard with a huge storage building that could be a very nice studio. Screened in porch and more.",30.30648994445801,-97.68702697753906,0,FALSE,FALSE,FALSE,FALSE,Single Family,1960,229900,2020-10-15,10,2020,1,0,1,0,0,0,0,0,12196.8,1220,1.7333333333333332,5,966,15,2,3,1,60
29404356,6114 Hylawn Dr,78723,"Split level entry plan with vaulted ceilings in the main living area and floor to ceiling stone fireplace. Formal dining area plus eat in kitchen with stainless appliances, granite counters and tile back splash. Master suite with full bath plus two additional bedrooms with a full bath on upper level. Lower level features a huge bonus family room with fireplace, bedroom or office and half bath. Laminate floors throughout for easy maintenance! Outdoors you'll enjoy huge shade trees and a large backyard.  Great location close to downtown, Mueller shopping & restaurants.",30.30620384216309,-97.673248291015625,2,FALSE,TRUE,FALSE,FALSE,Single Family,1967,399000,2018-05-31,5,2018,32,4,2,0,0,0,0,0,8668,2188,2.2333333333333334,3,719,15,3,4,1,51
29407351,6300 Windslow Ct,78723,"Rare 3 bed/3 bath on cul-de-sac. Immaculate finish out! Handscraped acacia wood floors; hard tile. House gutted in 2014 w/ additional upgrades made since incl. electrical, plumbing, flooring, windows, more. Roof replaced in 2014. Spacious backyard w/ expansive cedar deck, planter boxes, fence. $10K in live oaks planted. Lifetime foundation warranty. Walk to Hank's, bike to Mueller, H-E-B. 10 min. from downtown!",30.31280517578125,-97.6828384399414,0,FALSE,FALSE,FALSE,FALSE,Single Family,1958,459900,2018-12-28,12,2018,37,4,1,0,0,0,0,0,8712,1478,1.0666666666666669,3,849,14,3,3,1,60
29404351,6202 Hylawn Dr,78723,"Fantastic home featuring 3 big shade trees in front, spacious & open living room, and bright kitchen w/ tiled counters, breakfast bar, & great backyard view. 161 sq. ft. workshop/storage w/ driveway access, large master suite w/ dual sliding closets opposite from other bedrooms, and spacious elevated deck w/ broad treeline view. Great location, easy access to 183 & 290, and just 15 minutes to UT & tons of great downtown shopping, restaurants, & entertainment.",30.307043075561523,-97.67271423339844,2,FALSE,TRUE,FALSE,FALSE,Single Family,1983,299900,2018-06-29,6,2018,32,2,3,0,0,0,0,0,9321,1589,2.2333333333333334,3,719,15,2,3,1,35
29405849,6102 Derby Cv,78723,"Charming remodeled Windsor Park home in a desirable and larger cul-de-sac lot! Property features an open floor plan with an updated kitchen that opens to the family room, stainless steel appliances, gorgeous wood floors, and a spacious backyard. Includes 178sqft exterior office not included in the square footage - all major systems and structural have been fully permitted and updated - including all new electrical, plumbing (in foundation and to the street), roof, hvac, water heater, windows, etc! Minutes from downtown, University of Texas Campus, parks, shopping, and restaurants - a true must see!",30.31052589416504,-97.6826400756836,1,FALSE,TRUE,FALSE,FALSE,Single Family,1961,395000,2020-11-04,11,2020,26,3,2,0,0,0,0,0,10672,1170,1.2,3,849,14,1,3,1,59
29399848,5111 Brookdale Ln,78723,"5111 Brookdale Ln, Austin, TX 78723 is a single family home that contains 1,288 sq ft and was built in 1958. It contains 4 bedrooms and 2 bathrooms. 
 
The Zestimate for this house is $466,774. The Rent Zestimate for this home is $1,850/mo.",30.30203437805176,-97.68865203857422,0,FALSE,FALSE,FALSE,FALSE,Single Family,1958,439999,2020-05-07,5,2020,55,3,2,1,1,0,0,0,8276,1288,1.8666666666666665,5,966,15,2,4,1,62
83833345,7200 Marywood Cir,78723,"Remodeled home on a quarter-acre lot. 4 bedrooms with 3 full bathrooms, plus an office. The 4th bedroom has a full bathroom and exterior entryway that would be a perfect office or short-term rental.",30.32011032104492,-97.6743392944336,2,FALSE,TRUE,FALSE,FALSE,Single Family,1971,489000,2018-03-13,3,2018,36,1,3,0,0,0,0,0,10497,2588,1.2666666666666666,2.333333333333333,656,14,3,4,1,47
29405845,6101 Derby Cv,78723,"This Windsor Park home is situated on a large, corner lot and is move-in ready! Kitchen has new cabinets & countertops, all appliances convey. The house is wired for CAT5E internet in all rooms. New HVAC in 2016. Double pane, low-E windows! Backyard workshop/large shed. Mature trees offer shade for your backyard gatherings. Car will be removed. Walkable to Windsor Park library, Cement Loop and neighborhood eatery, Hanks. Minutes to Mueller! This area is well-served by bike lanes & buses. Grande internet!",30.31004524230957,-97.68218994140624,2,FALSE,TRUE,FALSE,FALSE,Single Family,1961,300000,2019-05-30,5,2019,32,2,1,0,0,0,0,0,9496,1170,1.2333333333333334,3,849,14,2,4,1,58
29407342,2308 Devonshire Dr,78723,"fully remodeled home on a large lot. New windows, doors, roofing, electrical and siding. New wood, tile and carpet. All new appliances and fixtures. Large open concept with Master suite. Walk in shower as well as large walk in closet in master. This home is move in ready and brand new inside and out.",30.312068939208984,-97.68335723876952,1,FALSE,TRUE,FALSE,FALSE,Single Family,1958,424000,2019-06-30,6,2019,16,0,2,0,0,0,0,0,8232,1650,1.1,3,849,14,2,3,1,61
29405872,2400 Devonshire Dr,78723,"2400 Devonshire Dr, Austin, TX 78723 is a single family home that contains 1,340 sq ft and was built in 1958. It contains 3 bedrooms and 1 bathroom. 
 
The Zestimate for this house is $412,928. The Rent Zestimate for this home is $1,800/mo.",30.31149101257324,-97.68292236328124,2,FALSE,TRUE,FALSE,FALSE,Single Family,1958,389000,2020-03-16,3,2020,1,3,1,1,1,0,0,0,7535,1340,1.1666666666666667,3,849,14,1,3,1,62
29404341,3102 Berrylawn Cir,78723,"Beautiful and spacious 1968 mid-century modern remodel with open floor plan on large almost 1/4 acre private cul-de-sac lot.  Great location near Mueller shopping, UT, & easy access to Downtown.  Rare 3 bedrooms, plus office that could be 4th bedroom and 2 car garage.  Large master with walk-in closet.  Updated kitchen with quartz countertops, glass backsplash, and stainless appliances.  Walk-in panty and laundry room with full size connections.  New flooring throughout, including Acacia wood and porcelain tile.  New light fixtures and ceiling fans in all bedrooms.  Spacious backyard with deck.  Major updates include new roof & decking, new sewer lines, new HVAC condenser & coil, plus Centex transferable foundation warranty.",30.30663108825684,-97.67436981201172,0,FALSE,FALSE,FALSE,FALSE,Single Family,1968,470000,2019-10-10,10,2019,19,5,1,1,0,0,0,0,9975,1801,2.2,3,719,15,2,3,1,51
29408338,6504 Willamette Dr,78723,"6504 Willamette Dr, Austin, TX 78723 is a single family home that contains 2,354 sq ft and was built in 1962. It contains 4 bedrooms and 2 bathrooms. 
 
The Zestimate for this house is $516,088. The Rent Zestimate for this home is $2,395/mo.",30.31458854675293,-97.67912292480467,2,FALSE,TRUE,FALSE,FALSE,Single Family,1962,460000,2020-04-03,4,2020,1,4,2,3,1,0,2,0,12632.4,2354,1.2333333333333334,2.333333333333333,656,14,2,4,1,58
29407334,2305 Towbridge Cir,78723,"2305 Towbridge Cir, Austin, TX 78723 is a single family home that contains 1,036 sq ft and was built in 1958. It contains 3 bedrooms and 2 bathrooms. 
 
The Zestimate for this house is $420,820. The Rent Zestimate for this home is $1,800/mo.",30.31258773803711,-97.6832504272461,1,FALSE,TRUE,FALSE,TRUE,Single Family,1958,385000,2020-09-16,9,2020,30,3,3,1,0,0,0,0,7840,1036,1.0666666666666669,3,849,14,2,3,1,62
29408333,6606 Willamette Dr,78723,"Wonderful remodel in the heart of hot hot hot 78723 on a huge corner lot.  No touch overlooked in this modern remodel.  Wonderfully redone kitchen is open to the family and dining areas and quick access to the large, private backyard.  Easy access to 183, Manor, Airport and everything at Mueller - Alamo, HEB, Thinkery, Dell Children's Hospital, weekly Farmer's Market, etc.  Come take a look, you won't be disappointed!",30.31501579284668,-97.67767333984376,0,FALSE,FALSE,FALSE,FALSE,Single Family,1962,390000,2018-02-24,2,2018,26,4,1,0,0,0,0,0,11761.2,1582,1.2000000000000002,2.333333333333333,656,14,2,4,1,56
29399860,5203 Brookdale Ln,78723,"Take advantage of this 3 bedroom, 2 full bath 1950's bungalow nestled in the highly desirable Windsor Park neighborhood. Most houses in this neighborhood are one story ranch style homes. Just minutes from Mueller area restaurants, shopping, movies and more. Home has great bones, potential for adding on and is ready for updating and remodeling. Situated on a quiet, wide, tree-lined street this lot is large and has plenty of mature trees that add curb appeal and privacy. There is a screened in porch with custom cooling feature on roof as well as a wooden deck. The floorplan is open in the living and kitchen area. Floorplan feels larger than the square footage. Plenty of opportunities to create the perfect living environment with your very own ""look and feel."" Located about 6 miles from downtown Austin. Close-in living at its best here! Hurry on and make it yours!",30.302165985107425,-97.68781280517578,1,FALSE,TRUE,FALSE,FALSE,Single Family,1959,309000,2018-12-21,12,2018,18,7,2,0,0,0,0,0,8058,990,1.9,5,966,15,2,3,1,59
29405832,2500 Sweeney Ln,78723,"2500 Sweeney Ln, Austin, TX 78723 is a single family home that contains 800 sq ft and was built in 1948. It contains 2 bedrooms and 1 bathroom. 
 
The Zestimate for this house is $549,159. The Rent Zestimate for this home is $1,850/mo.",30.30908012390137,-97.683319091796875,0,FALSE,FALSE,FALSE,FALSE,Single Family,1948,600000,2019-04-30,4,2019,1,1,4,0,0,0,0,0,18730.8,800,1.2333333333333334,3,849,14,1,2,1,71
29402327,5345 Westminster Dr,78723,"Adorable remodel on large, private lot w/mature trees! Desirable location in the heart of Windsor Park- walkable distance to Hank's, Mueller, Bartholomew Park, & local school! New features include: wood-look laminate & tile throughout, kitchen open to large living space, SS appliances, gas range w/stand alone hood vent, quartz counters & new cabinets. Breakfast bar for four. Exterior French doors lead to new deck- excellent for entertaining! Split floor plan. Easy access to 35, 183, 290 & downtown.",30.304540634155284,-97.68640899658205,1,FALSE,TRUE,FALSE,FALSE,Single Family,1959,139900,2019-03-07,3,2019,40,3,3,0,0,0,0,0,11761.2,1255,1.8333333333333333,5,966,15,2,3,1,60
29408326,6410 Auburn Dr,78723,Investor Opportunity.  Tear down and Combine this duplex lot with adjoining also for sale. Second unit on this lot burned several years ago. No warranty as to number of units that presently can be built on this lot. Call tenant to inspect the house.  Value is in the land.,30.31314849853516,-97.67877197265624,0,FALSE,FALSE,FALSE,FALSE,Single Family,1970,115000,2019-10-15,10,2019,1,2,2,0,1,0,0,0,13503.6,1020,1.2666666666666666,2.333333333333333,656,14,2,3,1,49
29408322,2105 Columbia Cv,78723,"Wonderful home on large corner lot on quiet cul-de-sac, Upgrades include roof & gutters, int/ext paint, hardwood floors and hard tile, kitchen countertops/floor tile. Whole house attic fan & ceiling fans. Large master includes sitting room/office and private deck. Renovated downstairs bath. A/C & heater 3 years old w/whole house HEPA & UV antibacterial-antiviral filters. Huge fenced yard with storage shed. Great location! Must see!",30.31968116760254,-97.68336486816406,1,FALSE,TRUE,FALSE,FALSE,Single Family,1962,370000,2019-04-03,4,2019,20,5,2,0,0,0,0,0,10018,1709,1.2333333333333334,2.333333333333333,656,14,2,3,2,57
29408320,6902 Columbia Dr,78723,"Welcome Home! Beautifully remodeled home in a charming old Austin neighborhood close to the best of new Austin amenities! The open floor plan is perfect for everyday living & special entertaining. Everyone will admire the true hardwoods, sleek kitchen, brick fireplace, & abundance of natural light. The downstairs master is large enough for king bed & is complete w a rare walk-in closet. Upstairs are 3 more bedrooms, a cool bath with vaulted ceiling, and great storage. The home sits on a large lot w mature trees in the front & back yards. Oversized 2 car garage. Easily get Downtown. Fun Mueller food, shops, bars, movie, grocery, farmer's mkt, parks are minutes away.",30.320316314697266,-97.68302917480467,0,FALSE,FALSE,FALSE,FALSE,Single Family,1962,349900,2018-09-04,9,2018,23,3,1,0,0,0,0,0,10105,1686,1.2333333333333334,2.333333333333333,656,14,2,4,1,56
29402319,5815 Coventry Ln,78723,"5815 Coventry Ln, Austin, TX 78723 is a single family home that contains 1,320 sq ft and was built in 1971. It contains 2 bedrooms and 2 bathrooms. 
 
The Zestimate for this house is $320,981. The Rent Zestimate for this home is $1,765/mo.",30.308446884155284,-97.68360900878906,0,FALSE,FALSE,FALSE,FALSE,Single Family,1971,300000,2019-10-03,10,2019,23,4,2,2,1,0,1,0,3484,1320,1.8333333333333333,5,966,15,2,2,2,48
29399992,5313 Wellington Dr,78723,"GEO code allows Community Reinvestment ACT property offering 100% loan with no PMI~No income limits, must be primary residence w/no other owned real estate~Refurbished Mid century colonial w/mod ebony kitchen cabinetry & chrome pulls,distressed Faux wood flooring in living kit,dining & hall,lux beige carpeting,footed mod bath vanities,glass backsplash,goose necked faucet,dual flush toilets,porcelain tile w/accent deco band,seamless glass shower,Granite kitchen countertops~New Electrical Service panel",30.30227279663086,-97.685211181640625,1,FALSE,TRUE,FALSE,FALSE,Single Family,1961,299900,2020-11-06,11,2020,107,7,2,0,0,0,0,0,8581,1556,1.9666666666666668,5,966,15,2,4,1,59
29404313,6102 Cherrylawn Cir,78723,"Seller will finance with15% down for qualified buyer! Sprawling mid-century ranch style home on estate lot. Faded glory, but tremendous potential. Half acre and great pool. Significant deferred maintenance - will need a loving hand to bring out potential. Detailed property inspection attached for review (note seller has since performed full termite treatment). Review the inspection, get your estimates, and bring us your best ""As Is"" offer.",30.30675506591797,-97.67578125,2,FALSE,TRUE,FALSE,TRUE,Single Family,1964,765000,2020-05-11,5,2020,40,5,2,2,0,0,1,0,19166.4,3704,2.1333333333333333,3,719,15,3,5,1,56
29408312,2304 Loyola Ln,78723,"Foundation needs repair, as is sale, priced to sell.",30.31861686706543,-97.67926788330078,2,FALSE,TRUE,FALSE,FALSE,Single Family,1963,550000,2020-05-26,5,2020,36,6,2,0,0,0,0,0,13068,2100,1.1333333333333333,2.333333333333333,656,14,3,3,2,57
29408306,2305 Lehigh Dr,78723,"Beautifully remodeled University Hills home just minutes from the shopping, dining and entertainment area of Mueller! Warm natural light pours in this open space and the uniform wood like flooring flows throughout the main level. Wonderfully updated kitchen boasts satin espresso cabinets, neutral granite, stainless appliances, glass tile backsplash and an eat-up breakfast bar. Gas fireplace warms the dining and living areas. Full & spacious utility room off the garage. Chicken lovers delight - no HOA here! Your chicks will relish in the expansive back yard with towering shade trees and plenty of space for a garden. Enjoy quick and easy access to 290, 183 & a metro stop just around the corner - don't miss this one!",30.31650733947754,-97.68038177490234,0,FALSE,FALSE,FALSE,FALSE,Single Family,1966,310000,2018-01-25,1,2018,32,2,1,0,0,0,0,0,16988.4,1512,1.1666666666666667,2.333333333333333,656,14,3,3,2,52
29408298,6504 Bradley Dr,78723,"Contemporary style remodel inside and out in University Hills Subdivision on 1/2 acre lot. 3/2 , 2 car garage, 1616 sq. ft. Great outdoor area space, large balcony off kitchen/living area and back yard deck on back of home for entertainment. Concrete slab located in backyard with new Pergola and small fire pit for evening fun and entertaining family and friends.",30.31571388244629,-97.68059539794922,0,FALSE,FALSE,FALSE,FALSE,Single Family,1962,475000,2019-05-24,5,2019,29,3,1,0,0,0,0,0,22215.6,1616,1.1666666666666667,2.333333333333333,656,14,2,3,2,57
29409989,1602 Glenvalley Dr,78723,"Check out this renovation minutes from DT. Hot neighborhood close to Mueller trails, local coffee & food & so much more. Recent dbl pane windows, HVAC, electric, paint, landscaping & privacy fence. House is perfect for cooking weekday dinners at home or weekend celebrations that flow easily from the large open kitchen to multilevel decks & finished backyard hangout spots. Glass tiles, marble shower, double vanities, air conditioned laundry & flex room. There isn't a better time or place to buy in the ATX!",30.31730651855469,-97.692962646484375,2,FALSE,TRUE,FALSE,FALSE,Single Family,1958,435900,2018-12-23,12,2018,24,2,2,0,0,0,0,0,9321,1338,0.6666666666666666,3,849,14,2,3,1,60
29408293,2211 Vanderbilt Ln,78723,"This home was fully remodeled this year. With all the changes, it's like buying a new home! With the remodel, you get the following: newly installed 30 year roof, new cedar fence, new trimmings, new flooring (including the carpet upstairs), new wiring throughout the home, new electric panels, new plumbing, new ducts, all new insulation on the first two floors (though only a portion of the third floor is new), new garage door openers, new garage door and motors, new smoke and CO detectors, new driveway, walkway, and patio, new energy-efficient kitchen appliances, new tankless water heater, new SEER 16 A/C unit, and new double pane low-e windows. Additionally, you get beautiful, well-thought out finishes, a spacious floor plan that flows wonderfully (every entertainer's dream!), floor to ceiling upgrades, large windows with lots of natural light, kitchen cabinets and drawers with soft-closing, beautiful 3cm quartz countertops in the kitchen and all bathrooms, fresh, neutral paint, modern lights throughout, and gorgeous tile work on all the bathroom floors, and mostly importantly in all the showers. It's a truly beautiful home!",30.31929397583008,-97.680145263671875,0,FALSE,FALSE,FALSE,FALSE,Single Family,1961,599900,2019-07-12,7,2019,24,5,1,1,2,0,1,0,13503.6,2460,1.1666666666666667,2.333333333333333,656,14,4,5,3,58
29407289,2102 Bristol Dr,78723,"2102 Bristol Dr, Austin, TX 78723 is a single family home that contains 978 sq ft and was built in 1957. It contains 3 bedrooms and 1 bathroom. 
 
The Zestimate for this house is $396,063. The Rent Zestimate for this home is $1,649/mo.",30.31519317626953,-97.68404388427734,0,FALSE,FALSE,FALSE,FALSE,Single Family,1957,385000,2020-12-14,12,2020,25,0,1,4,0,0,0,0,7840,978,0.9666666666666668,3,849,14,1,3,1,63
29402289,1914 Sunny Brook Dr,78723,"Gorgeous home in Windsor Park. One of Austin's hottest neighborhoods. Located on a beautiful street with large mature trees. Professional/high-end remodel with attention to detail. Spacious 3/2 1/2 + Two living areas. Fully remodeled in 2014.2 Gorgeous kitchen with double oven, 2 new Hvacs, all new ductwork, spray foam insulation. New Flooring, lighting, Drywall, Bathrooms, Built in Cabnets, large walk-in Master closet. This House has a great flow. Dont miss this rare 2 story!!",30.304840087890625,-97.69214630126952,3,FALSE,TRUE,FALSE,FALSE,Single Family,1968,649000,2020-03-13,3,2020,34,4,3,0,1,0,0,0,9278,2250,1.7000000000000002,5,966,15,3,3,2,52
64756788,6803 Mira Loma Ln,78723,"Call for combo. Scheduled for April completion.  4 Bedroom, 3 Bath modern home coming to University Hills April/May timeframe. The home is just under 2,500 sf and will possess a refined, upscale finish out. Large, mature trees are present on the lot and the backyard is substantial. 10 minute drive to the Capitol. Contact me to learn more about the finish out and features.",30.31980133056641,-97.68433380126952,0,FALSE,FALSE,FALSE,FALSE,Single Family,2018,570000,2018-08-17,8,2018,45,2,1,0,0,0,0,0,8450,2482,1.2333333333333334,2.333333333333333,656,14,3,4,2,0
29404287,3011 Northeast Dr,78723,"PRICE ADJUSTMENT! Lovely Well Maintained Move In Ready Home- Updated bathrooms & Kitchen with custom tile work;French Doors in Master Lead to a Private Deck;Over Sized Corner Lot offers endless possibilities-Build your dream pool/entertainment area or a second home for rental income,college kids or in-laws (owners have quote and info for a Tiny Home);Lot has a curb cutout along Northeast Dr. for a second driveway;This yard is incredible with two separate areas for relaxing on a cool day or all of your entertainment needs;Ideal Location with Easy access to Mueller, UT Campus & Downtown.  Recent HVAC/Duct Work,Roof  A MUST SEE! Call to schedule an appointment today",30.310436248779297,-97.67399597167967,2,FALSE,TRUE,FALSE,FALSE,Single Family,1964,389000,2018-09-14,9,2018,30,3,2,0,0,0,0,0,13068,1557,1.4,3.333333333333333,569,13,2,3,1,54
29397787,4712 Creekwood Rd,78723,"Great East Austin neighborhood located within walking distance to the Mueller development trails, restaurants and shops, as well as, Morris Williams Golf Course. Bartholomew Park is less than a mile with a pool, tennis courts, and a basketball court. Big yard with mature trees. Two bedroom home with a bonus office/study room. Property sold AS-IS.",30.294776916503903,-97.6869888305664,1,FALSE,TRUE,FALSE,FALSE,Single Family,1960,310000,2020-07-27,7,2020,1,3,2,0,0,0,1,0,9408,975,2.3,5,966,15,2,2,1,60
29399786,5305 Cloverdale Ln,78723,"Two bedroom, two bath home on a huge corner lot ( almost a quarter acre!) ready for renovation. Sold as is. All sides masonry. Nice trees. Less than 5 minutes to downtown Austin and U.T. Only blocks from Mueller shopping, restaurants, Home Depot, and Bartholomew pool and park.",30.30066680908203,-97.686614990234375,0,FALSE,FALSE,FALSE,FALSE,Single Family,1959,315000,2019-11-01,11,2019,25,1,1,1,0,0,0,0,10454,1050,2.033333333333333,5,966,15,2,2,1,60
29404281,6207 Betty Cook Dr,78723,"6207 Betty Cook Dr, Austin, TX 78723 is a single family home that contains 1,648 sq ft and was built in 1953. It contains 3 bedrooms and 2 bathrooms. 
 
The Zestimate for this house is $428,284. The Rent Zestimate for this home is $2,225/mo.",30.30913162231445,-97.67464447021484,2,FALSE,TRUE,FALSE,FALSE,Single Family,1953,209900,2019-02-12,2,2019,41,7,2,0,0,0,0,0,14374.8,1648,1.4666666666666668,3.333333333333333,569,13,2,3,1,66
29408279,6708 Northeast Dr,78723,"6708 Northeast Dr, Austin, TX 78723 is a single family home that contains 1,750 sq ft and was built in 1961. It contains 4 bedrooms and 2 bathrooms. 
 
The Zestimate for this house is $495,910. The Rent Zestimate for this home is $2,200/mo.",30.31749725341797,-97.68135833740234,0,FALSE,FALSE,FALSE,FALSE,Single Family,1961,417500,2019-03-21,3,2019,22,7,1,0,0,0,0,0,22215.6,1750,1.1666666666666667,2.333333333333333,656,14,2,4,1,58
29397770,4800 Blueberry Trl,78723,Awesome remodeled home ready for move-in! Large lot!  White kitchen with stainless steel appliances!  Updated tile bathroom! Formal dining.  Family room open to kitchen.,30.29480743408203,-97.68590545654295,2,FALSE,TRUE,FALSE,FALSE,Single Family,1960,365000,2019-03-02,3,2019,25,2,1,0,0,0,0,0,13939.2,1248,2.3,5,966,15,1,3,1,59
29408268,6809 Notre Dame Dr,78723,"Another amazing BIRDHOME remodel coming to the market mid-May 2019. For early access or more info, call Patrick Birdsong (512) 585-1571.",30.31892967224121,-97.68115234375,0,FALSE,FALSE,FALSE,FALSE,Single Family,1962,426500,2019-09-13,9,2019,39,2,1,0,1,0,0,0,9408,1343,1.1666666666666667,2.333333333333333,656,14,2,3,1,57
29408767,7004 Dubuque Ln,78723,"A very nice home conveniently located (within walking distance) near H.E.B., Wilhelmina Delco Center, Winn Elementary School (Newly Launched Montessori Program) several eateries and shopping amenities.  Quick access to Mueller, 183, IH35 and 290.  Freshly painted interior, newly installed laminate wood flooring and clean.  This is a great place for the first-time home buyer with/without a family, the retiree who wants to downsize or someone seeking an investment opportunity.",30.31583404541016,-97.66624450683594,0,FALSE,FALSE,FALSE,TRUE,Single Family,1986,310500,2019-09-10,9,2019,23,5,1,1,2,0,0,0,7013,1174,1.1333333333333335,3.333333333333333,569,13,2,3,1,33
29397766,4808 Blueberry Trl,78723,"Another Designer remodel inspired by Lindsey Hinkle Interiors. This home sits on a large lot with Mature trees within walking distance to the Mueller Development. Functional open floor plan makes this home live larger than the square footage. The Designers taste shines throughout w/updated Flooring, Quartz Countertops, Stainless Steel Appliances, Soft Closing Cabinets, Lighting and Plumbing Fixtures. The Master suite is well appointed w/large walk-in shower. This one shows lie new construction!",30.29557609558105,-97.686065673828125,2,FALSE,TRUE,FALSE,FALSE,Single Family,1960,260000,2020-07-23,7,2020,24,0,2,0,1,0,0,0,7143,1190,2.3,5,966,15,2,3,1,60
29397764,4812 Blueberry Trl,78723,"Perched high on a corner lot, this East side home is not to be missed.  Just minutes from neighborhood parks and pools, the shops and restaurants at Mueller, golfing, and more you will be living in the heart of Austin's East side.  The 3 bedroom 2 bath home has been thoughtfully updated with contemporary modern fixtures, custom tile work, warm flooring, all new kitchen soft-close cabinets with a waterfall quartz countertop, and more.  The home has a new HVAC, water heater, windows, and roof.  And, with a large corner lot, the back and side yards are perfect for entertaining friends and family.  Blueberry Trail has numerous homes that have been recently updated and has a new build on the way.",30.29589080810547,-97.686065673828125,2,FALSE,TRUE,FALSE,FALSE,Single Family,1960,449000,2020-12-11,12,2020,35,3,3,0,0,0,0,0,9639,1120,2.2666666666666666,5,966,15,2,3,1,60
29408263,6711 Notre Dame Dr,78723,"Call Omar Dyess with RE/MAX 1 at 512-518-0939 for showings. This hip 4 bedroom, 2 bath one story home was built in 2005 which makes it the newest home you can buy in University Hills. Features include stainless steel appliances, granite countertops, breakfast bar, open floorpan, stained concrete flooring with carpet in the bedrooms, office nook, double vanity and walk-in closet in master. Exterior features include covered front porch overlooking fruit/vegetable/herb garden with drip irrigation, covered and large uncovered back deck for entertaining with lots of shade and xeriscaping.",30.31806945800781,-97.6816864013672,2,FALSE,TRUE,FALSE,TRUE,Single Family,2005,429900,2019-10-10,10,2019,24,1,2,0,1,0,0,0,9060,2070,1.1666666666666667,2.333333333333333,656,14,2,4,1,14
29404260,6213 Walnut Hills Dr,78723,"Stylish well maintained home with entertainers backyard with large mature trees. Inviting interior with accent paint & crown molding. Cozy living room with native stone wood burning fireplace & large windows to let in the natural light. Kitchen has updated counter tops with built-in cooktop, single oven & dishwasher. Large master bedroom with sitting area & built-in corner shelves. Nice sized secondary bedrooms. Low maintenance landscaping w/sprinkler system.",30.30908966064453,-97.67577362060548,0,FALSE,FALSE,FALSE,FALSE,Single Family,1963,449000,2020-02-24,2,2020,20,2,1,1,0,0,2,0,13503.6,1746,1.5666666666666669,3,849,14,2,3,1,57
29407259,2000 Eaton Ln,78723,"2000 Eaton Ln, Austin, TX 78723 is a single family home that contains 1,846 sq ft and was built in 1956. It contains 4 bedrooms and 2 bathrooms. 
 
The Zestimate for this house is $480,916. The Rent Zestimate for this home is $2,300/mo.",30.314531326293945,-97.686492919921875,4,FALSE,TRUE,FALSE,FALSE,Single Family,1956,479000,2020-09-16,9,2020,24,6,1,2,0,0,1,0,8712,1846,0.8666666666666667,3,849,14,2,4,1,64
29405758,5701 Westminster Dr,78723,"Windsor Park Gem! Home is a unique and beautifully updated 60's rancher in one of the hottest areas of East Austin! Newly remodeled - kitchen w/ butcher block counters, back splash, bar seating, stainless appliances, and new washer/dryer. Energy efficient - new windows, insulation & HVAC! 

Tons of natural light, sleek concrete floors flow throughout and vaulted ceilings give a light and airy feel to the space. Great floor plan with 3 large bedrooms and BONUS living room or office Master bedroom w/ hand-scraped wood floors & walk-in closet. Private backyard with deck, firepit, beautiful trees & garden beds. Walk to Hank's, Little Deli, Windsor Park Public Library, Bartholomew Park, & Mueller amenities. Pet's OK with pet deposit. This home is incredible and location unbeatable. Won't last long!",30.309776306152344,-97.6904296875,2,FALSE,TRUE,FALSE,FALSE,Single Family,1961,450000,2020-06-11,6,2020,105,2,3,0,0,0,0,0,7623,1650,1.5666666666666669,5,966,15,2,3,1,59
29405757,5609 Westminster Dr,78723,"MUST SEE! INCREDIBLE investment opportunity in sought after Windsor Park! Fantastic floor-plan with tons of potential. Location! Location! Location! Less than five miles to downtown and UT. Just blocks to Mueller shopping, restaurants, market and Bartholomew pool and park. This East Side gem won't last long!",30.30954551696777,-97.69034576416016,0,FALSE,FALSE,FALSE,FALSE,Single Family,1960,399999,2020-06-19,6,2020,22,2,2,0,3,0,0,0,8058,1821,1.5666666666666669,5,966,15,1,4,1,60
29408251,2114 Fordham Ln,78723,"2114 Fordham Ln, Austin, TX 78723 is a single family home that contains 1,522 sq ft and was built in 1962. It contains 4 bedrooms and 2 bathrooms. 
 
The Zestimate for this house is $508,973. The Rent Zestimate for this home is $2,200/mo.",30.31769561767578,-97.68336486816406,0,FALSE,FALSE,FALSE,FALSE,Single Family,1962,399950,2019-08-20,8,2019,1,3,1,1,0,0,0,0,6969,1522,1.2,2.333333333333333,656,14,2,4,1,57
29408250,2116 Fordham Ln,78723,"Incredible opportunity on an amazing street in University Hills! Own this completely remodeled 1960s bungalow with 3 bedrooms & 2 full baths, a fully fenced yard, and custom deck in rear!  Inside you have a spacious and open floor plan with a truly remarkable kitchen that includes a waterfall peninsula with a breakfast bar, abundant storage, and impressive finishes. The large common area gives ample space for your living and dining rooms, and connects with a flexible space for possible office or playroom that can be closed off with custom barn doors.   Incredible master suite has walk in closet, plenty of natural light, and lots of space. The master bath includes a double vanity and walk in shower with jaw dropping tile work. The walk-through laundry room off the master suite is functionality at its best!",30.31768035888672,-97.6831283569336,1,FALSE,TRUE,FALSE,FALSE,Single Family,1960,449500,2018-03-19,3,2018,29,3,3,0,0,0,0,0,6751,1588,1.2,2.333333333333333,656,14,2,3,1,58
29408749,3112 Val Dr,78723,"Spacious 4 bedroom remodel located on a large corner lot w/ mature trees & lots of shade! Extended front porch, 2 living areas & endless opportunity w/ the oversized backyard, side load garage, & half bath access from garage, backyard & utility room. Kitchen includes gas range venthood w/ breakfast bar, farm sink & spacious built in buffet w/ microwave. Two master sized bedrooms. Plenty of storage w/ walk in closets in all bedrooms. Easy access to 183, minutes to Muller & walking distance to Metro.",30.31686782836914,-97.66569519042967,0,FALSE,FALSE,FALSE,FALSE,Single Family,1970,474900,2019-10-18,10,2019,40,3,1,2,0,0,0,0,11325.6,2002,1.1666666666666667,3.333333333333333,569,13,3,4,2,49
29404248,3011 Maplelawn Cir,78723,"3011 Maplelawn Cir, Austin, TX 78723 is a single family home that contains 1,721 sq ft and was built in 1963. It contains 3 bedrooms and 2 bathrooms. 
 
The Zestimate for this house is $493,183. The Rent Zestimate for this home is $2,450/mo.",30.30581474304199,-97.677032470703125,2,FALSE,TRUE,FALSE,FALSE,Single Family,1963,249000,2020-04-09,4,2020,1,2,2,2,3,0,1,0,8886,1721,2.1,3,719,15,2,3,1,57
29404245,3005 Maplelawn Cir,78723,"Paradise at the point! This recently renovated, professionally-designed, immaculate, one story house with 3 bedroom 2 baths, generous living space and stylish finishes, you'll enjoy a perfect setting for relaxing and entertaining. Beautiful floors and covered patio, and a large backyard pefect for entertaining. Other special highlights include  attached 2 car garage and fully fenced yard.",30.306062698364247,-97.67765808105467,2,FALSE,TRUE,FALSE,FALSE,Single Family,1963,479990,2020-09-10,9,2020,31,3,2,1,1,0,1,0,9191,1694,2.0666666666666664,3,719,15,2,3,1,57
29402243,2013 Singing Brk,78723,"This stylish Windsor Park home is located on a quiet street behind Bartholemew Park within walking distance to all the great restaurants and conveniences at Mueller. Gorgeous heritage oak tree in front and a private backyard with covered patio. Recently remodeled, beautiful white oak flooring throughout, two separate living areas and open kitchen. This one is a rare find!",30.30324935913086,-97.69127655029295,0,FALSE,FALSE,FALSE,TRUE,Single Family,1968,477900,2019-12-06,12,2019,32,5,1,0,0,0,1,0,7797,1526,1.7666666666666666,5,966,15,2,3,1,51
29404241,3002 Maplelawn Cir,78723,"Beautifully renovated home featuring open concept, vaulted ceilings and plenty of natural light.  Friends and family can gather in the spacious sun room which includes french doors connecting seamlessly into multiple areas of the home.  Rare features including walk-in closet, 2-car garage, spacious guest rooms and fully fenced back yard.  Home sits in a cul-de-sac just 10 minutes from downtown and 5 minutes from Muller shopping, restaurants and entertainment. Ask listing agent about special financing!",30.306529998779297,-97.67737579345705,2,FALSE,TRUE,FALSE,FALSE,Single Family,1964,299000,2020-08-20,8,2020,65,2,2,0,1,0,1,0,9147,1892,2.1,3,719,15,2,3,1,56
29402290,1912 Sunny Brook Dr,78723,NA,30.304800033569336,-97.6923599243164,2,FALSE,TRUE,FALSE,FALSE,Single Family,1971,699000,2020-08-31,8,2020,1,2,2,1,3,0,1,0,9191,1567,1.7000000000000002,5,966,15,2,3,1,49
29407232,6200 Haney Dr,78723,"This beautiful North Austin home sits on a large lot with high end updates completed in 2014.  Modern and sleek finishes throughout including quartz counters, oversized plank tile, LED recessed lighting, and more!  Spacious kitchen opens to living and dining areas includes farm house sink, stainless steel appiliances and large island with cooktop. Master offers double vanity with a large frameless walk in rain shower.  Oversized third bedroom can be a flex room - office, media or family room.  Enjoy a large laundry/pantry combo with built in desk space with quartz top counter. Laze the day away in the huge yard shaded by large, well established trees.",30.312841415405284,-97.6842803955078,0,FALSE,FALSE,FALSE,FALSE,Single Family,1958,379900,2019-06-25,6,2019,16,0,1,0,0,0,0,0,8712,1306,1.0333333333333332,3,849,14,2,3,1,61
29398732,3401 Norwood Hill Rd,78723,"3401 Norwood Hill Rd, Austin, TX 78723 is a single family home that contains 1,901 sq ft and was built in 1965. It contains 4 bedrooms and 2 bathrooms. 
 
The Zestimate for this house is $492,027. The Rent Zestimate for this home is $2,100/mo.",30.2973575592041,-97.6771240234375,0,FALSE,FALSE,FALSE,FALSE,Single Family,1965,479000,2020-04-28,4,2020,29,4,1,1,0,0,0,0,9713,1901,2.2,3,719,15,2,4,1,55
29398731,5309 Beechmoor Dr,78723,"Check out this charming Windsor Park Hills property with easy access to Downtown, Mueller, and ABIA! This fantastic property features a 3bed/2bath one-story home with 2-car attached garage, and a 2bed/1bath detached garage apartment with 2 additional spaces, or an excellent workshop space. Updated plumbing and electrical systems. Large backyard with storage shed and plenty of space for entertaining. Garage apartment is great for additional rental income. This property is a must-see!",30.29710578918457,-97.67707824707033,0,FALSE,FALSE,FALSE,FALSE,Single Family,1967,447500,2018-01-26,1,2018,28,4,3,0,0,0,0,0,11761.2,2060,2.2,3,719,15,2,3,1,51
29408229,6809 Duquesne Dr,78723,"Mature Trees & natural light make this 3/2.5 remodel truly shine. Open Concept, Marble & Quartz countertops, SS appliances, LED Recessed lighting, WiFi thermostats, HVAC 2017 and a lifetime metal roof complete this turn-key beauty. Enjoy an oversized utility room/pantry as well as a huge master closet and bath. Enjoy an evening on the oversized back deck and spacious backyard. Just 2mi N. of Mueller and East Austin shopping, restaurants and fun.",30.319339752197266,-97.68199157714844,3,FALSE,TRUE,FALSE,FALSE,Single Family,1961,309900,2019-11-01,11,2019,40,8,2,1,1,0,0,0,8102,2076,1.2,2.333333333333333,656,14,3,3,1,58
29407227,6210 Haney Dr,78723,Fully renovated home inside and out with all the latest style choices. Come see everything new this home has to offer that is centrally located in the Austin Windsor neighborhood. Open House 9/29 1-4pm.,30.313804626464844,-97.68476104736328,0,FALSE,FALSE,FALSE,FALSE,Single Family,1958,469000,2019-12-11,12,2019,20,2,1,0,1,0,0,0,9452,1950,0.9666666666666668,3,849,14,2,5,1,61
29402227,2000 Oakleaf Cir,78723,"Great price, SOLD AS-IS. Enjoy eco-friendly living in this charming one-story home nestled on a well-sized corner lot in desired Windsor Park! Great location close to UT and downtown, Mueller Development, Austin Library, Park, Dell Children's Hospital and shopping. Functional compact plan organized into living and sleeping areas with no long hallways. Solar panels are owned and will convey with the house. Schools are all within a 2-mile radius. Easy access to highways and multiple paths into and out of the neighborhood. Perfect for full time or investment home. Must see!",30.30732536315918,-97.68964385986328,2,FALSE,TRUE,FALSE,TRUE,Single Family,1968,447900,2019-06-07,6,2019,22,4,2,0,0,0,0,0,10105,1718,1.6000000000000003,5,966,15,2,3,1,51
29398726,5203 Beechmoor Dr,78723,"Loaded with charm and a laid-back East Austin vibe, this mid-century home is as welcoming as an icy cold beverage on a hot afternoon and as warm as Johnny Rivers coming out of the stereo speakers. With two living areas, it's ideal for entertaining, and the covered back patio with slate-tile flooring and cozy cafe lights makes a wonderful extension to allow your gatherings to transition easily outside. Minutes to downtown Austin, Mueller, Walnut Creek Bike Trail, or a quick zoom to the new Tesla factory.",30.296173095703125,-97.6774444580078,2,FALSE,TRUE,FALSE,FALSE,Single Family,1966,146500,2020-08-18,8,2020,30,4,2,1,1,0,0,0,8973,1485,2.1666666666666665,3,719,15,2,3,1,54
29402224,5409 Westminster Dr,78723,"Stunning remodel in desirable Delwood area.  Located across from Blanton Elementary, this 3 bedroom, 2 bath home has been updated top-to-bottom!  Open floorplan features a large formal dining room which opens to the family room.  Gorgeous modern fireplace is the focal of the family room.  Updated kitchen has beautiful new cabinets and a white quartz counter.  Master suite features a separate door to the patio and large bathroom with dual vanities and walk in shower.  Secondary bedrooms have ample closets.",30.306434631347656,-97.68919372558594,2,FALSE,TRUE,FALSE,FALSE,Single Family,1968,409000,2018-01-24,1,2018,22,3,2,0,0,0,0,0,9931,1451,1.6666666666666667,5,966,15,2,3,1,50
29400223,5113 Wayborne Hill Dr,78723,"LOCATION LOCATION LOCATION! This sun-filled home features an amazing floor plan with a brick fireplace in living area, tile flooring for easy maintenance and a lovely sunroom. Open kitchen boasts a built-in oven and beautiful cabinetry. Outside you will find a refreshing in-ground pool great for entertaining. Located minutes away from schools, restaurants, shopping, parks and much more! Come see what this wonderful home has to offer!",30.29710578918457,-97.68306732177734,2,FALSE,TRUE,FALSE,FALSE,Single Family,1967,439900,2018-10-20,10,2018,26,3,2,0,0,0,0,0,8189,1410,2.1,3,719,15,2,3,1,51
29402489,5709 Sandhurst Cir,78723,"Updates throughout! No corner untouched! Feels like a brand new home in hot 78723. Tons of natural light throughout, new shaker cabinets, appliances, countertops, wood flooring, new carpet in only 2 bedrooms. Newly added mudroom off of kitchen with entrance to backyard and garage. Double vanity in owners suite with new tile in both bathrooms. Beautifully finished and ready for you to move in! Come see for yourself! Won't last long.  Convenient to Downtown, Manor Rd restaurants, shops and more.",30.30584144592285,-97.68152618408205,0,FALSE,FALSE,FALSE,FALSE,Single Family,1962,145000,2019-01-15,1,2019,35,2,1,0,0,0,0,0,9321,1420,2.033333333333333,5,966,15,2,3,1,57
29408221,6703 Duquesne Dr,78723,Perfect investment opportunity in University Hills. Make this property your own,30.31796264648437,-97.68299865722656,2,FALSE,TRUE,FALSE,FALSE,Single Family,1961,375000,2020-11-03,11,2020,61,3,2,0,0,0,0,0,10193,1245,1.2,2.333333333333333,656,14,2,3,1,59
29402721,6506 Highpoint Cv,78723,"Great opportunity for someone looking to move in close to Mueller. Tall ceilings and lots of windows make this little gem seem a lot bigger. A little paint, updating and your personal touch can go a long way in this nice home. Huge backyard, gorgeous trees...lots of possibilities...In close proximity to major stores, shops, roads, UT and downtown",30.30717468261719,-97.666046142578125,2,FALSE,TRUE,FALSE,FALSE,Single Family,1971,390000,2018-03-29,3,2018,22,5,2,0,0,0,0,0,8799,1349,1.3666666666666665,3.333333333333333,569,13,2,3,1,47
29398721,5304 Basswood Ln,78723,"5304 Basswood Ln, Austin, TX 78723 is a single family home that contains 1,480 sq ft and was built in 1966. It contains 3 bedrooms and 2 bathrooms. 
 
The Zestimate for this house is $512,446. The Rent Zestimate for this home is $2,300/mo.",30.296714782714844,-97.67681884765624,0,FALSE,FALSE,FALSE,FALSE,Single Family,1966,469950,2019-12-16,12,2019,1,3,1,1,0,0,0,0,9583,1480,2.2,3,719,15,2,3,1,53
29408719,6821 Willamette Dr,78723,Enjoy the beautiful and soothing flowing creek in the backyard. Amazing remodel on a half acre lot! Only 10 mins. to downtown Austin. This home is ideal for families with kids and also for entertaining with open floor plan. Four large bedrooms with huge walk-in closets upstairs. A large balcony accents the front yard to sit and relax on and enjoy the breeze in the evening after a long hard day!,30.31645393371582,-97.67302703857422,2,FALSE,TRUE,FALSE,TRUE,Single Family,1967,460000,2020-08-14,8,2020,34,9,3,0,0,0,0,0,21780,2180,1.2333333333333332,2.333333333333333,656,14,3,4,2,53
29402218,5363 Westminster Dr,78723,"LOCATION LOCATION LOCATION! Come see this 4 bedroom 2 bath home in Austin located minutes away from schools, parks, restaurants, shopping and much more! Easy access to I-35 and 290. This home features a great floor plan with 2 living areas, vaulted ceilings, built-in book cases and stone fireplace. Outside you will find a spacious backyard with storage building and patio, perfect for entertaining. Come see this home today!",30.30579376220703,-97.68800354003906,0,FALSE,FALSE,FALSE,FALSE,Single Family,1960,284995,2018-03-02,3,2018,35,2,3,0,0,0,0,0,9452,1518,1.7333333333333334,5,966,15,2,3,1,58
29405717,5600 Westminster Dr,78723,"Mid Century modern bungalow with beautiful large oak trees in sought-after Windsor Park minutes from Mueller, Hank's and Dell Children's Hospital. This cozy 3 bedroom, 2 bath home is adorable and has been tastefully updated. Bamboo floors gleam in this light-filled home. Stylish bright kitchen boasts updated cabinetry, granite counter tops and stainless steel appliances. The big backyard is has lush grass, agave plants and a nice deck for your enjoyment.",30.30873870849609,-97.69062042236328,0,FALSE,FALSE,FALSE,FALSE,Single Family,1961,375000,2018-10-10,10,2018,27,4,1,0,0,0,0,0,7927,1212,1.5666666666666669,5,966,15,2,3,1,57
29400217,5101 Wayborne Hill Dr,78723,"5101 Wayborne Hill Dr, Austin, TX 78723 is a single family home that contains 1,577 sq ft and was built in 1970. It contains 3 bedrooms and 2 bathrooms. 
 
The Zestimate for this house is $448,846. The Rent Zestimate for this home is $1,999/mo.",30.297048568725582,-97.68431854248048,0,FALSE,FALSE,FALSE,FALSE,Single Family,1970,399900,2019-07-24,7,2019,1,4,1,1,0,0,0,0,7405,1577,2.1,3,719,15,2,3,1,49
64641716,3302 Hycreek Dr,78723,"Fantastic home featuring fresh paint, double pane windows, new carpet & vinyl flooring throughout, and updated kitchen w/ new dishwasher, gas stove, hood, sink, countertops, and cabinetry. Foundation repair with lifetime warranty, plumbing lines have been recently replaced. Great location, easy access to 183, close to HEB & tons of great spots in Mueller, and just 15 minutes to UT & tons of great downtown shopping, restaurants, and entertainment.",30.305700302124023,-97.67279815673828,0,FALSE,FALSE,FALSE,FALSE,Single Family,2004,79900,2018-06-08,6,2018,30,2,1,0,0,0,0,0,7187,1492,2.266666666666667,3,719,15,2,4,2,14
29398714,5202 Beechmoor Dr,78723,"Bright airy comfortable single story 3 Bed / 2 Bath, 2 Living areas, Breakfast Nook home with lots of windows. HUGE backyard. 13500 SFT Lot. HVAC, Water Heater, Garbage Disposal, Dishwasher, Fridge, Cooktop (Gas). Freshly painted with some recent updates. Brand new Washer / Dryer included in rental.

Tenant responsible for yard maintenance and all utilities. Pets allowed with security deposit of $450 per pet",30.295692443847656,-97.677764892578125,0,FALSE,FALSE,FALSE,FALSE,Single Family,1966,285000,2019-01-14,1,2019,17,2,2,0,0,0,0,0,13503.6,1354,2.2,3,719,15,2,3,1,53
29404187,5903 Thames Dr,78723,"5903 Thames Dr, Austin, TX 78723 is a single family home that contains 1,927 sq ft and was built in 1963. It contains 4 bedrooms and 3 bathrooms. 
 
The Zestimate for this house is $483,212. The Rent Zestimate for this home is $2,300/mo.",30.311708450317383,-97.68685150146484,4,FALSE,TRUE,FALSE,FALSE,Single Family,1963,469000,2020-12-29,12,2020,27,2,3,1,0,0,0,0,8712,1927,0.9666666666666668,3,849,14,3,4,2,57
29410210,3010 Lynridge Dr,78723,"3010 Lynridge Dr, Austin, TX 78723 is a single family home that contains 1,948 sq ft and was built in 1970. It contains 4 bedrooms and 3 bathrooms. 
 
The Zestimate for this house is $494,592. The Rent Zestimate for this home is $2,300/mo.",30.318307876586925,-97.66675567626952,2,FALSE,TRUE,FALSE,TRUE,Single Family,1970,263900,2018-07-20,7,2018,1,4,2,0,0,0,0,0,9147,1948,1.2333333333333334,3.333333333333333,569,13,3,4,1,48
29410209,3100 Lynridge Dr,78723,"Completely remodeled home located in the highly sought after University Hills Neighborhood!Over $100,000.00 in upgrades. Enjoy the opened floor plan with new large double pane windows. Custom kitchen cabinets, new stainless steel appliances, Granite countertops. Fully Updated bathrooms. New flooring and carpet throughout the house.  Roof replaced in August 2017. This home is a Must See! Buyer may qualify for special financing.",30.31819152832031,-97.6665496826172,0,FALSE,FALSE,FALSE,FALSE,Single Family,1970,399000,2018-02-15,2,2018,39,4,1,0,0,0,0,0,9670,1911,1.2333333333333334,3.333333333333333,569,13,2,4,1,48
29407209,6309 Dorchester Dr,78723,"REMODELLED by HGTV's PROPERTY BROTHERS!   This home was featured on an episode of the show in 2012!

I almost didn't buy this house because of the smaller square footage, but was impressed -- it seems and feels way bigger!  

Stunning central re-model, with many custom upgrades. All new living spaces, including all applicances!

This totally unique and rustic-modern home was professionally designed and remodelled by HGTV and their team of contractors and designers less than a year ago - everything is new: washer/dryer, fridge, stove. custom tilework, full kitchen and bathroom.

Bedrooms are close to equal in size, with two larger and one slightly-smaller ""office"" room (could still easily fit a king bed). 

All bedrooms have closets, no walk-ins, though. Two larger bedrooms have 2 windows each.

As a bonus, there's a massive 500 sq ft building on property for conversion to 2nd rental until! Use this extra buliding as a workshop, second rental house, storage, etc! Has perfect foundation, windows, 3 doors, great roof and solid walls. 
 
Tree-lined neighborhood is very quiet but close enough to downtown, and simply wonderful neighbors!

Please have financing approved before booking a visit to see this property. Very serious inquiries only. 


Neighborhood Description

Fabulous neighborhood about 1-2 miles north east of Hyde Park. Close to Mueller development and new HEB coming soon. Not a ""rental"" kind of area - lots of long-term home-owners as well as younger professional couples. Neighborhood has that magic touch of true Austin charm.",30.314712524414062,-97.685333251953125,1,FALSE,TRUE,FALSE,FALSE,Single Family,1956,415000,2020-05-15,5,2020,40,6,3,0,0,0,0,0,10105,968,0.9333333333333332,3,849,14,1,3,1,64
29400209,5203 Marymount Dr,78723,"Embrace the charm of an established east side neighborhood while enjoying the luxury of a like new home! Gorgeous transitional style remodel in HOT 78723! ALL NEW: siding, windows, LED recessed lighting, light fixtures, sheetrock, textured walls, fresh interior/exterior paint, interior doors/garage doors. Only (new) carpet is in extra bedrooms! Hardwood floors throughout, stunning new kitchen and baths feature soft close shaker cabinets and both baths have double a double vanity! Quartz counters, under cabinet lighting, laundry brought from the garage to inside. Close to all that Mueller has to offer including shopping, dining while convenient to downtown, UT, and all the hip offerings of the East Side.",30.29804611206055,-97.68363189697266,0,FALSE,FALSE,FALSE,FALSE,Single Family,1967,424950,2018-11-17,11,2018,32,4,1,0,0,0,0,0,9016,1534,2.066666666666667,3,719,15,2,3,1,51
29407207,6305 Dorchester Dr,78723,"Beautiful and thoughtfully remodeled 1950s home in a GREAT location that backs to green space.  Low traffic street, spacious yard, all hard flooring with no carpet.  Incredible kitchen with bar, beverage area, chic wallpaper, stainless appliances and quartz counters.  2 spacious living areas and 4 beds.  Best of city living in HOT 78723.  Close to Mueller, Little Deli, Hank's and only minutes to UT and downtown.",30.31435775756836,-97.6853256225586,4,FALSE,TRUE,FALSE,FALSE,Single Family,1957,525000,2020-06-15,6,2020,28,3,2,0,0,0,0,0,8189,1776,0.9666666666666668,3,849,14,2,4,1,63
29408206,6905 Columbia Dr,78723,"6905 Columbia Dr, Austin, TX 78723 is a single family home that contains 1,475 sq ft and was built in 1964. It contains 3 bedrooms and 3 bathrooms. 
 
The Zestimate for this house is $396,540. The Rent Zestimate for this home is $1,950/mo.",30.320146560668945,-97.68255615234376,0,FALSE,FALSE,FALSE,FALSE,Single Family,1964,335000,2019-03-11,3,2019,1,3,2,0,0,0,0,0,7492,1475,1.2,2.333333333333333,656,14,3,3,1,55
29405705,1903 Northridge Dr,78723,"*Best & Final offers due by Tues 5/8 at 12pm*Spacious 4/2/2 perfectly situated in Windsor Park! Beautifully remodeled with a modern/timeless design. Sensible layout, gorgeous wood floors throughout, bright spacious kitchen, quartz countertops, high-end dual HVAC, tankless water heater, large laundry room w/utility sink, private backyard, huge deck, perfect blend of shade & sun. Just a short walk to Hank's Restaurant, Cenote & Blanton Elementary! Moments from Mueller, restaurants, shopping, Alamo Drafthouse, Lake Park & Farmer's Market.",30.31067657470703,-97.69189453125,0,FALSE,FALSE,FALSE,FALSE,Single Family,1957,179900,2018-06-07,6,2018,30,4,2,0,0,0,0,0,8929,1900,1.5,5,966,15,2,4,1,61
29405703,1807 Northridge Dr,78723,"1807 Northridge Dr, Austin, TX 78723 is a single family home that contains 1,968 sq ft and was built in 1958. It contains 3 bedrooms and 2 bathrooms. 
 
The Zestimate for this house is $522,941. The Rent Zestimate for this home is $2,495/mo.",30.310871124267567,-97.69231414794922,0,FALSE,FALSE,FALSE,FALSE,Single Family,1958,425000,2019-06-03,6,2019,40,4,1,0,0,0,0,0,9060,1968,1.5333333333333332,5,966,15,2,3,1,61
29402203,2006 Lazy Brook Cir,78723,"Another Castle Hill contemporary transformation in Brookside Estates, the most sought after area in beautiful Windsor Park. We have fallen in love with this angel during the remodel: sinewy spaces, marvelous custom walnut cabinetry, fashionable xeriscaping, adulting-appropriate yet rock and roll bathrooms, and an unfinished workshop in the back for your artistic pursuits (or things more naughty). And this lot! Marvelous mature trees, neighbors that have been here for decades, and a location minutes from all that is great about Austin. Please note any/all offers will not be reviewed until Monday, 11/23 at 5pm.",30.305288314819336,-97.689727783203125,2,FALSE,TRUE,TRUE,FALSE,Single Family,1971,499900,2020-12-22,12,2020,11,4,2,1,2,0,0,0,7666,1372,1.7,5,966,15,2,3,1,49
29408702,6814 Langston Dr,78723,"6814 Langston Dr, Austin, TX 78723 is a single family home that contains 2,244 sq ft and was built in 1970. It contains 4 bedrooms and 3 bathrooms. 
 
The Zestimate for this house is $561,092. The Rent Zestimate for this home is $2,199/mo.",30.316913604736328,-97.67156982421876,2,FALSE,TRUE,FALSE,TRUE,Single Family,1970,550000,2020-03-13,3,2020,1,2,2,0,1,0,0,0,11325.6,2244,1.3,2.333333333333333,656,14,3,4,1,50
29398700,5303 Gladstone Dr,78723,"Solid investment opportunity in popular Windsor Park Hills awaits! Pictured is an example of addition that could be part of a remodel project. Several floor plan renderings available please see agent on plans, permits and drawings. Foundation does not need work. New builds and rehabs in the neighborhood selling for $500k and up! Just minutes away from Mueller development, shopping and I-35... this unique opportunity won't last long!",30.2968807220459,-97.6783447265625,0,FALSE,FALSE,FALSE,FALSE,Single Family,1965,259900,2019-10-17,10,2019,15,2,1,1,0,0,0,0,7971,944,2.1666666666666665,3,719,15,1,3,1,54
29408699,6900 Cal Cv,78723,"This delightful and charming home and its wonderful outdoor space is a must-see! It features a little zen garden out front and a huge and lovingly landscaped yard, covered patio, raised beds ready for planting, outdoor shed and loads of space for playing, relaxing, or entertaining!  Its mid-century modern style is cozy and inviting, all thoughtfully laid out.  Many major upgrades already done: foundation, front & rear windows, fencing, all underground plumbing, etc. Fridge, washer/dryer convey with sale.",30.31745719909668,-97.6704330444336,0,FALSE,FALSE,FALSE,FALSE,Single Family,1965,353000,2019-04-16,4,2019,29,5,1,0,0,0,0,0,8102,1341,1.2666666666666666,3.333333333333333,569,13,2,3,1,54
29398698,5213 Gladstone Dr,78723,"5213 Gladstone Dr, Austin, TX 78723 is a single family home that contains 2,006 sq ft and was built in 1965. It contains 4 bedrooms and 2 bathrooms. 
 
The Zestimate for this house is $502,889. The Rent Zestimate for this home is $2,300/mo.",30.29651260375977,-97.67830657958984,2,FALSE,TRUE,FALSE,FALSE,Single Family,1965,379900,2019-04-08,4,2019,57,5,2,0,0,0,0,0,8189,2006,2.1666666666666665,3,719,15,2,4,1,54
29400989,5607 Chadwyck Dr,78723,"Beautifully remodeled home in Northeast Austin. Approx. 2 miles to the Mueller area, 5 miles to downtown and UT. Minutes from Little Walnut Creek Greenbelt. Everything is new! Open floorplan with breakfast bar is perfect for entertaining.  Designer fixtures throughout, no detail left untouched. The fenced-in backyard is enormous with two patios and fresh landscaping. Master features walk-in closet, dual vanity, walk-in shower and patio access. This home is a must-see and won't last long!",30.301103591918945,-97.67515563964844,2,FALSE,TRUE,FALSE,FALSE,Single Family,1966,600000,2020-07-13,7,2020,33,2,2,2,0,0,0,0,9618,2020,2.1,3,719,15,3,4,1,54
29405697,1704 Northridge Dr,78723,"1704 Northridge Dr, Austin, TX 78723 is a single family home that contains 2,187 sq ft and was built in 1957. It contains 4 bedrooms and 3 bathrooms. 
 
The Zestimate for this house is $730,421. The Rent Zestimate for this home is $2,250/mo.",30.31178092956543,-97.69310760498048,2,FALSE,TRUE,FALSE,FALSE,Single Family,1957,649000,2020-04-24,4,2020,38,5,2,2,1,0,0,0,9713,2187,0.8666666666666667,3,849,14,3,4,1,63
29404197,2815 Vernon Ave,78723,Mid-century modern architectural gem in Windsor Park. Fully fenced backyard with pool. Unique style and charm in a Central Austin neighborhood. Private backyard with pool that feels like urban oasis. All original plumbing replaced with PVC in 2018.,30.308364868164062,-97.67741394042967,2,FALSE,TRUE,FALSE,FALSE,Single Family,1952,429900,2020-02-18,2,2020,26,5,3,0,1,0,1,0,9283,1486,1.5333333333333332,3,849,14,2,3,1,68
29398697,5211 Gladstone Dr,78723,"Newly remodeled windsor hills home, great lot, all permited remodel , new plumbing new electical including new service , windows siding roof floors walls etc..beautiful ! down to the studs, must see won't last long..!!!!!",30.29631805419922,-97.67828369140624,1,FALSE,TRUE,FALSE,FALSE,Single Family,1965,449950,2020-08-25,8,2020,23,3,3,0,2,0,0,0,8276,1253,2.1666666666666665,3,719,15,2,3,1,55
29408488,6806 Dubuque Ln,78723,"***Don't get stuck owning two homes. Ask about our Guaranteed Sale Home Selling System. Call us at 512-501-1501 at any time***
Recently renovated 3 bedroom, 1 full bath home in desirable University Hills! Easily accessible to major highways. Quality throughout with style... a must see! Tile flooring, granite counters, vented gas stove, stainless appliances including dishwasher, and track lighting. Dining area plus breakfast bar. 1-car attached carport, and back patio.",30.31408882141113,-97.6697769165039,1,FALSE,TRUE,FALSE,FALSE,Single Family,1961,329900,2019-10-23,10,2019,10,3,2,0,0,0,0,0,7274,962,1.2333333333333334,3.333333333333333,569,13,1,3,1,58
29410196,7207 Meadowood Dr,78723,"Brand new interior paint, new plumbing, new appliances, new carpet, new fixtures and ceiling fans, remodeled bathroom.",30.32046890258789,-97.66985321044922,2,FALSE,TRUE,FALSE,FALSE,Single Family,1969,345899,2018-09-20,9,2018,32,4,2,0,0,0,0,0,10280,1594,1.2666666666666666,3.333333333333333,569,13,2,3,1,49
29408195,6713 Haney Dr,78723,"Great mid-century home just minutes from downtown Austin in one of Austin's most thriving up and coming neighborhoods. Three bedrooms, 2 baths, 1 car garage. Many owner updates!",30.318796157836925,-97.68424224853516,2,FALSE,TRUE,FALSE,TRUE,Single Family,1960,325000,2018-09-19,9,2018,44,4,2,0,0,0,0,0,6621,1242,1.2666666666666666,2.333333333333333,656,14,2,3,1,58
29408693,6900 Langston Dr,78723,"Warm and inviting, move-in ready 3 bed, 2 bath house in University Hills. Bathrooms have been completely remodeled with a modern aesthetic. New flooring (no carpet!) & foundation leveled w transferable warranty & Engineer's letter available. The large corner lot provides ample backyard space for entertaining and hangout, including freestanding deck & firepit. Previous owner hosted backyard move nights. Down the street from Dottie Jordan Park & less than 10 min drive to Mueller.",30.31709671020508,-97.67100524902344,1,FALSE,TRUE,FALSE,FALSE,Single Family,1964,100000,2020-05-15,5,2020,24,5,2,3,2,0,0,0,8712,1330,1.2333333333333332,3.333333333333333,569,13,2,3,1,56
29408692,6902 Langston Dr,78723,"Home remodeled in July of 2016. Architecture by Davey McEathron Architecture, LLC and Home Builder Austin Fieldworks. 3 Bedroom, master suite, modern architecture and open floor plan. New HVAC, foundation and pipes, appliances, barn doors, master suite, concrete floors, reclaimed wood, and more!",30.31712913513184,-97.67079162597656,1,FALSE,TRUE,TRUE,FALSE,Single Family,1964,625000,2020-10-08,10,2020,109,5,3,0,0,0,0,0,8276,2074,1.2333333333333332,3.333333333333333,569,13,2,3,1,56
29410190,7105 Meadowood Dr,78723,"7105 Meadowood Dr, Austin, TX 78723 is a single family home that contains 2,184 sq ft and was built in 1969. It contains 4 bedrooms and 3 bathrooms. 
 
The Zestimate for this house is $528,262. The Rent Zestimate for this home is $2,495/mo.",30.3197078704834,-97.67070770263672,2,FALSE,TRUE,FALSE,TRUE,Single Family,1969,255000,2020-04-20,4,2020,1,5,2,1,3,0,1,0,8537,2184,1.3,3.333333333333333,569,13,3,4,2,51
29411188,7209 Bucknell Dr,78723,"IMMACULATE, single-story home in Northeast Austin on more than half-acre lot! Updated kitchen with new stainless steel appliances, open to family room. Fresh interior paint with designer colors. Stunning hard tile and marble floors. Beautiful, wood-burning stone fireplace in the family room. Updated master bathroom with large, walk-in closet. Energy efficient, dual-pane windows. Recent A/C, and furnace. New deck provides great outdoor space with a greenbelt view and no back neighbors.",30.32122039794922,-97.67212677001952,0,FALSE,FALSE,FALSE,FALSE,Single Family,1967,429000,2018-11-21,11,2018,26,3,1,0,0,0,0,0,23522.4,1895,1.3,2.333333333333333,656,14,2,4,1,51
29411186,7205 Bucknell Dr,78723,"7205 Bucknell Dr, Austin, TX 78723 is a single family home that contains 2,106 sq ft and was built in 1967. It contains 4 bedrooms and 3 bathrooms. 
 
The Zestimate for this house is $541,126. The Rent Zestimate for this home is $2,500/mo.",30.32073783874512,-97.6723861694336,0,FALSE,FALSE,FALSE,FALSE,Single Family,1967,379000,2018-07-10,7,2018,1,3,1,0,0,0,0,0,16552.8,2106,1.3,2.333333333333333,656,14,3,4,2,51
29402685,6502 Bridgewater Cv,78723,"Older home located in a desirable area of University Hills. Walking distance to bus stop, 10 minutes away from Mueller, 5 miles from Ut, and downtown with quick access to 290 and 183. Cedar walk way has molded owner has supplies to replace!SOLD AS IS",30.30552673339844,-97.6645050048828,2,FALSE,TRUE,FALSE,FALSE,Single Family,1972,320000,2018-05-22,5,2018,2,1,2,0,0,0,0,0,7100,1481,1.4333333333333331,3.333333333333333,569,13,2,3,1,46
29398684,5229 Basswood Ln,78723,"5229 Basswood Ln, Austin, TX 78723 is a single family home that contains 1,307 sq ft and was built in 1967. It contains 3 bedrooms and 2 bathrooms. 
 
The Zestimate for this house is $461,526. The Rent Zestimate for this home is $2,100/mo.",30.29598999023437,-97.6766586303711,0,FALSE,FALSE,FALSE,FALSE,Single Family,1967,350000,2019-12-19,12,2019,1,4,1,0,1,0,0,0,7405,1307,2.2,3,719,15,2,3,1,52
29398683,5227 Basswood Ln,78723,Stunning 3/2 tastefully remodeled and awaiting its new owners. Home features an open floorplan perfect for entertaining with brand new systems and upgrades throughout (see attached for list). All work documented and permitted. Minutes to Mueller development and major freeways.,30.29583168029785,-97.6767578125,0,FALSE,FALSE,FALSE,FALSE,Single Family,1966,439000,2020-01-21,1,2020,39,4,1,1,0,0,0,0,7361,1409,2.2333333333333334,3,719,15,2,3,1,54
29410181,7206 Fred Morse Dr,78723,"In Austin's University Hills just up the street from the Dottie Jordan Neighborhood Park, this lovely remodel has it all: high ceilings, great light, an open floor plan, designer selected paint, floors, fixtures, vanities, hardware & tile work. A large island with counter seating joins with the cozy family room with a big fireplace.  A breakfast nook looks over the backyard & fire pit. Open the slider in good weather to bring the outdoors in --a terrific entertaining house. Come live urban suburban!",30.32013320922852,-97.6691436767578,2,FALSE,TRUE,FALSE,FALSE,Single Family,1968,559900,2020-10-13,10,2020,53,4,2,2,1,0,0,0,8886,1954,1.3,3.333333333333333,569,13,2,4,1,52
29404178,2101 Thames Cir,78723,"Top to bottom remodel on this 4 bedroom/2 bath stunner on corner lot of quiet cul-de-sac in 78723!  Floorplan opened up in living/kitchen/family areas and tons of natural light flows through all of the new windows!  New in the last year: Roof, HVAC, Foundation (lifetime transferrable warranty), plumbing lines replaced with PVC, windows, bathrooms, flooring, fence, landscaping. Double vanity and Frameless glass in master shower! Indoor utility room + 2-car garage! Don't miss this one--it won't last long!Restrictions: Yes",30.310871124267567,-97.68677520751952,2,FALSE,TRUE,TRUE,FALSE,Single Family,1964,575000,2020-09-18,9,2020,71,4,2,1,1,0,0,0,9021,2149,1.0333333333333334,3,849,14,2,4,1,56
29402677,6503 Bridgewater Cv,78723,"Stunning Contemporary Renovation 51st and Mueller area!  Central location, Mueller, UT ,downtown, major roads within 5 miles. Stylish functional design. Feature rich kitchen & baths are eye pleasers. Ideal for gathering family room w/fireplace, opens to deck & private backyard. New quartz countertops & all wood kitchen cabinets. Energy wise windows, laminate flooring, stainless appliances, news doors, new fixtures. Big shade trees & lush lawn. Spotless & move in ready with an open concept floor plan.",30.30522346496582,-97.6641082763672,0,FALSE,FALSE,FALSE,FALSE,Single Family,1972,379899,2018-03-28,3,2018,25,3,1,0,0,0,0,0,8668,1415,1.5,3.333333333333333,569,13,2,3,1,46
29398676,5213 Basswood Ln,78723,"5213 Basswood Ln, Austin, TX 78723 is a single family home that contains 1,445 sq ft and was built in 1967. It contains 4 bedrooms and 2 bathrooms. 
 
The Zestimate for this house is $407,429. The Rent Zestimate for this home is $1,900/mo.",30.29487228393555,-97.67786407470705,0,FALSE,FALSE,FALSE,FALSE,Single Family,1967,290000,2019-04-02,4,2019,1,2,1,0,0,0,0,0,8276,1445,2.2333333333333334,3,719,15,2,4,1,52
29405675,5607 Berkman Dr,78723,"This gorgeous Windsor Park/Delwood home has been completely remodeled in the past two years. Airy floorplan offers kitchen with soft-close cabinets, quartz countertops, stainless appliances, and a farmhouse sink. The large master bedroom features en-suite with carrara vanity, frameless shower, and walk-in closet. Amne homes come with a 30-day Satisfaction Guarantee. Terms and Conditions apply.",30.311222076416016,-97.6939926147461,2,FALSE,TRUE,FALSE,FALSE,Single Family,1960,450000,2018-09-11,9,2018,27,3,2,0,0,0,0,0,11761.2,1334,1.5,5,966,15,2,3,1,58
29398675,5211 Basswood Ln,78723,"5211 Basswood Ln, Austin, TX 78723 is a single family home that contains 1,347 sq ft and was built in 1966. It contains 3 bedrooms and 2 bathrooms. 
 
The Zestimate for this house is $370,588. The Rent Zestimate for this home is $1,850/mo.",30.29486083984375,-97.6781234741211,2,TRUE,TRUE,FALSE,FALSE,Single Family,1966,385000,2020-05-08,5,2020,24,2,2,0,0,0,0,0,11761.2,1347,2.2333333333333334,3,719,15,2,3,1,54
29408673,6813 Hanover Ln,78723,"Magnificently renovated home in the highly desirable University Hills area! 3 bedrooms/2.5 bath two story, relish the 2 large living areas designed for entertaining family/friends. Natural light that overflows in to the backyard patio for your spring time grill parties. Plenty of shade trees & privacy. Close to Mueller development, HEB, coffee houses, eateries, parks, public golf course, schools, UT and shopping!",30.31584930419922,-97.67070770263672,1,FALSE,TRUE,FALSE,FALSE,Single Family,1964,449900,2020-03-02,3,2020,29,2,2,1,1,0,1,0,6621,1664,1.2666666666666666,3.333333333333333,569,13,3,3,2,56
29407486,6806 Kings Point W,78723,"Completely remodeled home featuring ideal floor plan w/ large bedrooms & office space. Loads of upgrades throughout including new flooring, windows, light and plumbing fixtures. Completely updated kitchen and baths w/ gorgeous finishes. Spacious backyard w/ patio and new fencing is perfect for relaxing or entertaining guests! Fantastic location in quiet neighborhood w/ easy access to 183 & 290, and just 15 minutes to UT & tons of great downtown shopping, restaurants, and entertainment.",30.312389373779297,-97.66664123535156,2,FALSE,TRUE,FALSE,FALSE,Single Family,1966,459900,2019-04-25,4,2019,40,2,3,0,0,0,0,0,8929,2210,1.1666666666666667,3.333333333333333,569,13,3,4,2,53
29408172,6606 Columbia Dr,78723,"6606 Columbia Dr, Austin, TX 78723 is a single family home that contains 1,311 sq ft and was built in 1962. It contains 3 bedrooms and 2 bathrooms. 
 
The Zestimate for this house is $351,166. The Rent Zestimate for this home is $1,995/mo.",30.31710624694824,-97.68383026123048,2,FALSE,TRUE,FALSE,FALSE,Single Family,1962,309000,2020-05-07,5,2020,37,0,2,2,0,0,1,0,8276,1311,1.2,2.333333333333333,656,14,2,3,1,58
29404169,5702 N Hampton Dr,78723,"5702 N Hampton Dr, Austin, TX 78723 is a single family home that contains 1,700 sq ft and was built in 1963. It contains 3 bedrooms and 3 bathrooms. 
 
The Zestimate for this house is $514,775. The Rent Zestimate for this home is $2,199/mo.",30.3093204498291,-97.68641662597656,0,FALSE,FALSE,FALSE,TRUE,Single Family,1963,550000,2019-07-31,7,2019,1,8,1,1,1,0,0,0,8537,1700,1.7,5,966,15,3,3,1,56
29400169,5401 Darlington Ln,78723,"5401 Darlington Ln, Austin, TX 78723 is a single family home that contains 1,153 sq ft and was built in 1962. It contains 3 bedrooms and 2 bathrooms. 
 
The Zestimate for this house is $508,611. The Rent Zestimate for this home is $1,950/mo.",30.29958152770996,-97.68115234375,1,FALSE,TRUE,FALSE,FALSE,Single Family,1962,419950,2019-04-11,4,2019,1,2,2,0,0,0,0,0,7405,1153,2.066666666666667,3,719,15,2,3,1,57
29398669,5504 Cordell Ln,78723,"Lovely home on large, pollinator-friendly lot. 21 trees planted over the past ten years, adding beauty, value, habitat, and shade, and abundant native wildflowers planted over the past decade! Upgrades since 2008: roof, PVC pipes, paint, sod/landscaping, insulation, windows, flooring, kitchen, bathroom, etc.) One car garage with adjacent workshop can be easily converted back to two car! Laundry room and flex space not counted in SF. 5 minutes to Mueller, 10 to downtown. VACANT - GO!",30.30029106140137,-97.67930603027344,1,FALSE,TRUE,FALSE,FALSE,Single Family,1965,469000,2020-09-18,9,2020,49,3,2,1,1,0,0,0,9365,1786,2.033333333333333,3,719,15,2,3,1,55
29408668,6806 La Salle Dr,78723,"Wonderful single-family home features 3 bedrooms, 2 bathrooms, 1457 sqft living space. List Price: $275,000! Contact Chris at 512-775-5476 with questions and interest!",30.31562805175781,-97.6701889038086,1,FALSE,TRUE,FALSE,FALSE,Single Family,1964,389000,2020-09-16,9,2020,49,3,2,1,0,0,0,0,6926,1237,1.2333333333333332,3.333333333333333,569,13,2,3,1,56
29411167,7302 Bucknell Dr,78723,"Beautiful and spacious 1968 remodel with an open-concept floorplan.  Rare 4 bedroom ranch with 2 car garage.  Large master with vaulted ceiling, walk-in closet, double vanity and bonus powder area.  Fully updated kitchen with contemporary design and new appliances, walk-in pantry, and indoor utility room.  Brand new flooring throughout with new energy efficient windows, new light fixtures and ceiling fans in all bedrooms.  Spacious back yard with outbuilding for additional storage. Owner/agent.",30.321552276611328,-97.67327117919922,0,FALSE,FALSE,FALSE,FALSE,Single Family,1968,469000,2019-06-04,6,2019,15,4,1,0,0,0,0,0,9975,1814,1.2666666666666668,2.333333333333333,656,14,2,4,1,51
29404166,5800 N Hampton Dr,78723,"FULL remodel underway by custom home builder/investor! All new kitchen, baths, indoor utility room, landscaping, wood floors! Picture bright, open, light filled, luxury update to this great 1963 Windsor Park home! Every inch thoughtfully renovated including double paned Armstrong windows, shaker cabinets, new paint inside and out + more! This charmer is conveniently located w/ easy access to I-35, 183, & 290 & close to the hip Mueller district, Bartholomew & Mueller parks, shopping, Thinkery, Alamo Drafthouse, HEB, Restaurants. Minutes to downtown and UT.",30.30990028381348,-97.68628692626952,0,FALSE,FALSE,FALSE,FALSE,Single Family,1963,465000,2018-06-11,6,2018,2,8,1,0,0,0,0,0,9104,1464,1.6666666666666667,5,966,15,2,3,1,55
29407165,1600 Briarcliff Blvd,78723,"Windsor Park mid-century charmer with attached, 2 car garage that opens on to side street! While retaining much of it's original charm, modern conveniences such as a tankless hot water heater have been added. Bathrooms were  redone, recently and AC was replaced approximately one year ago.  The home is located on a large corner lot with a fenced back yard.",30.31479835510254,-97.69342803955078,2,FALSE,TRUE,FALSE,FALSE,Single Family,1956,485000,2020-09-11,9,2020,35,1,3,1,0,0,0,0,9975,1354,0.7000000000000001,3,849,14,2,3,1,64
29404163,5806 N Hampton Dr,78723,"Incredible hard to snag Windsor Park. This neighborhood is where it's at. So close to DT, moments away from drinks on the patio at Hanks, Mueller for hiking at the Lake Park, movies at Alamo, tacos at Torchy's, & all the good eats on Airport & Hyde Park. Big open spaces with sizable office, playroom, or hobby space! Quiet street, super neighbors, upgraded interiors! Porch and generous yard give you the perfect backyard hangout setting! The Garden is already started!",30.31050491333008,-97.6861572265625,2,FALSE,TRUE,TRUE,FALSE,Single Family,1963,600000,2020-11-06,11,2020,34,2,2,1,0,0,0,0,9975,2000,1.0666666666666669,3,849,14,2,3,1,57
29400163,5216 Overbrook Dr,78723,"Stunning Mid Century Modern remodel! Across from Mueller and minutes to Downtown.  Tons of custom updates in this beautifully appointed home. Impressive finishes include all the ""must haves"" Engineered hardwood flooring. Mahogany front door. Fabulously updated kitchen w/ quartz countertops, farmhouse sink, stylish fixtures and shaker style cabinets.  Bright & open floor plan.  Fresh paint in and out.  Living wall of plants provides privacy fencing, the back yard backs to a creek w/ entry.",30.299352645874023,-97.68479919433594,2,FALSE,TRUE,FALSE,TRUE,Single Family,1959,415000,2019-10-25,10,2019,34,4,2,1,1,0,0,0,8712,1417,2.0666666666666664,3,719,15,2,3,1,60
29408165,2118 Brunswick Dr,78723,"2118 Brunswick Dr, Austin, TX 78723 is a single family home that contains 1,676 sq ft and was built in 1957. It contains 3 bedrooms and 2 bathrooms. 
 
The Zestimate for this house is $487,252. The Rent Zestimate for this home is $1,985/mo.",30.31601905822754,-97.68370056152344,1,FALSE,TRUE,FALSE,FALSE,Single Family,1957,450000,2020-05-15,5,2020,28,3,2,1,0,0,0,0,11761.2,1676,0.9666666666666668,3,849,14,2,3,1,63
29410162,7204 Meadowood Dr,78723,"7204 Meadowood Drive, Austin, TX 78723",30.32094955444336,-97.6705322265625,4,FALSE,TRUE,FALSE,TRUE,Single Family,1969,595000,2020-12-16,12,2020,124,7,2,2,0,0,0,0,20908.8,2017,1.3,3.333333333333333,569,13,2,3,1,51
29410161,7206 Meadowood Dr,78723,"See MLS docs for full list of upgrades. Located in east Austin, this charming single-story abode delights w/ ample natural light that shines on beautiful, open kitchen that flows seamlessly into the living & dining area. Roomy master bedroom is accompanied by a bath including double vanity, walk-in shower, & comfortable walk-in closet. Relax on spacious outdoor deck that is suitable for parties &/or reading a book as you take in the backyard trees & greenery. Minutes to downtown and the Domain.",30.32111358642578,-97.6702651977539,2,FALSE,TRUE,FALSE,FALSE,Single Family,1969,509900,2020-06-04,6,2020,31,2,2,2,0,0,0,0,25700.4,1882,1.3,3.333333333333333,569,13,2,4,1,51
29404161,5810 N Hampton Dr,78723,"5810 N Hampton Dr, Austin, TX 78723 is a single family home that contains 2,000 sq ft and was built in 1964. It contains 4 bedrooms and 2 bathrooms. 
 
The Zestimate for this house is $493,151. The Rent Zestimate for this home is $2,500/mo.",30.31086158752441,-97.68585968017578,1,FALSE,TRUE,FALSE,FALSE,Single Family,1964,459999,2020-06-30,6,2020,72,4,2,1,0,0,0,0,9931,2000,1.0666666666666669,3,849,14,2,4,1,56
29400161,5300 Overbrook Dr,78723,"You'll love this adorable little home right next to Mueller and minutes to Downtown. 1950s home updated to be more energy efficient with new HVAC system, insulation, water heater, wiring, plumbing, energy efficient windows and more. You'll love the HUGE backyard and outdoor space, ready for your garden or 2nd home.  This lot is large enough to allow an ADU (Accessory Dwelling Unit) that can be used for a guest space, office or rental income. Down payment assistance available. Come take a look.",30.2996883392334,-97.68480682373048,1,FALSE,TRUE,FALSE,TRUE,Single Family,1959,419000,2019-11-13,11,2019,28,3,2,1,0,0,0,0,7535,1156,2.1,3,719,15,2,3,1,60
29405660,1806 Ridgemont Dr,78723,"Central Austin one story home in Windsor Park. 3 bed/2 bath, open floor plan with bonus room perfect for game or media room, laundry closet, attached garage with extra electrical (220 and 110) & separate ventilation, A/C and fully insulated; updated kitchen w/ chef grade appliances, custom maple cabinetry, granite counters, kitchen bar, copper lights, built in bar/ storage, oversized farm sink, hickory hardwood floors; Private backyard with deck/fully fenced yard. See documents attached.",30.30921173095703,-97.69344329833984,0,FALSE,FALSE,FALSE,FALSE,Single Family,1957,425000,2019-04-12,4,2019,28,6,1,0,0,0,0,0,11761.2,1859,1.5333333333333332,5,966,15,2,3,1,62
29408155,6600 Haney Dr,78723,Fantastic 3 bedroom/2 bathroom home in the Windsor Park neighborhood! Huge backyard for gardening and enjoying the outdoors. Clean and bright and ready for immediate move-in! Pre-inspection report available. Seller will be replacing the roof prior to closing!,30.317087173461925,-97.6847915649414,1,FALSE,TRUE,FALSE,FALSE,Single Family,1960,395000,2018-07-31,7,2018,27,4,2,0,0,0,0,0,10890,1342,1.2666666666666666,2.333333333333333,656,14,2,3,1,58
29408654,6917 La Salle Dr,78723,"Beautifully remodeled 4 bed + 3 full bath home with modern finishes! Enjoy two living spaces, open kitchen, open dining space, and in-law floor plan. Upgrades include flooring, paint, windows, roof, cabinets, lighting, appliances, and so much more. Close to parks and pool + easy access to 183.",30.31609344482422,-97.66793060302734,2,FALSE,TRUE,FALSE,FALSE,Single Family,1963,479900,2019-06-02,6,2019,20,1,3,0,0,0,0,0,7187,2149,1.1666666666666667,3.333333333333333,569,13,3,4,1,56
29404154,5802 Thames Dr,78723,"WOW! Single Story, 4 bedroom, 2 bath, 2 car garage on a quarter acre near the heart of Austin. Near Mueller!!! 1670 square feet, screened in sun room, patio, separate single room office in the backyard, storage shed, and even a tree house! House has been refreshed and is ready for you to move in. Welcome Home! Ask your lender about a FHA 203k Rehab loan!",30.31081962585449,-97.68727111816406,2,FALSE,TRUE,FALSE,FALSE,Single Family,1966,390000,2019-08-27,8,2019,27,2,2,1,1,0,0,0,10890,1670,1.6,5,966,15,2,4,1,53
29400154,5411 Coventry Ln,78723,"Welcome to neighborhood of Windsor Park!  This 3 bedroom home has been beautifully renovated from top to bottom!  The kitchen features white shaker-style cabinets, a large island and gorgeous quartz countertops.  Kitchen is open to two living areas and show-stopping fireplace. Master suite is stunning with stylish barn door, custom tiled shower and frameless glass shower door. Spacious Backyard features large deck, covered picnic area and separate fire pit, perfect for entertaining your friends & family!",30.30291557312012,-97.68424224853516,1,FALSE,TRUE,FALSE,FALSE,Single Family,1970,489900,2020-08-06,8,2020,62,3,2,2,0,0,0,0,9191,1540,2,5,966,15,2,3,1,50
29398653,3400 Norwood Hill Rd,78723,"Complete remodel in East Austin.  New windows, AC, and more, see attached list. Just minutes from Mueller and downtown. Everything has been done and just awaiting a new owner. Vaulted ceiling in family room with rock fireplace and beams. Kitchen is beautifully done with subway back splash, center island, engineered hardwoods, marble counters in kitchen and stainless appliances.  Stunning baths with marble counters and tile surrounds.  Lots of natural light and large backyard.  A home you will want to call your own.",30.29785919189453,-97.67711639404295,0,FALSE,FALSE,FALSE,FALSE,Single Family,1965,359900,2018-07-10,7,2018,24,4,1,0,0,0,0,0,8581,1272,2.1333333333333333,3,719,15,2,3,1,53
29408652,6913 La Salle Dr,78723,"Completely updated home in central Austin! This property has been renovated from top to bottom - foundation with warranty, new plumbing, new HVAC, new windows, new everything! Stylishly designed from top to bottom and ready to move in today! This property is situated perfectly in town and is only 10 minutes to downtown or to the Domain. Come check out your new home today!",30.31587600708008,-97.66826629638672,2,FALSE,TRUE,FALSE,FALSE,Single Family,1966,399900,2020-09-01,9,2020,17,0,2,0,0,0,0,0,7361,1206,1.1666666666666667,3.333333333333333,569,13,2,3,1,54
29402652,6600 Ashland Dr,78723,"6600 Ashland Dr, Austin, TX 78723 is a single family home that contains 1,658 sq ft and was built in 1970. It contains 3 bedrooms and 2 bathrooms. 
 
The Zestimate for this house is $460,764. The Rent Zestimate for this home is $2,450/mo.",30.30810165405273,-97.66563415527344,2,FALSE,TRUE,FALSE,FALSE,Single Family,1970,425000,2020-05-08,5,2020,19,4,2,2,1,0,1,0,8973,1658,1.3666666666666665,3.333333333333333,569,13,2,3,1,50
29405650,1606 Sweetbriar Ave,78723,"Charming recently renovated home near Mueller with updated electrical, plumbing, paint, wood floors, new kitchen cabinets, island with built in stove, plenty of recessed lighting.  Completely remodeled kitchen with new backsplash, cabinets, appliances.   A great open feel home that is great for entertaining and has a great lot.... Come check out as soon as possible",30.31385040283203,-97.693450927734375,1,FALSE,TRUE,FALSE,FALSE,Single Family,1956,429000,2018-09-18,9,2018,9,6,2,0,0,0,0,0,8973,1300,0.7666666666666666,3,849,14,2,3,1,62
29398649,3408 Norwood Hill Rd,78723,"*GO* Renovated home on corner lot in highly sought after neighborhood Preswyck Hill. Features 2br/2ba w/wide open floorplan & abundant light. Chef's kitchen includes granite countertops, ss appliances, modern vent hood & breakfast bar. Renovations include new flooring, designer paint & updated fixtures. Master suite includes beautiful walk-in shower! Garage is a must see w/epoxied floors & loads of cabinetry. Perfect for entertaining w/large screened porch! Min. to Mueller.",30.297739028930664,-97.67610931396484,2,FALSE,TRUE,FALSE,TRUE,Single Family,1966,275000,2018-02-28,2,2018,28,3,2,0,0,0,0,0,9626,1273,2.2,3,719,15,2,2,1,52
29398648,5402 Basswood Ln,78723,"Amazing recently renovated home near highly desirable Windsor Park & Mueller neighborhoods! This sleek property features countless upgrades including new roof, exterior AC unit, garage door/tracks, windows, interior & exterior doors, new flooring, carpet & much more! Completely new kitchen that boasts new cabinets, granite counters & brand new appliances. Bathrooms have new toilets, vanities, frameless master shower & new tile throughout 2nd bath.",30.29793930053711,-97.67594909667967,2,FALSE,TRUE,FALSE,TRUE,Single Family,1967,375000,2018-12-07,12,2018,26,7,2,0,0,0,0,0,8886,1559,2.2,3,719,15,2,4,1,51
29411146,7207 Geneva Dr,78723,"Skillfully crafted East Austin make over! Break in the Spring season in style w/floor-to-ceiling modern updates: new flooring, kitchen cabinets, stainless steel appliances & 3cm quartz counters. Fresh, neutral paint & modern lights throughout. Spa-like bath retreat w/new vanities & marble/mosaic tiling. New HVAC! Spacious backyard w/custom landscaping & new fence. Private covered patio. 10 min to DT Austin, mins to 183. Near retail, parks, golf, local food.",30.32098960876465,-97.67330169677734,2,FALSE,TRUE,FALSE,FALSE,Single Family,1968,326000,2019-03-29,3,2019,39,2,2,0,0,0,0,0,7840,1752,1.2666666666666668,2.333333333333333,656,14,2,4,1,51
29411145,7205 Geneva Dr,78723,"This is a 4 bedroom, 2 bath home located on a corner lot in the University Hills Subdivision in Northeast Austin, Texas.  There is a formal living and dining area plus 2 family room/den areas.  There is a breakfast nook and custom solid wood kitchen cabinets with a movable/wheeled island. The home is near LBJ High School and John H Reagan High School.",30.32076835632324,-97.6731948852539,2,FALSE,TRUE,FALSE,TRUE,Single Family,1967,325000,2020-05-22,5,2020,40,8,2,1,1,0,1,0,8929,2225,1.2666666666666668,2.333333333333333,656,14,2,3,1,53
29402645,6614 Ashland Dr,78723,"Beautiful 3 bed, 2 bath single story home in University Hills subdivision. This remodeled(2013) charmer, situated in quiet North East Austin neighborhood,  boasts tons of natural light! Open floor plan has contemporary touches throughout. Spacious family room with wood burning fireplace & gas lighter. Relax & unwind in large private backyard with firepit! Approx.10 minute drive to UT campus and near Mueller Lake Park. Recent interior paint 05/20. Don't Miss this one!",30.308868408203125,-97.66423797607422,2,FALSE,TRUE,FALSE,FALSE,Single Family,1969,249900,2020-07-15,7,2020,45,2,2,1,1,0,1,0,9496,1508,1.3,3.333333333333333,569,13,2,3,1,51
29408143,1616 Ashberry Dr,78723,"1616 Ashberry Dr, Austin, TX 78723 is a single family home that contains 1,442 sq ft and was built in 1959. It contains 4 bedrooms and 2 bathrooms. 
 
The Zestimate for this house is $455,133. The Rent Zestimate for this home is $2,095/mo.",30.318025588989247,-97.69063568115234,1,FALSE,TRUE,FALSE,FALSE,Single Family,1959,380000,2019-06-04,6,2019,1,1,2,0,0,0,0,0,8712,1442,0.6666666666666666,3,849,14,2,4,1,60
29410142,7101 Geneva Dr,78723,"Beautifully updated and ready for move-in. Freshly painted, granite countertops throughout, stainless steel appliances and no carpet! Large upstairs master with 2 closets and separate dressing area. Convenient to Mueller shopping and downtown Austin dining and entertainment.",30.319194793701172,-97.6721649169922,0,FALSE,FALSE,FALSE,FALSE,Single Family,1968,290000,2019-07-25,7,2019,1,2,1,0,0,0,0,0,10585,1752,1.2666666666666666,2.333333333333333,656,14,2.5,3,2,51
29408440,2510 Lehigh Dr,78723,"Mid century MARVELOUS home with unique style; very light and bright 1960s gem on lovely wooded lot in desirable 78723.  Close to Mueller, downtown and UT, and just a quick trip to fine dining and central amenities, you'll want to make this modern gem your urban getaway from the hustle bustle of daily life.  Concrete floors, custom vanities and fabulous tile surrounds, open kitchen with granite counters and chic mosaic backsplash.  Cool front porch and large yard.",30.31708908081055,-97.67716217041016,0,FALSE,FALSE,FALSE,FALSE,Single Family,1968,405000,2018-11-14,11,2018,20,4,1,0,0,0,0,0,8494,1665,1.2000000000000002,2.333333333333333,656,14,2,3,1,50
29410141,3103 Val Dr,78723,"3103 Val Dr, Austin, TX 78723 is a single family home that contains 2,286 sq ft and was built in 1970. It contains 4 bedrooms and 3 bathrooms. 
 
The Zestimate for this house is $541,901. The Rent Zestimate for this home is $2,695/mo.",30.31688690185547,-97.6668930053711,2,FALSE,TRUE,FALSE,FALSE,Single Family,1970,199000,2018-07-18,7,2018,24,1,2,0,0,0,0,0,10280,2286,1.2000000000000002,3.333333333333333,569,13,3,4,1,48
29410146,7304 Fred Morse Dr,78723,"Completely renovated home in University Hills with countless upgrades including new HVAC, plumbing, double paned windows, downstairs electrical and new doors. Contemporary home featuring 25 yr Prestige Engineered Hardwoods, Gas - Assist Fireplace, Recessed Lighting and much more! Stunning first floor master suite boasts dual vanity with Cultured marble countertops and frameless walk in shower. This private home sits on an oversized corner lot with new exterior paint and siding. A must see near Mueller!",30.31983757019043,-97.66753387451172,1,FALSE,TRUE,FALSE,FALSE,Single Family,1969,399900,2020-09-24,9,2020,55,2,3,0,0,0,0,0,7840,1932,1.2666666666666666,3.333333333333333,569,13,3,4,2,51
29410139,3019 Val Dr,78723,"STUNNINGLY remodeled home features a very MODERN and OPEN FLOOR PLAN that certainly has THE WOW FACTOR! Enjoy NATURAL LIGHTING that enters the home from every angle, a beautiful FIREPLACE with elegant decorative features, HIGH CEILINGS with Stunning light fixtures, an OPEN KITCHEN with top-of-the line STAINLESS STEEL APPLIANCES, COZY OUTDOOR LIVING SPACE and much more!",30.31709289550781,-97.66731262207033,0,TRUE,FALSE,FALSE,FALSE,Single Family,1970,315000,2019-07-03,7,2019,22,3,1,1,1,0,0,0,10802,1922,1.1666666666666667,3.333333333333333,569,13,2,3,1,49
29410136,3013 Val Dr,78723,"Contemporary design and style are at the forefront of this complete renovation in one of East Austin's most desireable neighborhoods.  The entry, donned with sophisticated designer wallpaper, is the gateway to an expansive living room and kitchen with an eat-in island. Natural light pours in through new energy efficient windows and light each room all the way up to it's soaring ceilings.  Elegant Quartz countertops and beautiful custom cabinetry in the kitchen and bathrooms provide clean and luxury spaces for the the discerning buyer.  Equally up to par is the backyard with a covered patio overlooking a glimmering in-ground pool.  The extra room adjacent to the patio makes a perfect space for a quiet home office or play room.",30.31739616394043,-97.6679458618164,0,FALSE,FALSE,FALSE,FALSE,Single Family,1970,459000,2018-06-29,6,2018,34,2,1,0,0,0,0,0,10236,1702,1.2,3.333333333333333,569,13,2,3,1,48
29402135,5509 Delwood Dr,78723,"gorgeous 2017 remodel tucked under the mature trees of Windsor Park. an incredible location along one of the most charming streets + neighborhoods in central Austin. a prime location minutes from Hanks, Mueller, and Bartholomew Park. 2017 remodel upgrades include roof/HVAC/electrical/plumbing. enjoy a private backyard, 2 car garage, wood floors, covered patio, upgraded stainless steel appliances, open layout, updated windows w/ treatments, energy efficient improvements, smart-home technology, a backyard garden, + fruit trees (loquat + brown turkey fig). A must see!",30.308429718017567,-97.691864013671875,0,FALSE,FALSE,FALSE,FALSE,Single Family,1959,475000,2019-09-04,9,2019,30,1,1,2,1,0,0,0,8668,1440,1.5666666666666669,5,966,15,2,3,1,60
29411132,7301 Hartnell Dr,78723,"BOM w/New additions and renovations in bathrooms downstairs and master suite up. University Hills FULLY renovated/updated charmer awaits! Everything old has been thoughtfully made new again.Open floor plan offers 2 Master beds/plenty of room for entertaining! Close to HWYS, shopping/Dottie Jordan Park you will have plenty to do when you aren't enjoying your private backyard porch swing or walk up window bar. Large utility room has ample storage/opens to garage incl more cabinets/space to stay organized!",30.32127952575684,-97.67469024658205,2,FALSE,TRUE,FALSE,FALSE,Single Family,1968,499500,2020-04-03,4,2020,33,5,2,2,1,0,1,0,9801,1715,1.2333333333333334,2.333333333333333,656,14,3,4,2,52
29404132,5506 Windward Dr,78723,"Charming move-in ready east Austin home with tons of modern updates. Engineered hardwood floors, Silestone counters, open floorplan, stainless appliances, handmade custom barn doors, LED lighting, Energy Star rated windows, and so much more! Enjoy the privacy of the shaded green creekside backyard while sipping coffee or grilling on the deck. Permitted garage conversion offers additional flexible living/office/gym/playroom space. Fridge conveys. Mueller amenities & Bartholomew park within walking or biking distance. Foundation comes with a lifetime transferrable warranty. Welcome home!",30.30688285827637,-97.687957763671875,0,FALSE,FALSE,FALSE,FALSE,Single Family,1961,119900,2019-11-19,11,2019,34,4,3,1,1,0,0,0,10367,1420,1.7,5,966,15,2,3,1,58
29402131,5501 Delwood Dr,78723,"Complete remodel in Windsor Park, nothing left untouched! 1-story charmer on corner lot! The spacious & open layout features beautiful wood-like flooring. The kitchen features all new cabinets, black SS app., granite counters and subway backsplash. Upgraded baths throughout with new tile work, vanities and walk-in master shower. The large/private backyard has an extended wood deck & is perfect for entertaining guests! New roof, all new electric, new windows and doors, and no carpet! Close to Mueller!",30.307701110839844,-97.6915054321289,2,FALSE,TRUE,FALSE,TRUE,Single Family,1961,440000,2020-04-06,4,2020,1,5,2,2,0,0,0,0,8712,1431,1.5666666666666669,5,966,15,2,3,1,59
29408128,1614 Glencrest Dr,78723,Single story in a great Location in the Colonial Hills Subdivision! Conveniently located off of Hwy 290 between I35 and Hwy 183. Great spacious layout many possibilities of renovating or updating. Nice size backyard with an extended cover patio!,30.31745910644531,-97.69129180908205,0,FALSE,FALSE,FALSE,FALSE,Single Family,1958,350000,2019-05-28,5,2019,30,0,2,0,1,0,0,0,9016,1698,0.6666666666666666,3,849,14,2,3,1,61
29398628,3202 Norwood Hill Rd,78723,"Exquisite remodel in 78723's Windsor Park Hills! 4 bedrooms + 2 full baths. High-end, designer touches from floor to ceiling with hardwood floors, fresh paint and thoughtfully selected light fixtures/fans + recessed LED can lights. Effortless entertaining and functional daily living are here with an open-concept floorplan. The classically modern kitchen features granite counters, subway tile backsplash, ceiling-height custom white cabinets, stainless steel appliances, and a peninsula perfect for entertaining or as a breakfast bar. Venture to the master bedroom to find a serene retreat complete with a glorious, marble, walk-in shower + dual vanities. Three additional bedrooms await your personal touch. Enjoy morning coffee or happy hour on the patio in the private backyard. Other unseen upgrades include completely replaced plumbing and sewer lines as well as foundation improvements. Don't miss this designer gem!",30.298057556152344,-97.67894744873048,0,FALSE,FALSE,FALSE,FALSE,Single Family,1963,465000,2020-03-13,3,2020,24,4,0,1,0,0,0,0,7361,1636,2.1,3,719,15,3,4,1,57
29408626,6910 Bryn Mawr Dr,78723,"Lovely 3 bedroom home in Austin! The ranch-style house features a fenced backyard, outdoor utilities, refrigerator, ZERO carpet, storage shed, and much more! Don't delay, apply TODAY!",30.31542015075684,-97.66838836669922,2,FALSE,TRUE,FALSE,FALSE,Single Family,1962,399000,2020-11-12,11,2020,64,2,2,0,0,0,0,0,7405,986,1.1666666666666667,3.333333333333333,569,13,1,3,1,58
29402625,5701 Gloucester Ln,78723,"Great investment property or first time home! Three bedroom featuring two living areas, one complete with fireplace. The kitchen is bright, cheery and very open with tons of counter and cabinet space. Tile flooring throughout for easy clean up and maintenance. Large, corner lot close to 183, 290 or IH 35.",30.30351448059082,-97.67872619628906,2,FALSE,TRUE,FALSE,FALSE,Single Family,1966,179000,2019-11-12,11,2019,35,0,4,0,0,0,0,0,7797,1457,2.033333333333333,3,719,15,2,3,1,53
29404123,2007 Rogge Ln,78723,"Beautifully renovated Windsor Park home. Bright open living and dining spaces perfect for entertaining. Custom kitchen, marble countertops, master bath, hardwood floors and custom light fixtures.  Large master suite, big private backyard with covered porch and two storage sheds. Enjoy being walking distance to Mueller, HEB, restaurants & Alamo Drafthouse.",30.30776023864746,-97.68914794921876,2,FALSE,TRUE,FALSE,FALSE,Single Family,1961,229900,2018-07-13,7,2018,40,4,2,0,0,0,0,0,10236,1735,1.6000000000000003,5,966,15,2,3,1,57
29410984,7201 Northeast Dr,78723,This home has been updated to perfection!  There is a picket fence in the front and privacy fence in the backyard enclosing the very large lot.  The plumbing has been updated as well as the HVAC system!  Open floor plan with fresh paint throughout!  New flooring and a great new deck in the backyard.  Quartz kitchen countertops and new cabinets in the kitchen.  There is also RV parking located on property!,30.32186317443848,-97.67913818359376,2,FALSE,TRUE,FALSE,FALSE,Single Family,1965,350000,2019-03-04,3,2019,29,1,2,0,0,0,0,0,11761.2,1590,1.2333333333333332,2.333333333333333,656,14,2,3,1,54
29402121,5512 Delwood Dr,78723,"5512 Delwood Dr, Austin, TX 78723 is a single family home that contains 1,494 sq ft and was built in 1960. It contains 3 bedrooms and 2 bathrooms. 
 
The Zestimate for this house is $464,072. The Rent Zestimate for this home is $2,200/mo.",30.30866622924805,-97.692657470703125,2,FALSE,TRUE,FALSE,FALSE,Single Family,1960,412000,2019-08-30,8,2019,3,2,3,0,0,0,0,0,10105,1494,1.5666666666666669,5,966,15,2,3,1,59
29398621,5208 Gladstone Dr,78723,"Excellent opportunity for investors or owner occupants! Fantastic location close to Downtown Austin, in sought after Windsor Park! Close to Metro, bike to downtown. Minutes from new HEB, Mueller amenities, 183, airport and Walnut Creek Greenbelt. HVAC has been updated within the last 5 years. Roof shingles replaced in 2014.",30.29604911804199,-97.67877960205078,0,FALSE,FALSE,FALSE,FALSE,Single Family,1965,284900,2020-07-10,7,2020,25,3,1,1,0,0,0,0,7274,1731,2.2,3,719,15,2,3,1,55
29411120,7208 Geneva Dr,78723,"7208 Geneva Dr, Austin, TX 78723 is a single family home that contains 2,715 sq ft and was built in 1967. It contains 4 bedrooms and 3 bathrooms. 
 
The Zestimate for this house is $656,889. The Rent Zestimate for this home is $2,200/mo.",30.320819854736328,-97.67383575439452,2,FALSE,TRUE,FALSE,FALSE,Single Family,1967,617000,2020-03-25,3,2020,1,4,2,3,1,0,0,0,7927,2715,1.2666666666666666,2.333333333333333,656,14,3,4,2,53
29400118,5500 Darlington Ln,78723,"Call Listing agent Eilleen at 512.963.6521 to view this charming UPDATED 3 bedroom home nestled on a large CORNER lot with mature trees in desirable Windsor Park Hills, minutes from Mueller, Bartholomew Park and downtown Austin! This recently updated home features concrete floors throughout, kitchen boasts NEW cabinets and backsplash, NEW light fixtures, NEW windows, Freshly painted interior and many more upgrades throughout.  ** ASK FOR FULL UPGRADE LIST**",30.30146598815918,-97.681488037109375,0,FALSE,FALSE,FALSE,FALSE,Single Family,1962,309900,2018-02-14,2,2018,46,4,0,0,0,0,0,0,8886,1372,2.033333333333333,3,719,15,1,3,1,56
29411117,7214 Geneva Dr,78723,Amazing East Austin Remodel! Private Courtyard and 310 sq. ft. Deck. Custom Kitchen/Bath Cabinets. Commercial Grade Appliances. High-end Paperstone Countertops. Custom Interior/Exterior Solid Core Doors. Replaced Plumbing/Electrical Fixtures. Real Wood Floors. Custom Lighting Design.  Decor Switches and Dimmers. Double Pane Windows. Walnut Desk and Shelves in bedroom/study. Under Cabinet/Above Cabinet Lighting in Kitchen/Baths. 2 Walk-in Closets and Double Vanity in the Master. Recently replaced HVAC.,30.321304321289062,-97.67424011230467,2,FALSE,TRUE,FALSE,FALSE,Single Family,1967,460000,2020-09-21,9,2020,103,3,3,0,0,0,0,0,8494,2040,1.2666666666666666,2.333333333333333,656,14,2,3,1,53
29408617,6814 Hanover Ln,78723,"This professionally renovated mid-century gem in the heart of University Hills is not just 'another flip'. The owner/ master craftsmen made sure painstaking love and effort went into every improvement: no shortcuts! As you walk in, you'll notice the tray ceilings in the living room and the master suite, making the space feel open and bright. You'll love to entertain on the the covered back patio & freshly landscaped back yard. Home has new plumbing, new tankless gas water heater, new low-e Anderson windows and updated electrical, just to name a few. Interior boasts an open layout w/ acacia hardwood floors, new kitchen cabinetry, quartz countertops, and sapphire glass peninsula countertop. The cook in your family will love the 5 burner slide in gas range with convenient pot filler. Not-to-be-missed, the new master suite has a walk-in closet and huge marble shower with body jets, rain head, and hand held shower for a spa experience in your own home. Minutes from Mueller and downtown!",30.31587219238281,-97.67127990722656,0,FALSE,FALSE,FALSE,FALSE,Single Family,1964,465000,2018-07-03,7,2018,25,4,1,0,0,0,0,0,8450,1815,1.2666666666666666,3.333333333333333,569,13,2,4,1,54
29408113,6316 Dorchester Dr,78723,"Mid-Century Contempo in highly sought after Windsor Park! Splendid three bedroom two bath home located in the in the heart of 78723! Free-flowing floor-plan with bamboo floors throughout. Hip kitchen with beautiful stone counter-tops, tile back-splash and stainless appliances. Generous formal dining. Modern bathrooms remodeled with clean lines. 30 year dimensional shingle roof in January 2018. Spacious yet private back yard with recent sod. Alluring 50's charm within minutes of upcoming shopping and dining. If you are looking for a lovely home with superb appointments in an unbeatable location, then this is the home for you!",30.31552505493164,-97.68624114990234,0,FALSE,FALSE,FALSE,FALSE,Single Family,1956,329900,2018-02-16,2,2018,32,2,0,0,0,0,0,0,7187,1227,0.8666666666666667,3,849,14,2,3,1,62
29404484,3500 Loyola Ln,78723,"3500 Loyola Ln, Austin, TX 78723 is a single family home that contains 2,336 sq ft and was built in 1966. It contains 4 bedrooms and 2 bathrooms. 
 
The Zestimate for this house is $411,806. The Rent Zestimate for this home is $2,300/mo.",30.31083297729492,-97.667572021484375,0,FALSE,FALSE,FALSE,FALSE,Single Family,1966,252000,2018-08-07,8,2018,1,4,0,0,0,0,0,0,11761.2,2336,1.2333333333333334,3.333333333333333,569,13,2,4,1,52
29398609,5315 Medford Dr,78723,"In the middle of renovations, Close to UT, Downtown. Granited and tile, great tiled fireplace",30.297866821289062,-97.67972564697266,0,FALSE,FALSE,FALSE,FALSE,Single Family,1963,159000,2018-03-15,3,2018,1,0,1,0,0,0,0,0,7884,1188,2.1333333333333333,3,719,15,2,3,1,55
29404108,5715 Wight Cv,78723,"5715 Wight Cv, Austin, TX 78723 is a single family home that contains 1,560 sq ft and was built in 1964. It contains 3 bedrooms and 2 bathrooms. 
 
The Zestimate for this house is $743,840. The Rent Zestimate for this home is $2,934/mo.",30.30850982666016,-97.687042236328125,0,FALSE,FALSE,FALSE,FALSE,Single Family,1964,575000,2018-04-05,4,2018,1,3,1,0,0,0,0,0,35283.60000000001,1560,1.6666666666666667,5,966,15,2,3,1,54
29399984,5304 Wellington Dr,78723,"5304 Wellington Dr, Austin, TX 78723 is a single family home that contains 939 sq ft and was built in 1960. It contains 3 bedrooms and 1 bathroom. 
 
The Zestimate for this house is $399,292. The Rent Zestimate for this home is $1,750/mo.",30.301328659057617,-97.6858139038086,1,FALSE,TRUE,FALSE,FALSE,Single Family,1960,369900,2020-03-21,3,2020,1,3,3,0,1,0,0,0,15681.6,939,2,5,966,15,1,3,1,60
29400983,5507 Chadwyck Dr,78723,Time to relax!  Four sides limestone on a green generous lot with four mature Pecan trees lots of greenery to enjoy thanks to a recently installed sprinkler system.  Lots of tasteful updates and no popcorn ceilings! This home has been cared for and you will immediately feel at home and relaxed.  Waive to your neighbors from your new front porch or make memories with family and friends on the oversized private rear deck with no neighbors behind you. You’re just a few minutes from shopping and dining at Mueller and 15 minutes to downtown! There’s a lot of future value here.,30.299842834472656,-97.674835205078125,2,FALSE,TRUE,FALSE,FALSE,Single Family,1967,425000,2020-07-10,7,2020,46,6,2,3,1,0,1,0,8377,1577,2.1666666666666665,3,719,15,2,3,1,53
29409982,1607 Glencrest Dr,78723,"Amazing retro Windsor Park home with original vintage touches. Recent pergo floors and fresh paint throughout. Vintage tile in bathrooms is in unparalleled condition, tubs and sinks have been reglazed. Low E double pane windows. New fans, water heater, faucets, and cabinet hardware. Two car garage also has incredible built-in wood cabinetry, work area, and insulated garage doors. Location is unbelievable, close to DT, shopping, restaurants &parks. Walk to Hanks and other Windsor Park eateries!",30.31744384765625,-97.6924057006836,0,FALSE,FALSE,FALSE,FALSE,Single Family,1959,415000,2018-08-16,8,2018,38,2,1,0,0,0,0,0,9583,1318,0.6333333333333333,3,849,14,2,3,1,59
29404103,5705 Wight Cv,78723,"Charming traditional 3 bedrooms 2 bath single story home on a large lot with a pool. This updated home features an open floor plan with laminate floor and tile throughout. Galley style kitchen with Kitchen Made soft close drawers, granite countertops, double ovens, open to family room with recessed lighting. An inviting resort style pool in the private backyard and covered patio. This home is centrally located only minutes from Downtown, Dell Medical Center, Mueller shopping area, restaurants, and parks.",30.307453155517567,-97.686126708984375,2,FALSE,TRUE,FALSE,FALSE,Single Family,1965,455000,2018-07-19,7,2018,21,0,3,0,0,0,0,0,13068,1659,1.7666666666666668,5,966,15,2,3,1,53
29404101,2312 Rogge Ln,78723,"Beautifully Updated Single Story in the Coveted Royal Oak Estates Community! Open concept main living w/great natural light features hardwood flooring, built-in shelving & floor to ceiling brick fireplace. Incredibly spacious backyard w/xeriscape landscaping, mature shade trees & patio. Ideal for entertaining friends & family! Great location convenient to Downtown Austin. Just 5 minutes from numerous shops, restaurants & entertainment spots at Mueller; including Alamo Drafthouse, The Thinkery, HEB & more!",30.307113647460938,-97.6861801147461,1,FALSE,TRUE,FALSE,FALSE,Single Family,1964,399900,2018-11-21,11,2018,40,4,2,0,0,0,0,0,8102,1654,1.7666666666666668,5,966,15,2,3,1,54
29400100,5405 Overbrook Dr,78723,"*MULTIPLE OFFERS*BEST & FINAL DUE 3/2 NOON* Impressive transformation. Fully permitted renovation with COA and home taken down to the studs. New siding, New electrical service, plumbing upgrades, new sewer line, new HVAC, new water heater, roof, and insulation. Beyond major systems, this home features a spacious open floor plan, plenty of natural light, beautiful engineered hardwoods, an open kitchen, a sizable dining area, and a walk-in laundry room.",30.30095672607422,-97.6835479736328,0,FALSE,FALSE,FALSE,FALSE,Single Family,1956,449950,2020-03-23,3,2020,25,4,0,1,1,0,0,0,7100,1525,2.066666666666667,3,719,15,2,3,1,64
29404099,5700 Wellington Dr,78723,Top to bottom remodel on this 4 bedroom/3 bath stunner on a spacious corner lot in 78723! Floorplan opened up in living/kitchen/family areas and tons of natural light flows through all the house. This house has 2 master suites with double vanity and walk-in closet. The roof was replaced in 2017. This home is in close to proximity to Mueller and the Domain.,30.306947708129886,-97.68572998046876,2,FALSE,TRUE,FALSE,FALSE,Single Family,1962,535000,2020-09-25,9,2020,47,1,2,2,1,0,0,0,11761.2,1801,1.7666666666666668,5,966,15,3,4,1,58
29410098,7303 Fred Morse Dr,78723,"7303 Fred Morse Dr, Austin, TX 78723 is a single family home that contains 1,837 sq ft and was built in 1969. It contains 3 bedrooms and 2 bathrooms. 
 
The Zestimate for this house is $501,044. The Rent Zestimate for this home is $2,395/mo.",30.31945419311523,-97.66798400878906,2,FALSE,TRUE,FALSE,FALSE,Single Family,1969,419900,2019-02-07,2,2019,35,4,2,0,0,0,0,0,11761.2,1837,1.2666666666666666,3.333333333333333,569,13,2,3,1,50
29411097,7302 Hartnell Dr,78723,Multiple Offers Received.  Accepting offers until 6:00 PM Sunday 11/22.  This home is livable as-is or update to your liking.  The home was partially updated about ten years ago.  The solar panels make for low utility bills. The owner name is Johnnie P Webb & Adele M Webb Living Trust.,30.321203231811523,-97.675323486328125,4,FALSE,TRUE,TRUE,FALSE,Single Family,1968,340000,2020-12-11,12,2020,18,3,2,2,0,0,0,0,10541,1541,1.2666666666666666,2.333333333333333,656,14,2,4,1,52
29410097,7301 Fred Morse Dr,78723,"Incredible opportunity to live in the coveted University Hills neighborhood.  This attractive 4 bed/3 bath home sits on an oversized lot and features tile flooring throughout main level, massive backyard with oversized deck, covered back patio, fun sunroom, and large two car garage.  Solid bones with incredible upside. Unique potential for someone to enjoy outdoor living at it's finest. PRICED TO SELL! 30 MINUTE NOTICE for showings.",30.31950569152832,-97.66817474365234,4,FALSE,TRUE,FALSE,FALSE,Single Family,1969,499900,2020-08-14,8,2020,83,8,2,1,0,0,0,0,10454,2100,1.2333333333333334,3.333333333333333,569,13,3,4,2,51
29398597,5209 Halmark Dr,78723,"A complete remodeled with large open living-dining-kitchen for entertaining, laundry room w/full-size connections, 3 bedrooms plus a bonus room perfect as home office or exercise room. Master suite with its private outdoor oasis, double vanity, walk-in shower & closet. NEW-roof, HVAC, windows, water heater, cabinets, quartz countertops, vinyl plank flooring, appliances, exterior & interior paint, Nest smart thermostat, full electrical upgrade & rewire.",30.295957565307617,-97.67911529541016,1,FALSE,TRUE,FALSE,FALSE,Single Family,1966,449900,2020-06-29,6,2020,25,4,2,2,2,0,0,0,8363,1514,2.2,3,719,15,2,3,1,54
29404096,5708 Wellington Dr,78723,ONE OF THE HOTTEST AREAS IN AUSTIN 78723. 10 MINUTES TO DOWNTOWN. THESE HOUSES ARE BEING REDONE AS GREAT URBAN HOMES. LARGE BACKYARD. WONDERFUL NEIGHBORS. NEW ROOF 7/17,30.30770301818848,-97.6857452392578,0,FALSE,FALSE,FALSE,FALSE,Single Family,1963,299000,2018-02-07,2,2018,14,1,1,0,0,0,0,0,9147,1229,1.7666666666666668,5,966,15,2,3,1,55
29400095,2916 Pecan Springs Rd,78723,"2916 Pecan Springs Rd, Austin, TX 78723 is a single family home that contains 2,065 sq ft and was built in 1956. It contains 4 bedrooms and 3 bathrooms. 
 
The Zestimate for this house is $594,841. The Rent Zestimate for this home is $2,400/mo.",30.3002986907959,-97.68305206298828,0,FALSE,FALSE,FALSE,FALSE,Single Family,1956,404900,2019-03-22,3,2019,1,2,0,0,0,0,0,0,9147,2065,2.0333333333333337,3,719,15,3,4,1,63
29400135,2909 Dresden Cv,78723,"Incredible East Austin Remodel! Located minutes from downtown, Mueller, shopping and dining in desirable East Austin. Gorgeous touches like soft-close white cabinetry, stunning counters,  beautiful flooring and soft contemporary finishes throughout. Great investment opportunity or as primary residence! Expansive backyard with room to entertain on the back patio under the trees! Storage shed conveys, too! Inviting, established neighborhood with mature trees lining the streets. This one won't last! 2019-12-04",30.30006980895996,-97.68190002441406,0,FALSE,FALSE,FALSE,FALSE,Single Family,1962,417500,2019-12-03,12,2019,19,3,1,2,1,0,1,0,8668,1206,2.066666666666667,3,719,15,2,3,1,57
29408591,6807 Langston Dr,78723,"You have to check out this newly renovated, 2,430 sq. ft. show stopper in University Hills! This beautiful 4 Bedroom, 2.5 Bath home features many upgrades including new LED lighting, black stainless steel appliances, and a surround sound system. Imagine yourself enjoying a cup of coffee in the breakfast area overlooking the backyard or utilizing the large center island while entertaining. Plan your showing today! Donât miss out on this amazing opportunity.",30.31592559814453,-97.671630859375,0,FALSE,FALSE,FALSE,FALSE,Single Family,1966,260000,2019-02-15,2,2019,30,2,1,0,0,0,0,0,7013,2430,1.2333333333333332,3.333333333333333,569,13,3,4,2,53
29408589,6803 Langston Dr,78723,"Charming home in sought after University Hills area.  Enjoy the conveniences of being near shopping, major employers, restaurants and Dottie Jordan Neighborhood Park. Chat with the neighbors on the front porch while enjoying a morning coffee or evening tea.  Relax in the fenced, tree-covered backyard with covered porch.  The home makes good use of the sq footage with potential to personalize.",30.315658569335938,-97.67195129394533,0,FALSE,FALSE,FALSE,FALSE,Single Family,1966,309000,2019-11-22,11,2019,25,1,1,1,0,0,0,0,7405,1664,1.2666666666666666,3.333333333333333,569,13,3,3,2,53
29404089,5722 Wellington Dr,78723,"5722 Wellington Dr, Austin, TX 78723 is a single family home that contains 1,596 sq ft and was built in 1963. It contains 3 bedrooms and 2 bathrooms. 
 
The Zestimate for this house is $475,953. The Rent Zestimate for this home is $2,450/mo.",30.30885887145996,-97.68683624267578,1,FALSE,TRUE,FALSE,FALSE,Single Family,1963,435000,2020-08-10,8,2020,25,4,2,1,0,0,0,0,9626,1596,1.7,5,966,15,2,3,1,57
29408088,1910 Wheless Ln,78723,"1910 Wheless Ln, Austin, TX 78723 is a single family home that contains 888 sq ft and was built in 1958. It contains 2 bedrooms and 1 bathroom. 
 
The Zestimate for this house is $342,394. The Rent Zestimate for this home is $1,650/mo.",30.31446075439453,-97.688385009765625,1,FALSE,TRUE,FALSE,FALSE,Single Family,1958,297000,2019-03-29,3,2019,1,4,2,0,0,0,0,0,8276,888,0.7999999999999999,3,849,14,1,2,1,61
29404087,5726 Wellington Dr,78723,"Fully remodeled home on an awesome lot with lots of privacy.  New windows, kitchen, bathrooms, roof, foundation, plumbing, floors, paint...everything.  Fun, modern finishes and details. large master suite with walk-in closet and large bathroom with shower and stand-alone tub.  Laundry room and 2-car garage.  This very special house is move-in ready and all brand new, inside and out.",30.3092098236084,-97.68721771240234,2,FALSE,TRUE,FALSE,FALSE,Single Family,1968,450000,2018-07-11,7,2018,30,6,2,0,0,0,0,0,9539,1611,1.6666666666666667,5,966,15,2,3,1,50
29410085,7101 Fred Morse Dr,78723,"Updated single story home in University Hills that backs to a beautiful and wooded greenbelt.  Area is minutes to Mueller and downtown Austin.  This 2016 square foot house features 4 bedrooms with a mother-in-law layout, 3 full bathrooms, wood floors, quartz counters, fireplace and a large back deck overlooking a private backyard on the greenbelt!",30.31879806518555,-97.67060089111328,6,FALSE,TRUE,FALSE,TRUE,Single Family,1969,454400,2019-03-22,3,2019,34,4,3,0,0,0,0,0,10890,2016,1.2333333333333332,3.333333333333333,569,13,3,4,1,50
29398584,5502 Tipton Dr,78723,"5502 Tipton Dr, Austin, TX 78723 is a single family home that contains 2,031 sq ft and was built in 1966. It contains 5 bedrooms and 3 bathrooms. 
 
The Zestimate for this house is $667,681. The Rent Zestimate for this home is $1,835/mo.",30.299413681030284,-97.67706298828124,0,FALSE,FALSE,FALSE,FALSE,Single Family,1966,330000,2020-07-24,7,2020,28,2,2,0,0,0,0,0,14810.4,2031,2.1,3,719,15,3,5,1,54
29400152,5407 Coventry Ln,78723,"5407 Coventry Ln, Austin, TX 78723 is a single family home that contains 1,397 sq ft and was built in 1961. It contains 3 bedrooms and 2 bathrooms. 
 
The Zestimate for this house is $475,603. The Rent Zestimate for this home is $2,200/mo.",30.302589416503903,-97.68428802490234,2,FALSE,TRUE,FALSE,FALSE,Single Family,1961,480000,2020-10-06,10,2020,49,4,2,3,0,0,0,0,8276,1397,2.033333333333333,5,966,15,2,3,1,59
29410078,7000 Burnell Dr,78723,"7000 Burnell Dr, Austin, TX 78723 is a single family home that contains 1,516 sq ft and was built in 1964. It contains 4 bedrooms and 2 bathrooms. 
 
The Zestimate for this house is $459,543. The Rent Zestimate for this home is $2,200/mo.",30.318382263183604,-97.67049407958984,0,FALSE,FALSE,FALSE,FALSE,Single Family,1964,395000,2019-06-28,6,2019,1,4,1,0,0,0,0,0,11325.6,1516,1.2333333333333332,3.333333333333333,569,13,2,4,1,55
29404078,2009 Cheshire Dr,78723,large master with private patio updated kitchen easy to clean concrete floor 4 large bedroom 2 car garage washer drayer-hook-up in carport privcy fence metro austin feel For more properties like this visit GoSection8.com.,30.31027793884277,-97.689178466796875,2,FALSE,TRUE,FALSE,TRUE,Single Family,1963,318000,2018-02-16,2,2018,18,8,4,0,0,0,0,0,8058,800,1.5666666666666669,5,966,15,1,2,1,55
29410074,7008 Burnell Dr,78723,"Quiet street. Mod charm, loft feel. Recent updates include new engineered wood floors, new doors, fresh paint inside and out. Refrigerator, washer and dryer convey. Private backyard. Please use SparkTitle. Owner/Agent.",30.318613052368164,-97.66956329345705,1,FALSE,TRUE,FALSE,TRUE,Single Family,1968,239000,2020-06-02,6,2020,39,5,2,1,0,0,0,0,10454,1519,1.2666666666666666,3.333333333333333,569,13,2,3,2,52
29398574,5409 Claymoor Dr,78723,"Koi pond, greenhouse, oversize shed, mature trees, luscious lot and structurally updated home in East Austin is outstanding! Large & unique galley kitchen with corner brick encased wall ovens, formal dining and formal living, flex/bonus room, plus spacious rooms throughout. Windows updated, patio door replaced 2016, lifetime Centex foundation warranty, sewer & plumbing lines replaced 2009, HVAC replaced 2017, 2 solar fans & radiant barrier in attic, regular termite inspection, roof replaced 2008. Gas line @ cooktop available.  Single owner since 1976.  Vintage interior finishes. Second living/flex space is a beautifully converted garage.    HUGE LOT.",30.29928970336914,-97.67893981933594,0,FALSE,FALSE,FALSE,FALSE,Single Family,1966,335000,2018-05-31,5,2018,27,2,2,0,0,0,0,0,16552.8,2061,2.1,3,719,15,2,4,1,52
29398573,5407 Claymoor Dr,78723,"5407 Claymoor Dr, Austin, TX 78723 is a single family home that contains 1,373 sq ft and was built in 1967. It contains 3 bedrooms and 2 bathrooms. 
 
The Zestimate for this house is $441,973. The Rent Zestimate for this home is $2,300/mo.",30.29916000366211,-97.67919921875,2,FALSE,TRUE,FALSE,TRUE,Single Family,1967,449000,2020-11-16,11,2020,127,5,2,0,0,0,0,0,8276,1373,2.1,3,719,15,2,3,1,53
29404072,2018 Northridge Dr,78723,"Pristine, beautifully remodeled Windsor Park bungalow on a stunning lot!  Gorgeously updated kitchen with a large island boasting waterfall silestone surfaces and sizable bar for casual dining or entertaining. Kitchen comes with high-end stainless steel appliances including a downdraft, oven, microwave, and dishwasher. The adjoining family/sun room provides an intimate and practical living space with easy kitchen and patio access.  The expansive living room includes a gas-starter wood burning fireplace viewable from the kitchen during cold winter days.  Recessed lights are generously apportioned throughout all of the living areas and large front and back windows bathe the home in light.  A large dining area is easily accessed from the kitchen and provides ample space for daily meals or hosting friends or family.  A bonus room makes a perfect study or can be easily converted to a fourth bedroom. The exterior is equally impressive.  The front and backyard have been meticulously and professionally landscaped and provide ample space for children, pets or entertaining.  The back patio is constructed of beautiful pavers covered by a metal constructed pergola.  The zoysia grass yard has been beautifully maintained and is framed by an 8' cedar fence and thoughtfully selected plants and vegetation that provide a wonderful view from all of the living areas. The foundation of the house has been piered and there is a transferable warranty that will convey to the new owners.  Additionally, the HVAC system has been recently replaced and upgraded, and the roof boasts the energy benefits of newly installed ridge vents. Beautiful hardwood flooring covers the living areas and all flooring has been recently replaced.  Both bathrooms have also been completely remodeled with beautiful tile floors and shower surfaces as well as high-end fixtures. Conveniently located close to Blanton Elementary School, Windsor Park Library, and the Mueller complex this home has it all!",30.30965232849121,-97.68860626220705,2,FALSE,TRUE,TRUE,FALSE,Single Family,1962,599987,2020-11-19,11,2020,62,3,3,2,2,0,0,0,8407,1776,1.6000000000000003,5,966,15,2,4,1,58
29398572,5405 Claymoor Dr,78723,"Dream DO come TRUE! Professional to the studs HGTV worthy 2014 renovation in highly desirable Windsor Park near Mueller development, HEB, Alamo Drafthouse, Bartholomew Park. Nestled perfectly on a tree covered lushly landscaped oversize lot on one of the most sought after streets. This was no lipstick remodel. Craftsman workmanship updates include roof, 200AMP copper service panel, windows, fixtures, insulation, flooring, cabinets/counters, etc. All this plus only 10 minutes to downtown. Truly a rare gem.",30.29905891418457,-97.67936706542967,2,FALSE,TRUE,FALSE,FALSE,Single Family,1968,329000,2018-02-09,2,2018,28,2,2,0,0,0,0,0,8712,1381,2.1,3,719,15,2,3,1,50
29411071,7200 Geneva Cir,78723,"Skillfully crafted Eastside Beauty. Stylish floor-to-ceiling modern updates: new flooring, kitchen cabinets, stainless steel appliances & 3cm quartz counters. Fresh, neutral paint & recessed lighting throughout. Spa-like bath retreat w/new vanities & marble/mosaic tiling. Spacious Open Floorplan. Insulated sun room that opens to your private back deck viewing an oversized backyard .. plenty of room and good sunlight for raised bed gardening. Near retail, parks, golf, local food.",30.3193416595459,-97.6745147705078,1,FALSE,TRUE,FALSE,FALSE,Single Family,1969,328000,2020-06-26,6,2020,32,3,2,1,0,0,0,0,30492,1772,1.2666666666666666,2.333333333333333,656,14,2,3,1,51
29402569,5511 Gloucester Ln,78723,"This is great mid-century remodel in Austin's burgeoning east side. Looking for tenants to one-year or longer. Willing to negotiate length of lease, ideally 12-18 months. The house is approximately 1 mile from the Mueller area and there is space for cars to park in the driveway. New kitchen appliances, window treatments, and fresh paint. Please let me know what questions you have and hope you enjoy!

Tenant pays for utilities.",30.301937103271484,-97.6797332763672,0,FALSE,FALSE,FALSE,FALSE,Single Family,1964,419950,2019-12-27,12,2019,31,2,2,0,0,0,0,0,10454,1304,2.0333333333333337,3,719,15,2,3,1,55
29407568,6704 Tulane Dr,78723,"Curb appeal! Adorable updated bungalow in HOT University Hills, walk to school, and Dottie Jordan Park. Minutes to downtown Austin and University of Texas campus, central location. HUGE backyard! put your swimming pool and herb garden and still have plenty of space left.  Fresh Stucco & paint outside. Beautiful covered front porch with stained concrete floor. Cozy Kitchen, Granite counters, brand new appliances, Refrigerator included. 3-bed with 2-Full updated bathrooms. Your place of ZEN in Austin!",30.31236457824707,-97.66932678222656,0,FALSE,FALSE,FALSE,FALSE,Single Family,1960,350000,2020-08-25,8,2020,40,7,1,2,0,0,0,0,10062,1144,1.2666666666666666,3.333333333333333,569,13,2,3,1,60
29407567,6706 Tulane Dr,78723,"Relish the outdoors in this made-for-entertaining backyard. Lounge by the fire pit with friends, host an outdoor movie night, plant a new crop in the raised-bed garden or prepare the evening's dinner at the barbecue; there's room for it all in this massive yard! This charming ranch-style home is in the centrally-located University Hills neighborhood, minutes from popular East Austin restaurants and shopping and 20 minutes from downtown. Extensively renovated in 2013 and lovingly maintained by the current owners, this home offers an open layout, three bedrooms, and ample storage with a large laundry room and pantry and a single-car garage. Make a showing appointment today!",30.312509536743164,-97.669158935546875,2,FALSE,TRUE,TRUE,FALSE,Single Family,1961,400000,2020-11-06,11,2020,34,2,2,1,1,0,0,0,9713,1164,1.2666666666666666,3.333333333333333,569,13,1,3,1,59
29402565,5503 Gloucester Ln,78723,"5503 Gloucester Ln, Austin, TX 78723 is a single family home that contains 1,497 sq ft and was built in 1966. It contains 3 bedrooms and 2 bathrooms. 
 
The Zestimate for this house is $511,511. The Rent Zestimate for this home is $2,290/mo.",30.301179885864247,-97.67998504638672,0,FALSE,FALSE,FALSE,FALSE,Single Family,1966,440500,2019-07-30,7,2019,1,0,1,0,0,0,0,0,9583,1497,2.0666666666666664,3,719,15,2,3,1,53
29404064,2034 Northridge Dr,78723,"2034 Northridge Dr, Austin, TX 78723 is a single family home that contains 1,600 sq ft and was built in 1964. It contains 3 bedrooms and 2 bathrooms. 
 
The Zestimate for this house is $552,854. The Rent Zestimate for this home is $2,400/mo.",30.308454513549805,-97.68760681152344,0,FALSE,FALSE,FALSE,FALSE,Single Family,1964,325000,2018-09-29,9,2018,10,2,1,0,0,0,0,0,11325.6,1600,1.6666666666666667,5,966,15,2,3,1,54
305431063,7405 Langston Dr #A,78723,"Beautifully home with no Hoa fees. Features includes, MASTER bedroom down, recent roof,  SS gas stove and dishwasher, decorative back splash, recent paint throughout, all new modern fixtures, laminate wood on first floor and all wet areas, carpet in bedrooms, walk in closets, fans in every room, new privacy fence, grass front and back, covered porch and much more. 12 minutes to DT, close to all major highways.",30.31996154785156,-97.66687774658205,0,FALSE,FALSE,FALSE,FALSE,Single Family,2003,260000,2020-03-31,3,2020,21,3,0,1,1,0,0,0,9408,1450,1.2333333333333334,3.333333333333333,569,13,3,4,2,17
29404062,2038 Northridge Dr,78723,"Lovely, well-maintained home in East Austin with over $60,000 worth of improvements. A recently repaired foundation, as well as the recently replaced roof, a/c, sump pump and plumbing, electrical (and CAT-5 wiring), siding and double-hung, double-pane windows are just a few of the many improvements to the home. Outside, the tree lined backyard houses chicken coops and a 700 gallon rain catchment tank. Inside, an updated kitchen is flanked by two large living areas and a gas fireplace. No expense was spared maintaining this well-loved home.",30.30806541442871,-97.68785095214844,0,FALSE,FALSE,FALSE,FALSE,Single Family,1961,399000,2019-09-17,9,2019,29,0,1,0,0,0,0,0,8712,1450,1.6666666666666667,5,966,15,2,3,1,58
69804561,6811 La Salle Dr,78723,"Back on the market with improvements!  Completely remodeled, this charming 3 bedroom 2 bath University Hills home is ready for move in.  Improvements include updated energy efficient windows, interior and exterior paint, flooring throughout, master shower, guest bathtub, hot water heater, stainless steel appliances, cabinets, vanities, granite countertops, fixtures, hardware, windows, and more!",30.31523895263672,-97.6697006225586,0,FALSE,FALSE,FALSE,FALSE,Single Family,1962,359900,2019-03-08,3,2019,31,2,1,0,0,0,0,0,7361,1364,1.2333333333333334,3.333333333333333,569,13,2,3,1,57
29411059,7302 Marywood Cir,78723,"7302 Marywood Cir, Austin, TX 78723 is a single family home that contains 1,694 sq ft and was built in 1971. It contains 3 bedrooms and 1.7 bathrooms. 
 
The Zestimate for this house is $449,601. The Rent Zestimate for this home is $2,295/mo.",30.320859909057617,-97.67616271972656,0,FALSE,FALSE,FALSE,TRUE,Single Family,1971,379500,2019-06-21,6,2019,1,6,1,0,0,0,0,0,14810.4,1694,1.2,2.333333333333333,656,14,1.7,3,1,48
29408558,6710 Tulsa Cv,78723,"Beautiful newly renovated home in the highly sought after, University Hills! This Tulsa remodel is a mere 10 minutes from downtown and a must see with upgrades galore. Upgrades include new roof, plumbing, electrical, HVAC, water heater, exterior, kitchen, and so much more! Just a few steps from Dottie Jordan Park which includes a pool, community garden, and recreation center. This home wont last long so call today to schedule your private home tour!",30.314712524414062,-97.67232513427734,0,FALSE,FALSE,FALSE,FALSE,Single Family,1966,489900,2018-03-14,3,2018,28,0,1,0,0,0,0,0,8276,2055,1.2666666666666666,3.333333333333333,569,13,3,4,2,52
29411057,7306 Marywood Cir,78723,"4 bed 2.5 bath, 2 story home with historical design. Remodeled bath. LARGE walk-in closets. Built-in book cases/shelving. TWO master closets. Real wood burning fireplace with gas hook-up embellished with stone. BACKYARD BACKS UP TO CREEK! LESS THAN 5 MINUTES to highway! Perfect location. Modern, stainless steel kitchen appliances- all included. Covered deck to sit and enjoy the sounds of the creek. Backyard is fenced and private. Lots of trees. BRAND NEW A/C INSTALLED 2018.",30.32126426696777,-97.67657470703124,0,FALSE,FALSE,FALSE,FALSE,Single Family,1970,365000,2018-09-27,9,2018,37,4,1,0,0,0,0,0,22651.2,1985,1.2,2.333333333333333,656,14,3,4,2,48
29408557,6712 Tulsa Cv,78723,"Elegant fully permitted remodel on a quiet cul-de-sac in the heart of University Hills across from a park with a playground, pool, tennis courts and trails. Expansive master suite with walk-in master closet (design credit available). Master bathroom features marble top double vanity, stand-alone soaker tub and walk-in shower. Guest bathroom features marble top double vanity and tons of built-in storage. Spacious kitchen with quartz counter tops and waterfall island opens to huge living space. Owner-agent.",30.31466484069824,-97.672119140625,1,FALSE,TRUE,FALSE,TRUE,Single Family,1964,495000,2020-05-21,5,2020,27,4,2,0,0,0,0,0,8799,1889,1.2666666666666666,3.333333333333333,569,13,2,3,1,56
29399782,5203 Cloverdale Ln,78723,Darling Windsor Park home! Ideally located in Central Austin w/ <1 mi walk to Mueller development & Austin's best farmers market. This recently renovated single-family house lives larger than sq. ft. & is situated on a huge lot w/ many trees. Lots of natural light enhances the luxury Vinyl-planked flooring throughout. Open floor plan w/ modern living room! Renovated kitchen w/ granite countertops. Updated bath. Huge screened-in porch w/ beautiful backyard ideal for entertaining. <5mi to Texas Capital & UTRestrictions: Yes,30.30055427551269,-97.6875228881836,1,FALSE,TRUE,FALSE,FALSE,Single Family,1959,412000,2020-10-01,10,2020,40,8,2,3,3,0,1,0,7840,1029,2,5,966,15,1,3,1,61
29410055,6716 Haney Dr,78723,"This beautiful ranch style home is great for anyone. 3 bedroom, 2 bath shaded by trees with large fenced in backyard and one car garage. Refrigerator, washer, dryer, microwave and available security system. 
Close to the AWESOME Mueller development (including Torchys and Alamo Draft House), Dell Childrens Hospital, Airport blvd, Highway 290, and I 35. 
Room to park 2 cars off the street, and even a boat or trailer gate on the fence. Sits on a quarter of an acre lot, one neighbor. 

",30.31924247741699,-97.68462371826172,1,FALSE,TRUE,FALSE,FALSE,Single Family,1960,169000,2018-08-15,8,2018,60,4,4,0,0,0,0,0,10193,1217,1.2333333333333334,2.333333333333333,656,14,2,3,1,58
29407554,3105 Susquehanna Ln,78723,"This home has been renovated by loving owners within the past few years, inside and out - giving you a space that is stylish and unique! New HVAC installed, foundation repair with transferrable warranty, gutter installation and complete plumbing replacement. Home opens to wide living area with vaulted ceilings and skylights, flooding the area in natural light. The open kitchen was given a gourmet makeover with new floors, sleek concrete counters and tile backsplash, a butcher block center island and stainless steel appliances. Kitchen door leads to a stunning enclosed cedar patio with built in seating - a perfect lounging space for enjoying the outdoors! Porch swing is negotiable. Plumbed for an outdoor shower! Both baths have been fully renovated with subway tile and chic vanities, and modern concrete flooring extends to all bedrooms. Located on a large corner lot shaded by mature trees.",30.31540679931641,-97.666961669921875,4,FALSE,TRUE,TRUE,FALSE,Single Family,1967,447500,2020-10-26,10,2020,36,3,2,3,1,0,0,0,8058,1387,1.1666666666666667,3.333333333333333,569,13,2,3,1,53
29399980,5312 Wellington Dr,78723,"Another brand new built home by Thomas Brown of Paradisa Homes as seen on HGTV.  The wide open concept floor plan boasts vaulted ceilings in the living.  Large master suite comes with large his/hers walk in closets along with massive spa like master bath.  Relax in your glass enclosed shower equipped with rain head and bench seat. Stained concrete flooring throughout the main floor with wood floors starting at the base of the stairs finishing out the 2nd floor.  All counter surfaces are silestone sitting on custom wood cabinets with soft close doors and drawers built on site.  Off the kitchen step outside to the private covered patio overlooking the greenbelt which can never be built on - total privacy, perfect for entertaining.  Super efficient home with tankless water heater, foam insulation and energy audit performed by Positive Energy.",30.30217170715332,-97.6858139038086,1,FALSE,TRUE,FALSE,FALSE,Single Family,2014,650000,2020-07-08,7,2020,67,4,3,2,2,0,1,0,9496,2002,1.9666666666666668,5,966,15,2.5,3,2,6
29408552,6713 Tulsa Cv,78723,"Amazing opportunity to add your personal touches, add on or completely remodel.  Built and owned by original owner for past 53 years and quietly tucked away on an oversized and RARE .33 cul de sac lot. One story with 4 bedrooms, 2 baths and 2 car garage.  The possibilities are endless and you don't want this one to get away!  No signs on the property.",30.313947677612305,-97.6720962524414,2,FALSE,TRUE,FALSE,FALSE,Single Family,1967,399000,2020-09-11,9,2020,35,3,3,1,0,0,0,0,14374.8,1448,1.3,3.333333333333333,569,13,2,4,1,53
29407549,3202 Rockhurst Ln,78723,"Beautifully renovated home in University Hills. New upgrades throughout. Quartz countertops, solid wood shaker cabinets, SS Appliances, new roof, etc.",30.31469345092773,-97.66692352294922,2,FALSE,TRUE,FALSE,FALSE,Single Family,1996,329900,2019-04-29,4,2019,25,3,2,0,1,0,0,0,8102,1078,1.1333333333333335,3.333333333333333,569,13,2,3,1,23
29400049,2921 Pecan Springs Rd,78723,"2921 Pecan Springs Rd, Austin, TX 78723 is a single family home that contains 1,158 sq ft and was built in 1958. It contains 3 bedrooms and 1 bathroom. 
 
The Zestimate for this house is $428,722. The Rent Zestimate for this home is $1,850/mo.",30.29983901977539,-97.683319091796875,0,FALSE,FALSE,FALSE,FALSE,Single Family,1958,385000,2020-07-22,7,2020,32,5,1,3,1,0,0,0,7666,1158,2.0666666666666664,3,719,15,1,3,1,62
29398546,3004 Norwood Hill Rd,78723,"NEW PRICE! Situated on an over-sized private parcel, this updated home features an open floor plan, versatile Galley Kitchen w/ SS Appliances & Granite Counters. Owner's Suite ""wing"" w/ walk in shower separate from the 2nd and 3rd BR's. Generous open living area with fireplace and french doors opens to fully fenced (New 2019) private back yard that is the envy of every Dog! Near Mueller Shopping, Dining, HEB and an quick commute to DT, UT and the Tech Corridor. Transferable Foundation Warranty included!",30.29962730407715,-97.68071746826172,2,FALSE,TRUE,FALSE,FALSE,Single Family,1968,146000,2020-09-01,9,2020,42,4,2,1,0,0,0,0,9801,1359,2.033333333333333,3,719,15,2,3,1,52
29408045,6209 Peggy St,78723,"50's cool! Great 50's style solid brick home. Some remodeling done. Kitchen now commercial grade stainless steel counters, shelving. Higher end matching stainless steel refrigerator, DW, & nice gas stove. Stained concrete floors Hard wired surround sound & ethernet cable. Entire HVAC system recently replaced w/hi eff system & extra insulation added. Bathroom redone w/pedestal sink, mosaic tile surrounds at tub. Large backyard has dog run, gazebo, & small raised bed garden area. Casement crank windows.",30.314754486083984,-97.68744659423828,1,FALSE,TRUE,FALSE,FALSE,Single Family,1957,137700,2020-02-11,2,2020,21,3,2,1,0,0,1,0,7884,960,0.7999999999999999,3,849,14,1,3,1,63
29407479,6807 Tulane Dr,78723,"Gardener's Delight! Adorable updated bungalow in HOT University Hills, walking distance to elementary school and Dottie Jordan Park. 10 mins to downtown. Amazing vegetable and flower garden in front yard, beautiful grassy area and playscape in backyard. Owner's Suite with fireplace, vaulted ceiling, walk in shower. 2 additional bedrooms with shared hallway bath, separate office with french doors. New AC 2018. Granite counters, butcher block kitchen island. Fresh paint throughout. Video tour available.",30.312488555908203,-97.66790008544922,1,FALSE,TRUE,FALSE,FALSE,Single Family,1961,153900,2020-08-21,8,2020,33,3,2,0,0,0,0,0,7361,1444,1.2000000000000002,3.333333333333333,569,13,2,3,1,59
29407543,3207 Susquehanna Ln,78723,"3207 Susquehanna Ln, Austin, TX 78723 is a single family home that contains 1,913 sq ft and was built in 1995. It contains 4 bedrooms and 3 bathrooms. 
 
The Zestimate for this house is $430,976. The Rent Zestimate for this home is $2,095/mo.",30.31460380554199,-97.66645050048828,2,FALSE,TRUE,FALSE,FALSE,Single Family,1995,225000,2019-10-15,10,2019,26,4,2,1,2,0,0,0,7448,1913,1.1666666666666667,3.333333333333333,569,13,3,4,2,24
144255041,3305 Hycreek Dr,78723,"Beautiful modern one-story in desirable 78723. Extremely private lot with a gated entry and mature trees. Very open kitchen with stainless appliances, marble tile, and a large island. Great layout with additional in-law suite. Minutes to downtown, UT, and Mueller.",30.30520439147949,-97.67250061035156,4,FALSE,TRUE,FALSE,TRUE,Single Family,1971,395600,2019-06-04,6,2019,1,9,5,0,0,0,0,0,11325.6,2249,2.233333333333333,3,719,15,4,4,1,48
29408041,6203 Peggy St,78723,"Multiple offers! All offers are due today, 12/17, by 7 PM. Adorable home in the Windsor Park area on a serene lot. Additional permitted area is perfect as a workshop for brewing, games, storage & more! The yard has built-in gardens, composting area, & an incredible screened-in porch. New carpet and a beautifully updated bathroom adds the final touch of charm to this affordable, close-in home! Great location near hotspots like Hanks, Mueller, and Downtown Austin!",30.314210891723643,-97.68756866455078,0,FALSE,FALSE,FALSE,TRUE,Single Family,1956,310000,2019-01-17,1,2019,21,3,1,0,0,0,0,0,7424,1025,0.8333333333333334,3,849,14,1,3,1,63
29408039,2001 Eaton Ln,78723,"This cute Windsor Park home on an oversized lot has been lovingly cared for and upgraded/updated with the vintage charm intact! New in June/July '19: carpet, toilets, paint (partial interior and exterior), vinyl flooring in bathrooms, bathroom tile refinished. Other recent updates include seamless gutters (2014), fence (2014 or 15), roof (2012). Foundation repair (w/ lifetime warranty), extensive plumbing replacement (2012) Producing orange tree on property!",30.314441680908203,-97.68708038330078,1,FALSE,TRUE,FALSE,FALSE,Single Family,1957,350000,2019-08-20,8,2019,17,1,2,2,1,0,0,0,12196.8,1332,0.8666666666666667,3,849,14,2,3,1,62
29402536,5608 Darlington Ln,78723,"Thoughtfully updated with all around cool vibe just 5 minutes from Mueller & 10 minutes to downtown. Large lot with potential for ADU. Highly desired Windsor Park Hills Neighborhood with private outdoor space, large back yard. Garden shed for storage or transform into additional living space. Open space with 4 total bedrooms and master suite on its own wing. Utility room & office/den/flex room with separate entry. List of updates, foundation warranty, survey & other information available! Owner occupant or Investor Opportunity!",30.303356170654297,-97.68024444580078,0,FALSE,FALSE,FALSE,FALSE,Single Family,1962,435000,2019-07-16,7,2019,17,2,2,0,2,0,2,0,9583,1653,2,3,719,15,3,4,1,57
29402533,5608 Gloucester Ln,78723,"Complete and total remodel - no detail was overlooked in this entirely re-done home in hip East Austin near Mueller. Very open floor plan, modern ambiance, bright lighting with large picture windows, new hard tile flooring throughout - no carpet! Large open kitchen with functional layout, new sparkling quartz countertops, new soft-close cabinets, super cool & calming blue tile backsplash, breakfast bar, all new SS appliances with high-end gas stove. Huge laundry room with built-in storage. Large Master bedroom with 2 closets, barn door, floating bath vanity, walk-in shower with rain head. Bathrooms are to die for! New roof, new exterior siding, new HVAC, new water heater, all new windows, new plumbing & electrical fixtures, new concrete driveway and sidewalk, all new interior and exterior doors, new 8x10 storage shed, 2 large decks for entertaining in your huge backyard with gorgeous mature trees. Soak up the luxury. You will fall in love!",30.30313491821289,-97.67950439453124,0,FALSE,FALSE,FALSE,FALSE,Single Family,1962,385000,2018-05-19,5,2018,26,2,0,0,0,0,0,0,9147,1580,2.0333333333333337,3,719,15,2,3,1,56
29407532,3504 Rockhurst Ln,78723,"Just Reduced! Stunning remodeled 4 Bed Room Home w/granite counter tops & Cabinets in kitchen, remodeled baths, All new Appliances, New HVAC. Fresh Paint inside & out, Rich scraped wood floors and new bedroom windows, new roof including roof deck. New Garage Door, New Automatic Smart Sprinkler system front and back, Private backyard with large Diving pool with slide, With new filter system, Pool Cleaner & re-plastered, patio area for entertaining. Complete French drain system and new gutters, downspouts and leaf guards. New Wood Fence, security door, lights and cameras. Total house make over.",30.3127384185791,-97.66582489013672,2,FALSE,TRUE,FALSE,FALSE,Single Family,1968,375000,2018-06-22,6,2018,29,3,2,0,0,0,0,0,8145,1402,1.1666666666666667,3.333333333333333,569,13,2,4,1,50
29408031,6314 Kenilworth Dr,78723,"Absolutely adorable East Austin Bungalow completely renovated from the studs. This home will capture your attention with recent updates including: 20 year shingle roof, gutters, HVAC, updated electrical wiring/amp, insulation, garage door, exterior/interior paint, windows and wood plank ceramic tile flooring throughout for easy maintenance. The Living room offers sophisticated living with modern built-in entertainment center for extra storage and media equipment. The kitchen has a touch of style with white cabinetry, subway tile backsplash, tile countertops and stainless steel appliances. Relax on the large front porch or patio in the large backyard. Easy access to I-35/290/183 for travel. Located close to the Mueller District for shopping, entertainment, dining and minutes to Downtown.",30.31582260131836,-97.687347412109375,1,FALSE,TRUE,FALSE,FALSE,Single Family,1957,284900,2018-04-17,4,2018,17,3,3,0,0,0,0,0,7623,798,0.7666666666666666,3,849,14,1,2,1,61
29399952,5305 Westminster Dr,78723,"Amazing opportunity in desirable Windsor Park neighborhood. Super charming and beautifully updated 3 bed/2 bath home PLUS separate 293 SF studio w/full bath. Home features great floorplan and significant owner improvements including: full interior painting, flooring, kitchen backsplash, updated bathroom and beautiful landscaping. Located on prime lot that backs to a creek near Manor/51 ST, less than 5 miles to downtown & UT and blocks to Mueller shopping, restaurants, farmers market and Bartholomew pool/park. Pride in ownership shows, must see this East Side gem! We will be holding the house open on Sunday, 8/18 from 3PM-5PM. If interested or any questions, contact: zellteam@theagencytexas.com OR 512-820-0946.",30.30089950561523,-97.6861343383789,2,FALSE,TRUE,FALSE,TRUE,Single Family,1959,349900,2019-10-31,10,2019,48,7,2,1,3,0,1,0,8842,1141,2.033333333333333,5,966,15,2,3,1,60
29407529,3505 Susquehanna Ln,78723,"Beautifully remodeled home on treed lot with inviting pool and deck in large backyard. Large kitchen with granite countertops and breakfast bar open to family room. Living room, office or dining room, you choose. Plantation shutters. Plumbing and electrical upgrades, insulation added in attic, app controlled irrigation system front and back. Dry off in the garage/mudroom after a relaxing swim in the pool.  Easy access to Mueller neighborhood parks and shopping, major highways, ABIA. Please wear a mask.",30.313146591186523,-97.66558837890624,3,FALSE,TRUE,FALSE,FALSE,Single Family,1967,215000,2020-09-03,9,2020,53,4,2,0,0,0,0,0,10890,1352,1.1666666666666667,3.333333333333333,569,13,2,3,1,53
29401025,6303 Waynesburg Cv,78723,"6303 Waynesburg Cv, Austin, TX 78723 is a single family home that contains 1,647 sq ft and was built in 1985. It contains 3 bedrooms and 2 bathrooms. 
 
The Zestimate for this house is $330,561. The Rent Zestimate for this home is $2,200/mo.",30.30282974243164,-97.6655731201172,2,FALSE,TRUE,FALSE,FALSE,Single Family,1985,325000,2020-05-12,5,2020,31,4,2,2,3,0,1,0,8886,1647,1.6000000000000003,3.333333333333333,569,13,2,3,2,35
29400024,5210 Waterbrook Dr,78723,"5210 Waterbrook Dr, Austin, TX 78723 is a single family home that contains 933 sq ft and was built in 1958. It contains 3 bedrooms and 1 bathroom. 
 
The Zestimate for this house is $413,389. The Rent Zestimate for this home is $1,750/mo.",30.30415725708008,-97.689544677734375,1,FALSE,TRUE,FALSE,FALSE,Single Family,1958,325000,2018-03-16,3,2018,1,4,3,0,0,0,0,0,8712,933,1.7333333333333334,5,966,15,1,3,1,60
29404023,5502 Westminster Dr,78723,"Charming Windsor Park home with a smart vintage meets modern interior. Light and bright interiors with hardwood flooring throughout main living areas and bedrooms. Updated kitchen with granite counters and stainless appliances. Pristine bathrooms with original vintage tile. Recent windows, sliding door, and updated lighting. All appliances convey. Two-car garage with storage room. Front porch and private backyard with raised garden beds and mature trees. Near Mueller development and Bartholomew Park.",30.308164596557617,-97.69041442871094,2,FALSE,TRUE,FALSE,FALSE,Single Family,1959,435000,2020-08-04,8,2020,54,3,2,1,0,0,0,0,8319,1372,1.5666666666666669,5,966,15,2,3,1,61
29411022,2406 Loyola Ln,78723,"2406 Loyola Ln, Austin, TX 78723 is a single family home that contains 1,945 sq ft and was built in 1963. It contains 3 bedrooms and 2 bathrooms. 
 
The Zestimate for this house is $573,885. The Rent Zestimate for this home is $2,450/mo.",30.31883811950684,-97.6778335571289,2,FALSE,TRUE,FALSE,FALSE,Single Family,1963,497500,2020-04-13,4,2020,1,4,2,2,3,0,0,0,16552.8,1945,1.2,2.333333333333333,656,14,2,3,1,57
29408522,6809 Dubuque Ln,78723,"Charming remodeled home in the popular University Hills neighborhood that sits on a over sized corner lot. Open layout that's perfect for entertainment. Easy access to 183, 290, IH35 and minutes to Mueller. Enjoy the added garage on backside of home while still using the 1 car garage for your vehicle.",30.313705444335938,-97.6692352294922,0,FALSE,FALSE,FALSE,FALSE,Single Family,1961,349900,2019-04-17,4,2019,22,0,1,0,0,0,0,0,10410,1056,1.2000000000000002,3.333333333333333,569,13,2,3,1,58
29411021,2408 Loyola Ln,78723,"2408 Loyola Ln, Austin, TX 78723 is a single family home that contains 1,677 sq ft and was built in 1964. It contains 3 bedrooms and 2 bathrooms. 
 
The Zestimate for this house is $515,044. The Rent Zestimate for this home is $2,295/mo.",30.318925857543945,-97.67755126953124,0,FALSE,FALSE,FALSE,FALSE,Single Family,1964,400000,2018-03-30,3,2018,25,3,1,0,0,0,0,0,23522.4,1677,1.1666666666666667,2.333333333333333,656,14,2,3,1,54
29404112,2306 Rogge Ln,78723,"$81,898 below tax appraisal! due to foundation cracks that can be repaired for just $6,000 !! Hot, yet family friendly Mueller/Delwood. Roomy living-dining-kitchen open floor plan great for entertaining. Great lot, big trees, big fenced, back yard, covered patio. 3 blocks to elementary school, 1/2 block to Capital Metro, 10 minutes to UT, downtown, north side employers. Recent roof, laminate floors and sewer. Still needs foundation work and cosmetics. Great for investor or handyman first time buyer",30.307462692260746,-97.68669128417967,2,FALSE,TRUE,FALSE,FALSE,Single Family,1969,139975,2020-12-11,12,2020,61,4,2,3,0,0,0,0,11325.6,1645,1.7333333333333332,5,966,15,2,3,1,51
29407518,6703 Kings Point W,78723,"Stunning top to bottom remodel in University Hills. Front door w/ modern accents opens onto all new wooden flooring & stairs. Kitchen & dining restructured into open concept design brightened by recessed lighting, perfect for hosting. Freshly installed appliances & fixtures! Master bath upgraded to en suite w/ new tiling, equipped w/ dual vanity. Stylish French doors to shady backyard! Handy mudroom, new garage door & tankless water heater! Mueller shopping center 10 mins away + easy access to 183 & 290!",30.31150245666504,-97.66814422607422,0,FALSE,FALSE,FALSE,FALSE,Single Family,1969,469900,2019-08-01,8,2019,34,3,1,1,1,0,0,0,8407,2144,1.2000000000000002,3.333333333333333,569,13,3,4,2,50
29411016,7000 Creighton Ln,78723,"Centrally located, single-story house. Ready to move-in condition, can start as early as May 1st, on a nice quiet street with great neighbors, tall trees, well-shaded, University Hills subdivision (78723). 
Close to YMCA East Austin, new Mueller subdivision, shopping, parks and eateries, Dell Children's and St. David's Hospital, UT (10mins), Downtown (15mins), Highland and MLK Metro Rail Stations. Within 2 mile radius - Mueller HEB, Home Depot, Best Buy, Target, Walmart, Academy Sports. Walking distance to bus stop (37 to downtown), neighborhood pool and Dottie Jordon activity center.Easy access to major highways I-35, 183, Mopac and East 290. Going against the traffic towards North-bound I-35 Round Rock Dell and 183 North/Mopac Google/IBM both during the morning and after work commute. 
Very ideal location.Clean, spacious, freshly painted warm neutral colors (not pictured), ready to move in (May 1st) well maintained home with master bedroom and walk in closets, plus 3 good size bedrooms with built-in closets, lots of storage. 2 full baths, 2 large living rooms, fireplace, dining room, kitchen with marble tile counters! 1800 sq ft living space + 2 spacious car garages (includes an extra tool room), beautiful paved patio. 
No carpet, wood floor throughout the WHOLE house i.e. reduced allergies Lots of closets and storage space. Nice, cool, well insulated house even in the summer. Ceiling fans in every bedroom, living room and kitchen. Fireplace for the winter. Fully grown matured tall trees in front of the house and the backyard, providing ample shade and privacy. Fruit trees and rose garden, big open area that receives a lot of sunlight, great for vegetable garden.We'll take care of the yard work, lawn maintenance if so desired. 
Comes with all major home appliances - Dishwasher, washer/dryer, stove and large-capacity refrigerator provided. Currently set up with Grande Communications high-speed internet connection $50 a month.Lease terms typically from 12-24 mos. Available for immediate occupacy starting 5/1/14. Open to shorter lease with slightly higher rent. $2200 monthly, negotiable, references requred. $1500 deposit. Non-smokers preferred. Pets with owner approval. $250 pet deposit per pet.Great property in a sought after, up and coming transformed neighborhood",30.31953239440918,-97.67669677734376,2,FALSE,TRUE,FALSE,FALSE,Single Family,1965,479900,2020-04-29,4,2020,25,1,2,0,0,0,0,0,10759,1811,1.1666666666666667,2.333333333333333,656,14,2,4,1,55
29408515,6709 Dubuque Ln,78723,"This move-in ready home was just renovated. Almost every part of this RARE 4 Bedroom home, in University Hills, has been touched! Complete Kitchen remodel, maximizing space and design, including stainless, energy-efficient appliances. Perfect Office Nook in Dining Room, so you can work from home! More new improvements: Pella Low-E windows and exterior doors with transferable warranty, natural hickory wood floors throughout (except for tile in bathrooms), fresh paint inside and out, custom landscaping.",30.31320381164551,-97.67035675048828,0,FALSE,FALSE,FALSE,FALSE,Single Family,1961,435000,2020-08-31,8,2020,46,6,0,0,1,0,1,0,8102,1350,1.2666666666666666,3.333333333333333,569,13,2,4,1,59
29408015,1907 Patton Ln,78723,"Multiple offers over full price~Close to Mueller district, Bartholomew & Mueller parks, Shopping, Thinkery, Alamo Drafthouse, Groceries, Restaurants~minutes to downtown~Kitchen-new subway tile backsplash, new cabinets, stainless steel dishwasher, & Stainless vent hood~Other updates include new flooring (tile throughout, no carpet), recent interior paint new lighting/ceiling fans, new interior doors~Roof (2015)~HVAC (2016)~Washer/Dryer connections are inside home~Large backyard with beautiful shade trees.",30.3176212310791,-97.68688201904295,1,FALSE,TRUE,FALSE,FALSE,Single Family,1959,269900,2018-09-15,9,2018,26,1,2,0,0,0,0,0,7318,932,0.7666666666666667,3,849,14,1,3,1,59
29407515,6706 Kings Point,78723,"Beautiful 3 Bedroom/2 Bath home in trendy University Hills! Refreshing updates &modern touches throughout. Open kitchen to living - w/ vaulted beamed . Galley kitchen with solid surface counters ,modern tile back splash & breakfast bar.Large yard with mature landscaping- Outdoor living space with pergola for entertaining. Fantastic location in quiet neighborhood w/ easy access to 183 & 290, & just minutes to Mueller, UT, Dell Medical, the airport & tons of great Restaurants/shopping. Low taxes, no HOA",30.311487197875977,-97.66732025146484,2,FALSE,TRUE,FALSE,FALSE,Single Family,1967,389000,2020-06-26,6,2020,30,5,2,2,0,0,0,0,9539,1481,1.2333333333333334,3.333333333333333,569,13,2,3,1,53
29401015,6421 Bridgewater Dr,78723,"Completely renovated University Hills home featuring open floor plan, fantastic lighting throughout, beautiful kitchen w/ stainless appliances & contemporary backsplash, & tons of incredible finishes throughout. Huge lot, .57 acres w/ no neighbor to one side! Spacious deck overlooks massive yard, the perfect venue for entertaining guests. Incredible location, backs to Little Walnut Creek Greenbelt, easy access to 183, 10 mins to Mueller, and just 20 to UT & tons of great downtown shopping & restaurants.",30.30384826660156,-97.66636657714844,2,FALSE,TRUE,FALSE,TRUE,Single Family,1984,419900,2018-05-07,5,2018,36,8,3,0,0,0,0,0,24829.2,1572,1.5333333333333334,3.333333333333333,569,13,2,3,1,34
29400015,5406 Waterbrook Dr,78723,"One Story, 3Beds/1Bath on Large corner lot with mature trees, .23acres. Centrally located, just minutes to downtown Austin, Muller, Little Walnut Creek Greenbelt, UT, new HEB & major highways. Selling AS-IS*Great investment opportunity!FEMA - Unknown",30.30558204650879,-97.68866729736328,0,FALSE,FALSE,FALSE,FALSE,Single Family,1958,340000,2020-10-15,10,2020,20,1,1,0,0,0,0,0,9931,1068,1.7,5,966,15,1,3,1,62
29405736,5610 Mapleleaf Dr,78723,"5610 Mapleleaf Dr, Austin, TX 78723 is a single family home that contains 1,367 sq ft and was built in 1959. It contains 3 bedrooms and 2 bathrooms. 
 
The Zestimate for this house is $510,773. The Rent Zestimate for this home is $2,295/mo.",30.31015968322754,-97.69255828857422,0,FALSE,FALSE,FALSE,FALSE,Single Family,1959,425000,2019-06-07,6,2019,1,2,1,0,0,0,0,0,8145,1367,1.5333333333333334,5,966,15,2,3,1,60
29408508,6702 Dubuque Ln,78723,"Absolutely fab renovation. Sexy, light soaked one story with great open floor plan. Oversized living room. Kitchen features open shelving, quartz countertops and fashion tile backsplash. Generous master. Completely updated bath - barn door, upscale tile, fixtures really make it sing. New wide plank floors. Black + gold fixtures throughout. Hard to find a renovation with this quality of finish and on-trend style. Hot University Hills location, minutes from Mueller, UT, East/ North Austin. Small but mighty.",30.313007354736328,-97.67107391357422,4,FALSE,TRUE,FALSE,FALSE,Single Family,1964,450000,2020-10-08,10,2020,41,7,2,1,1,0,0,0,6442,1356,1.2666666666666666,3.333333333333333,569,13,2,3,1,56
29404006,2200 Langford Cv,78723,"This amazing remodel in Windsor Park stuns w/ airy, open concept design! Engineered hickory hardwood floors throughout are highlighted by new paint, fixtures & doors. Kitchen boasts spacious quartz countertops + stylish Saltillo backsplash! Living room delights w/ welcoming fireplace & sliding doors onto huge, covered back patio. Century+ old oak tree provides precious shade, coupled w/ new privacy fence - great for entertaining! <10 mins to Mueller, <15 to UT/Downtown. Zip around town via 290/I-35/183!",30.309749603271484,-97.685760498046875,0,FALSE,FALSE,FALSE,FALSE,Single Family,1965,449900,2019-07-22,7,2019,33,4,1,1,0,0,0,0,10018,1564,1.6666666666666667,5,966,15,2,3,1,54
29400006,5414 Coventry Ln,78723,"Great Windsor Park community and location with easy access to downtown Austin, airport, UT, East Side, Mueller parks, retail, pools, farmers market, HEB, and more.  Updated with designer selected large tile and wood flooring, paint, cabinetry, tile backsplash, quartz counters, new SS appliances, tiled tub/shower surrounds, upgraded fixtures and new garage doors. Master down, 2 bedrooms up with bonus room, & 3 full bathrooms.  2 car garage and large private backyard.",30.30312156677246,-97.68477630615234,2,FALSE,TRUE,TRUE,FALSE,Single Family,1961,524900,2020-10-19,10,2020,46,4,2,2,1,0,0,0,7827,1597,1.9666666666666668,5,966,15,3,3,1,59
29408004,6401 Linda Ln,78723,"Expecting Multiple Offers on this gorgeous remodeled home close to Mueller! Wood floors, hard tiles and carpet in two bedrms, Custom Shutters, Barn Doors! Huge Master bedroom and bath with luxurious walk-in shower and double vanities! Large corner lot with new fencing and Oversized deck! Cozy enclosed porch for multiple uses. Huge Master Walk-in closet! Large utility room off master with access to backyard. 2 yr old HVAC, Energy Efficient windows, electric & plumbing updated. Security System conveys.",30.31630897521973,-97.68824005126952,4,FALSE,TRUE,FALSE,FALSE,Single Family,1956,240000,2019-05-01,5,2019,23,4,2,0,1,0,3,0,8842,1645,0.7333333333333334,3,849,14,2,3,1,63
29404004,2204 Langford Cv,78723,"Fully Remodeled home in desirable Windsor Park features a bright & open floor plan ideal for entertaining. Grand Living complete w/ fireplace & custom built-ins. Kitchen boasts all new cabinetry, center island, granite, ample storage & space to create. Beautiful master retreat offers a tranquil en-suite w/ large walk-in shower. Generously sized secondary bedrooms! Oversized patio & private backyard. Garage updated w/ built-in workbench & sink, wired for A/C! See attached list of Remodel Upgrades & Details",30.30982208251953,-97.68511962890624,0,FALSE,FALSE,FALSE,FALSE,Single Family,1963,620000,2018-10-30,10,2018,30,2,1,0,0,0,0,0,21344.4,3143,1.1333333333333333,3,849,14,3,4,1,55
29400004,5418 Coventry Ln,78723,"Bright & open 4 bed/3 bath modern farmhouse has been completely renovated! Sprinkler system & modern screening being added to front yard. Custom iron & wood staircase. Bamboo flooring in living & kitchen. Living & dining areas flow into large backyard with brand new stained cedar pergola. New HVAC/ductwork, roof, plumbing & more! Custom tile work & designer lighting throughout. Kitchen upgrades include quartz counters, custom floating shelves, ss appliances. Great central location, minutes to downtown.",30.30349159240723,-97.68482971191406,0,FALSE,FALSE,FALSE,FALSE,Single Family,1963,208000,2019-02-12,2,2019,28,2,1,0,0,0,0,0,7405,1615,1.9333333333333331,5,966,15,3,4,2,56
29408503,6813 Bryn Mawr Dr,78723,"6813 Bryn Mawr Dr, Austin, TX 78723 is a single family home that contains 1,005 sq ft and was built in 1962. It contains 3 bedrooms and 1 bathroom. 
 
The Zestimate for this house is $359,827. The Rent Zestimate for this home is $1,700/mo.",30.314483642578125,-97.66938018798828,1,FALSE,TRUE,FALSE,FALSE,Single Family,1962,345000,2020-05-08,5,2020,68,1,2,0,0,0,1,0,8929,1005,1.2333333333333334,3.333333333333333,569,13,1,3,1,58
29402503,5511 Manor Rd,78723,"Beautiful updated open floor plan home features 3 bedroom and 2 full bathroom and a huge storage building with air conditioning and plumbing. Relax in huge private back yard.  Great location! Minutes to Austin Downtown, UT, Airport, and Mueller development. Unlimited potential!",30.302886962890625,-97.68262481689452,0,FALSE,FALSE,FALSE,FALSE,Single Family,1954,349990,2020-04-13,4,2020,32,7,2,1,0,0,0,0,9278,1350,2.033333333333333,3,719,15,2,3,1,66
29398503,4909 Blueberry Trl,78723,"4909 Blueberry Trl, Austin, TX 78723 is a single family home that contains 1,380 sq ft and was built in 1959. It contains 2 bedrooms and 2 bathrooms. 
 
The Zestimate for this house is $437,007. The Rent Zestimate for this home is $2,000/mo.",30.29631233215332,-97.6871566772461,0,FALSE,FALSE,FALSE,FALSE,Single Family,1959,369900,2019-05-10,5,2019,1,2,1,0,0,0,0,0,9060,1380,2.2,5,966,15,2,2,1,60
29407500,6909 Tulane Dr,78723,"Welcoming 2 story home in Riverbend at University Hills. Corner lot with extended front porch. 50K in upgrades including a full kitchen remodel w/ soft close cabinets, center island w/ Minuet Quartz counter top, Apron sink & built-in SS refrigerator. Dining area & breakfast bar w/ new pendant lighting. New laminate flooring throughout first floor w/ stunning color variation. Spacious floor plan w/ separate formal living & family room. Utility room boasts ample storage & counter space. A Must See Home!",30.31303977966309,-97.6666259765625,0,FALSE,FALSE,FALSE,FALSE,Single Family,1967,400000,2020-05-15,5,2020,54,6,1,2,5,0,1,0,7840,2054,1.1666666666666667,3.333333333333333,569,13,3,3,2,53
29400000,5329 Wellington Dr,78723,"5329 Wellington Dr, Austin, TX 78723 is a single family home that contains 1,120 sq ft and was built in 1959. It contains 3 bedrooms and 2 bathrooms. 
 
The Zestimate for this house is $470,046. The Rent Zestimate for this home is $1,800/mo.",30.30370712280273,-97.68521881103516,0,FALSE,FALSE,FALSE,FALSE,Single Family,1959,415000,2020-06-30,6,2020,55,5,1,2,0,0,0,0,8494,1120,1.9333333333333331,5,966,15,2,3,1,61
94641990,5911 N West Pl,78731,"5911 N West Pl, Austin, TX 78731 is a single family home that contains 3,680 sq ft and was built in 2009. It contains 4 bedrooms and 4 bathrooms. 
 
The Zestimate for this house is $1,203,167. The Rent Zestimate for this home is $5,500/mo.",30.34745407104492,-97.78247833251952,2,TRUE,TRUE,FALSE,TRUE,Single Family,2009,1125000,2020-04-14,4,2020,33,3,2,2,2,0,0,0,4791,3680,2.6666666666666665,7,1177,16,4,4,3,11
114405458,5909 N West Pl,78731,"This Gossett Jones residence is just 10 minutes from downtown Austin and will impress all w/ wall to wall windows capturing panoramic views of Lake Austin.Open kitchen outfitted w/ high-end appliances preferred by cooking enthusiasts. Owner's suite features a spa inspired bathroom w/ double sink vanities, soaking tub, separate shower, outdoor area & large custom California walk-in closet & separate shoe/jewelry closet.",30.34734535217285,-97.78247833251952,2,TRUE,TRUE,FALSE,TRUE,Single Family,2013,1175000,2020-06-26,6,2020,38,8,3,2,2,0,1,0,4791,2684,2.6666666666666665,7,1177,16,3,4,2,7
29341958,3417 Mount Barker Dr,78731,Classic central Austin single story home on one of the best streets just off Balcones Drive. Beautifully updated 1958 single story brick gem with a fabulous kitchen and a sparkling new pool.,30.32547950744629,-97.77191925048828,1,FALSE,TRUE,TRUE,TRUE,Single Family,1958,1180000,2018-05-12,5,2018,65,2,3,0,0,0,0,0,14810.4,2584,1.8333333333333333,7,1177,16,2,3,1,60
29345956,3904 Bowhill Dr,78731,"3904 Bowhill Dr, Austin, TX 78731 is a single family home that contains 1,900 sq ft and was built in 1965. It contains 3 bedrooms and 2 bathrooms. 
 
The Zestimate for this house is $845,749. The Rent Zestimate for this home is $2,700/mo.",30.342456817626964,-97.76739501953124,2,FALSE,TRUE,FALSE,FALSE,Single Family,1965,799000,2020-10-01,10,2020,80,1,2,2,0,0,1,0,11325.6,1900,1.7333333333333334,7,1177,16,2,3,1,55
29349634,6007 Twin Valley Cv,78731,"Welcome to this immaculate home in the exclusive Cat Mountain neighborhood! Feel engulfed in the plush, native greenery as you make your way up the driveway. A contemporary wooden porch welcomes you and creates stunning curb appeal. Step inside the wrought iron french doors and instantly notice the multi-level floor plan with designer details around every corner! Floor to ceiling windows flood the home with natural light and provide a panoramic views of the The Hills of Austin. The Living Room features a brick fireplace bringing a cozy ambiance to the space. A raised Formal Dining Room allows easy access to your Kitchen, making it the perfect spot to host dinner parties! The bright kitchen is fully equipped with granite counter tops, modern light fixtures, bar-top seating, SS appliances, and an abundance of storage. The Master Suite is ideally situated away from all other rooms and offers a double vanity, walk-in closet, garden tub, and separate shower. Note the Bonus Room and Home Office on the second level! Step into your private backyard that is your personal oasis with a variety of entertainment options! Relax and unwind on the balcony with one of a kind sunset views, tend to your private garden, or BBQ with friends in the court-yard. Luxurious living in the coveted 78731 zip code awaits you - you don't want to miss it!",30.35001945495605,-97.78062438964844,4,TRUE,TRUE,FALSE,TRUE,Single Family,1985,725000,2020-11-28,11,2020,81,3,2,1,1,0,0,0,8886,2350,2.6333333333333333,7,1177,16,3,3,2,35
29347953,6002 Highlandale Dr,78731,"6002 Highlandale Dr, Austin, TX 78731 is a single family home that contains 3,236 sq ft and was built in 1967. It contains 5 bedrooms and 4 bathrooms. 
 
The Zestimate for this house is $967,292. The Rent Zestimate for this home is $3,500/mo.",30.34525680541992,-97.76275634765624,2,FALSE,TRUE,FALSE,FALSE,Single Family,1967,920000,2020-09-23,9,2020,46,3,2,2,0,0,1,0,13068,3236,1.6,7,1177,16,4,5,2,53
29345950,5814 Westmont Dr,78731,"Bring your architect/contractor to remodel this wonderful single story home that has fresh exterior paint and new carpeting, located in coveted Shinoak Valley of Northwest Hills. On tree lined street w/terrific curb appeal, this 4 bed, 2 bath home  sits on a 1/4 acre corner lot. White & bright kitchen has ample cabinet space and is open to a large, inviting family room with a full-wall gas fireplace. The shady, tree studded yard features gorgeous heritage oaks, expansive front porch + backyard patio.",30.34306716918945,-97.76605224609376,0,FALSE,FALSE,FALSE,FALSE,Single Family,1963,575000,2019-08-16,8,2019,36,3,1,2,1,0,1,0,11761.2,1923,1.6666666666666667,7,1177,16,2,4,1,56
29345947,3907 Cresthill Dr,78731,"3907 Cresthill Dr, Austin, TX 78731 is a single family home that contains 2,416 sq ft and was built in 1973. It contains 3 bedrooms and 3 bathrooms. 
 
The Zestimate for this house is $780,998. The Rent Zestimate for this home is $3,223/mo.",30.34283447265625,-97.76717376708984,2,FALSE,TRUE,FALSE,FALSE,Single Family,1973,629000,2018-04-27,4,2018,28,3,2,0,0,0,0,0,13939.2,2416,1.7333333333333334,7,1177,16,3,3,2,45
29346445,5610 Mount Bonnell Rd,78731,"Custom, beautifully-maintained home in unbeatable ATX location with easy access to destinations by way of 2222, 360, and Mopac. Neighborhood features access to Mount Bonnell Shores Park & day-use dock on Lake Austin.  5610 Mt. Bonnell is a paradise within the city, featuring beautiful woodwork, beamed ceilings, and a designer chef's kitchen w/ granite + breakfast bar/island, and 48' Viking Pro Range! First floor layout perfect for entertaining. Second floor owners retreat includes skylight, dressing area, large bathroom and walk-in closet. Three additional bedrooms upstairs + bonus room.   Backyard is an oasis, and includes a covered patio, pergola, BBQ & pool surrounded by large oaks & maple trees.",30.34094619750977,-97.77924346923828,0,TRUE,FALSE,FALSE,FALSE,Single Family,2002,875000,2018-11-09,11,2018,36,4,1,0,0,0,0,0,12632.4,3372,2.333333333333333,7,1177,16,3,5,2,16
29347944,6107 Highlandale Dr,78731,"Wonderful home on large 1/3 acre lot.  Lovely master suite with fireplace, private balcony, double vanity and garden tub.  Nice sized kitchen with granite counter tops and breakfast area.  Two living areas and a bonus room for home office or exercise space.  Backyard with stone fireplace and plenty of room to run and play. Multiple balconies and patios to enjoy the outdoors year round.",30.34696960449219,-97.76262664794922,2,FALSE,TRUE,FALSE,FALSE,Single Family,1977,725000,2019-06-27,6,2019,22,4,3,0,0,0,0,0,13503.6,2214,1.6333333333333335,7,1177,16,2,3,2,42
29347940,3610 Highland View Dr,78731,"Let your imagination run wild with this mid-century modern remodel opportunity on a large, wooded and private lot in desirable Highland Hills. Your two-story canvas has many great features including the great room with vaulted ceilings and large south facing windows that overlook the trees. Enhance your outdoor space by creating a yard or adding a pool in addition to the numerous concrete terraces/balconies. Enjoy peace of mind knowing your home feeds to some of the best schools in Austin and has some of the best mobility with easy access to MOPAC, LOOP 360, and RM 2222. Your best life begins with home that inspires you.",30.34602928161621,-97.76099395751952,2,FALSE,TRUE,FALSE,FALSE,Single Family,1964,699000,2019-07-02,7,2019,21,1,2,1,0,0,0,0,16988.4,2846,1.5666666666666664,7,1177,16,4,4,2,55
29345938,3900 Glengarry Dr,78731,"Great 2-story home with a peaceful pond and backyard oasis. Large corner lot has expansive wrap-around patio space, shady trees + balcony & covered porch stretching across the front of the house. Master on main + 4 additional bedrooms upstairs. Expansive bonus room with separate entrance could be game/media room, studio, office, new master or guest space. Beautiful, large picture windows bring the outside views into the engaging family room complete with built-ins & fireplace. Ready for your updates.",30.343524932861328,-97.7660903930664,2,FALSE,TRUE,FALSE,FALSE,Single Family,1968,750000,2020-04-30,4,2020,38,2,2,2,3,0,1,0,13068,2976,1.6666666666666667,7,1177,16,4,5,2,52
29347437,5910 Highland Hills Dr,78731,"Thoughtfully-remodeled 4 bedroom/3 bath single-story home in Northwest Hills. Extensively updated interior includes a stunning master suite addition with a vaulted ceiling and clerestory windows that bring in tree views. The updated kitchen offers granite work surfaces, brick accent wall, and stainless appliances including a GE convection oven and Thermador cooktop. The bright living room features wood tile flooring, a floor-to-ceiling brick fireplace, and beam accents. .31 acre lot with beautiful low-maintenance, irrigated landscaping and groves of oak trees in the front and back yards. Zoned for excellent Highland Park Elem., Lamar Middle, and McCallum High School.",30.343780517578125,-97.7591781616211,2,FALSE,TRUE,FALSE,FALSE,Single Family,1960,795000,2018-08-24,8,2018,36,1,2,0,0,0,0,0,13939.2,2704,1.3666666666666665,7,1177,16,3,4,1,58
29347933,3603 Highland View Dr,78731,"Charming mid century style home in coveted Highland Hills complete with formal dining, beamed ceiling, fireplace, parquet flooring & wall of sliding doors providing abundance of natural light. Secondary Bedrooms and spacious owners ensuite are all on main level. First floor living spills out onto extensive deck boasting privacy. Perfect for entertaining and relaxing. Downstairs a large flex space makes a perfect office or optional fourth bedroom. Excellent location. Minutes from downtown Austin & UT. Sprinkler Sys:Yes",30.34571647644043,-97.76011657714844,2,FALSE,TRUE,FALSE,FALSE,Single Family,1968,825000,2020-09-18,9,2020,107,4,2,3,1,0,2,0,9452,2861,1.5,7,1177,16,2,4,1,52
29346432,4710 Palisade Dr,78731,"Great buy in Cliff over Lake Austin! Fully remodeled interior & exterior in 2016. Great curb appeal w/lush landscaping, pool, side entry/oversized 2 car garage, spacious living w/high ceiling, hardwood, tile & carpeted floors, large master suite on 1st floor w/back yard access, bridge upstairs to secondary bedrooms & storage, formal dining room w/view of covered back patio, updated kitchen w/sit in window & breakfast area, private back yard w/pool & mature landscaping.Refrigerator, washer, dryer negotiable",30.34128570556641,-97.78190612792967,2,TRUE,TRUE,TRUE,FALSE,Single Family,1983,420000,2018-03-19,3,2018,31,5,2,0,0,0,0,0,9496,2269,2.5,7,1177,16,3,3,2,35
29346428,4702 Palisade Dr,78731,"Priced below tax value!! Fabulous Location! Quaint and quiet neighborhood on cul-de-sac street. This home has the perfect use of space, Master bedroom down with huge walk-in shower with frameless glass doors and travertine tile. Elegant kitchen opens to the living and dining areas, granite countertops, recessed lighting and french doors to backyard. Generous cabinet and counter space. Upstairs features 2 roomy bedroom and a loft/office area that opens to second story balcony. Not to be missed!",30.341217041015625,-97.78101348876952,2,TRUE,TRUE,TRUE,TRUE,Single Family,1983,649999,2020-03-09,3,2020,24,4,2,1,1,0,0,0,11761.2,2020,2.433333333333333,7,1177,16,3,3,2,37
29342928,3102 Perry Ln,78731,"Modern farmhouse one-story home with 4 beds, 2.5 baths situated on an expansive .35 flat lot in the heart of Highland Park West. Completely remodeled, this open concept floor plan features hardwood floors throughout, marble and slate counter tops and custom finishes. Kitchen w/ large island, custom cabinetry & high-end appliances. Custom playhouse conveys and room for a pool. Less than 5 miles to Downtown, 6 miles to the Domain, and walking distance to Highland Park Elementary.",30.32633209228516,-97.757568359375,2,FALSE,TRUE,FALSE,FALSE,Single Family,1948,539000,2020-08-04,8,2020,69,4,2,2,2,0,0,0,15245.999999999998,2432,1.1,7,1177,16,3,4,1,72
29347920,6003 Highlandale Dr,78731,"Substantially remodeled in 2018, this large Northwest Hills home features 5 large bedrooms and 3 bathrooms.  Large windows and French doors on the rear of the house offer lots of natural light and a great view of the spacious yard.  The front porch is an amazing space to relax or entertain guests.

We're happy to work with real estate agents representing buyers.",30.34535980224609,-97.76216888427734,0,FALSE,FALSE,FALSE,FALSE,Single Family,1962,749000,2019-09-12,9,2019,63,5,3,1,0,0,0,0,13503.6,3160,1.5333333333333332,7,1177,16,3,5,2,57
124843911,5000 Westview Dr,78731,"Immaculately kept, one owner property in the highly sought after Beverly Hills neighborhood. This home is nestled on a hill side & looks out to the beautiful mature trees & quiet surroundings. Just minutes from Downtown! This home features an abundance of natural lighting. Floor plan & living space are cozy and inviting! With it's natural charm, it can fit a buyer's needs as is, or is perfect for renovations. LARGE and private patio looking to mature landscaping. Bonus features- Indoor sauna and wet bar!",30.33517074584961,-97.76587677001952,4,FALSE,TRUE,FALSE,FALSE,Single Family,1955,1395000,2019-12-18,12,2019,26,4,2,1,0,0,0,0,13939.2,3237,1.4666666666666668,7,1177,16,4,4,2,64
29344409,5308 Mount Bonnell Rd,78731,"One of the finest ""entertaining"" homes! The main living areas are open and and create easy to live in feeling. Cozy, yet easy to entertain large groups. It seems like they thought of everything, down to the heated floors in the spa-like master bath. The back yard has something for everyone! The gorgeous pool and cabana create a vacation vibe in your own back yard, and are only surpassed by the view! The children's play area includes a swing, and a cool fort!",30.337501525878903,-97.7764663696289,0,FALSE,FALSE,FALSE,FALSE,Single Family,1991,985000,2020-10-14,10,2020,33,0,1,3,0,0,3,0,16117.2,2702,2.1,7,1177,16,3,3,2,29
29346407,5604 Palisade Ct,78731,"Meticulously renovated one-story on a tranquil cul-de-sac at the Cliff Over Lake Austin that does not back to 2222.  Fabulous entertaining home that opens onto a private backyard deck, lush landscaping & still has room for a pool. Two master suites, both with spa-like baths & walk-in closets. Gourmet kitchen features custom cabinets, black leather-finish granite, cooktop with pot filler, double ovens & a fabulous butler's pantry with walk-in utility area. Spacious living & dining rooms with Limestone fireplace, vaulted ceilings with exposed beams, Oak hardwoods, Marvin doors & windows and numerous built-ins that make this home stand out from the rest.  Designer touches and attention to detail throughout.",30.3404598236084,-97.78226470947266,2,TRUE,TRUE,FALSE,FALSE,Single Family,1996,975000,2018-06-21,6,2018,31,3,2,0,0,0,0,0,14374.8,3182,2.5,7,1177,16,4,4,1,22
29347903,5817 Highland Pass,78731,"Nestled in the heart of Highland Hills and surrounded by nature,This impressive remodel exudes quality offering the perfect balance of light + space, soaring ceilings, gleaming hardwood floors, spacious bedrooms, beautifully designed kitchen, stylish master bathroom and cozy fireplace. Step outside to the sunset viewing deck and experience amazing hill country sunsets every.single.night. Just under a half of an acre, there are plenty of opportunities for outdoor entertaining. Zoned to Highland Park Elem.Restrictions: Yes",30.343446731567383,-97.76139831542967,2,FALSE,TRUE,FALSE,TRUE,Single Family,1975,699000,2020-09-16,9,2020,79,8,4,0,0,0,0,0,20037.6,1614,1.4333333333333336,7,1177,16,2,3,1,45
29349499,6100 Ledge Mountain Dr,78731,Transitional Design in Northwest Hills. This single story home was built in 2016 by Moazami Homes and boasts an open floorplan with high ceilings and lots of natural light. A covered patio and outdoor kitchen overlook the swimming pool and terraced backyard making this a perfect place for entertaining. Large kitchen island with Stainless Steel appliances and Thermador double oven range. Family/Media room with a wetbar. Gorgeous sunset views of the Texas Hill Country.,30.34868240356445,-97.77242279052734,0,FALSE,FALSE,FALSE,FALSE,Single Family,2016,1595000,2018-06-11,6,2018,31,5,1,0,0,0,0,0,21344.4,3705,2.1666666666666665,7,1177,16,4,4,1,2
29349400,6109 Highland Hills Dr,78731,"Incredible curb appeal on an oversized lot in one of Austin's hottest neighborhoods! This recently remodeled 3 bedroom, 2 bath home has an open floor plan with an abundance of natural light, vaulted ceilings and new wide plank hardwoods throughout. Updated appliances in the kitchen including six-burner wolf range, glass door SubZero fridge, Carrera marble countertops and an enormous kitchen island. Enjoy your beautiful lush landscaping and outdoor deck perfect for entertaining!",30.34954071044922,-97.759521484375,0,FALSE,FALSE,FALSE,FALSE,Single Family,1972,715000,2018-10-02,10,2018,28,4,2,0,0,0,0,0,19602,1890,0.8333333333333334,7,1483,16,2,3,1,46
29341900,4303 Balcones Dr,78731,"Remodeled home in Balcones Park. Wood and travertine floors, granite counters, stainless appliances, 2 sinks in kitchen, Thermador 6 burner stove, bar with wine fridge, .5 acre lot, sparkling pool, several patio areas, tankless water heater, 2-car garage with storage. Master suite with fireplace, built-ins and 3 closets. Master bath with double sinks, separate tub and shower. Main floor features living, dining, kitchen, breakfast, 3 bedrooms and 2 baths. Master suite, family room, utility, garage and storage on lower level.",30.324331283569336,-97.76859283447266,2,FALSE,TRUE,FALSE,TRUE,Single Family,1956,849000,2019-06-18,6,2019,30,0,2,0,0,0,0,0,22215.6,3596,1.6666666666666667,7,1177,16,3,4,2,63
29342899,3202 Highland Ter W,78731,"A home and garden no one wants to leave. Flowery words and fancy photos can't capture what it feels like to be in this home. The garden has been featured on 3 Garden Tours, renowned not only for its beauty and design, but also for its practical use of drought tolerant plants. Every room is thoughtfully designed and remodeled to optimize the experience of living there:  spacious rooms, lots of natural light, and views of the garden everywhere you turn.  Indoor living and kitchen areas feature raised ceilings, custom built fireplace and a huge walnut island that seems to invite people to stop and visit.  But the additional 650 SF of outdoor living areas, designed for dining, entertaining or just being quiet, are features of this home that have to be experienced to be understood.  New builds and recent ""flips"" have advantages, but they can't incorporate the intimate care and attention that makes one want to linger in a space because it just feels good being there.",30.3295955657959,-97.75879669189452,2,FALSE,TRUE,FALSE,TRUE,Single Family,1951,950000,2019-04-01,4,2019,39,3,2,0,0,0,0,0,11761.2,1951,1.0333333333333334,7,1177,16,3,4,1,68
29344392,5001 Westview Dr,78731,"This chic, modern remodel to the studs in 2009 features an open floor plan with 2 living/dining areas, hickory floors, museum-finish walls, pecan cabinetry, honed marble and stainless countertops, and modern bathrooms with natural tile floors. On a corner lot with 30+ oak trees and professionally landscaped with screened porch overlooking treetops, deck, horizontal fencing and steel and limestone walls. Owner/Agent. Not in MLS.

Neighborhood Description

A pocket neighborhood within Highland Park, features oak trees galore, hills, deer, and unique homes -- nothing cookie cutter about it! Great pride of ownership, dog friendly. Feeds into Highland Park Elementary. Easy access to Mopac and 2222. Secluded, yet so close in.",30.335243225097656,-97.765411376953125,0,FALSE,FALSE,FALSE,FALSE,Single Family,1957,749000,2019-12-02,12,2019,82,4,1,0,0,0,0,0,10890,1830,1.4333333333333331,7,1177,16,2,3,1,62
29347388,5911 Highland Hills Dr,78731,"Charming mid century ranch style home. Spacious family room with fireplace and built in book case and center for television. Formal dining and living area with plenty of space for huge dining table as well as open living room. Good size secondary beds and master bedroom. sun room off family area leads you to backyard with in-ground pool. Recent improvements include wood flooring and new roof, and exterior paint. Great location, minutes to down town dining and shopping.  Bring your best offer fast!",30.343425750732425,-97.75860595703124,0,FALSE,FALSE,FALSE,FALSE,Single Family,1959,649000,2018-05-18,5,2018,26,3,1,0,0,0,0,0,11761.2,2174,1.3666666666666665,7,1177,16,2,3,1,59
29341887,3422 Mount Barker Dr,78731,"Down to the studs remodel in Balcones Park. This house has everything! New plumbing, electrical, mechanical, appliances and an amazing new master suite. Designed to keep the original mid century ranch character but updated for today's lifestyle. The perfect outdoor entertainment space complete with multiple decks, pool, green-space and unparalleled privacy. This is a must see home.",30.326364517211925,-97.7719497680664,4,TRUE,TRUE,FALSE,FALSE,Single Family,1960,719000,2019-05-31,5,2019,101,4,2,0,0,0,0,0,15681.6,3252,1.8333333333333333,7,1177,16,4,4,1,59
29347386,5907 Highland Hills Dr,78731,"Highland Hills is coveted for great schools, mature trees, hills and being minutes to downtown and The Domain.  But it's HARD TO FIND a move-in ready home with flat yard, room for pool and great curb appeal! THIS IS IT! In addition to an open, bright floor plan, this home offers lots of storage- inside and outside. Large, private backyard. Owner suite has walk-in closet customized with Elfa. Sliding door for extra sunlight also serves to access huge patio and yard. Wood floors throughout.",30.343231201171875,-97.7591323852539,0,FALSE,FALSE,FALSE,FALSE,Single Family,1959,619000,2019-05-21,5,2019,28,3,1,0,1,0,0,0,11325.6,1643,1.3666666666666665,7,1177,16,2,3,1,60
29347883,5905 Paseo Del Toro,78731,"Great location, recently updated with:  New roof, new carpet, high-end remodel of master bath, new paint with ""popcorn"" removed from ceilings, stainless appliances, wood floor throughout downstairs.   Great family home in great neighborhood tucked into the hills. Feeds into ""exemplary"" Highland Park Elementary. 8 minutes from downtown, 12 minutes from Round Rock.",30.34367370605469,-97.7635269165039,2,FALSE,TRUE,FALSE,FALSE,Single Family,1980,649900,2019-09-30,9,2019,35,5,2,2,0,0,1,0,8180,2084,1.5666666666666664,7,1177,16,3,4,2,39
29347380,5824 Trailridge Dr,78731,"5824 Trailridge Dr, Austin, TX 78731 is a single family home that contains 2,627 sq ft and was built in 1959. It contains 4 bedrooms and 2 bathrooms. 
 
The Zestimate for this house is $857,925. The Rent Zestimate for this home is $3,000/mo.",30.34296226501465,-97.75826263427734,0,FALSE,FALSE,FALSE,FALSE,Single Family,1959,750000,2019-08-12,8,2019,39,3,1,0,0,0,0,0,21780,2627,1.3666666666666665,7,1177,16,2,4,1,60
29344380,5318 Western Hills Dr,78731,"Move-in for the holidays. A mid century modern stunner was remodeled and completed in 2017. Pictures do not show the feeling you experience in this 5 bdrm 3.5 bath home. Incredible open concept kitchen/living/dining with walls of glass blending home with nature. Gorgeous master retreat opens to 523 SQ FT covered outdoor living with sunset views. Home features include custom cabinetry and window coverings (some on remote), oak floors, walk-in closets, low maintenance lot, fenced yd, fireplace. Walkable neighborhood to grocery, coffee shops & restaurants. Estate sale. Furnishings INCLUDED.",30.33779335021973,-97.76342010498048,2,FALSE,TRUE,FALSE,TRUE,Single Family,1960,1559000,2020-01-17,1,2020,45,5,4,0,0,0,0,0,14810.4,3909,1.3666666666666665,7,1177,16,4,5,2,60
29347378,5828 Trailridge Dr,78731,"Idyllic Hilltop location on the open ""natural view"" side of the street with amazing tree/hilly views from windows and deck. Huge .43 acre lot with flat grassy backyard and stone terracing. 3 bedrooms, 2.5 bath mid-century design with a bonus room/study, two living areas. Recent Andersen windows and sliding doors. Wide plank wood flooring. Silestone counters and stainless appliances in kitchen w/breakfast nook/ bar. Tons of original built-ins. Perfect candidate for second story addition to maximize gorgeous views! Very quiet street with no through traffic. Zoned for excellent schools.",30.34332275390625,-97.75769805908205,0,FALSE,FALSE,FALSE,TRUE,Single Family,1959,699000,2018-08-21,8,2018,40,7,1,0,0,0,0,0,18730.8,2690,1.3,7,1177,16,3,4,1,59
29341877,4300 Balcones Dr,78731,"Brilliant remodel of mid-century home in Balcones Park. Corner lot, circular drive on Mt. Barker. This 4 bedroom home was taken to the studs in most places and reconfigured to fit today's lifestyle. The stunning kitchen has Viking appliances, quartz countertops, dual finish custom cabinets - walnut and high gloss acrylic. The master suite has custom cabinetry in the bath and dressing area and includes a soaking tub and separate tile shower with multiple water sources. Outdoor improvements include a composite deck, resurfaced pool and landscaping.  Additional features include wide plank white oak hardwood floors, LED lights, and plantation shutters. System updates include HVAC, duct work, electrical, plumbing, whole house foam insulation (except garage/laundry). The oversized garage has extra storage and workshop area. The large circular driveway provides off street parking.",30.32451820373535,-97.7693328857422,0,FALSE,FALSE,FALSE,FALSE,Single Family,1957,1995000,2019-07-17,7,2019,38,5,1,2,2,0,0,0,20908.8,3640,1.7333333333333334,7,1177,16,5,4,1,62
29346373,4806 Palisade Dr,78731,"Beautiful 3 bedroom home, completely upgraded. Beautiful travertine downstairs, stunning dark wood in loft, matching spiral staircase and iron railing. Brand new carpet in all bedrooms. Gorgeous new tile and cabinets in master and secondary bath. Come see this beautiful yard with relaxing pool and spa. Over 180k in upgrades throughout.",30.34251594543457,-97.7839126586914,3,TRUE,TRUE,TRUE,TRUE,Single Family,1984,564900,2019-01-25,1,2019,36,2,4,0,0,0,0,0,10890,2372,2.6333333333333333,7,1177,16,3,3,2,35
29347870,3508 Highland View Dr,78731,"Stunning Views! Northwest Hills, Fully remodeled 3 beds, 2 bath, 2 living rooms home sits among the magnificent oak trees. Open Floor Concept with contemporary accent wall design. Don't miss the elegant brand new kitchen with stainless steel appliances, quartz counter tops, and custom cabinets w/pull out shelves. Wood flooring throughout the home, Modern light fixtures in the entire home. Massive master shower along the custom made master closet. A must see! Agent related to seller. Sprinkler Sys:Yes",30.3461856842041,-97.75789642333984,2,FALSE,TRUE,TRUE,TRUE,Single Family,1968,850000,2020-10-23,10,2020,63,2,2,1,0,0,0,0,10890,2077,1.0333333333333332,7,1483,16,2,3,1,52
29347867,5952 Highland Hills Dr,78731,"Totally remodeled in & out private sought after Highland Hills, wooded canyon treetop views from the deck & all living areas, oversized laundry w/office space, huge master closet w/ A/C, Gourmet kitchen w/ high end energy efficient appliances, designer finishes, wood flooring, new fence, landscaping, sprinkler.  West of Mopac at RM 2222, it has easy access to downtown, UT, shopping and restaurants in central Austin. Hardiepanel stucco exterior & detached garage. Pet will bit do not attempt to friend him.",30.346763610839844,-97.757537841796875,2,FALSE,TRUE,FALSE,TRUE,Single Family,1996,850000,2019-10-30,10,2019,35,5,2,1,0,0,0,0,8668,2356,1,7,1483,16,4,3,2,23
29346360,4722 Palisade Dr,78731,"Pristine 2019 Remodel in Cliff Over Lake Austin. This stunning 4 bed, 3 bath home features tons of windows/natural light and an open floor plan - perfect for entertaining!  The spacious kitchen offers a breakfast area, stainless steel appliances, custom-built cabinets that boast plenty of storage and looks out onto the beautifully landscaped turfed backyard with putting green and covered outdoor living for lounging.  Unwind in your master retreat that features 3 large closets and a spa-like master bath with popular hexagon tile, soaking tub, oversized shower area with two showerheads. The Cliff Over Lake Austin neighborhood features only 82 homes with many cul-de-sacs and one way in/out access.",30.340961456298828,-97.7834243774414,4,TRUE,TRUE,TRUE,FALSE,Single Family,1981,899000,2020-12-30,12,2020,50,4,2,5,1,0,0,0,10454,2619,2.6,7,1177,16,3,4,2,39
29344496,5306 Tortuga Trl,78731,"Panoramic lake views from the second level! Nestled on a beautiful tree covered lot with thoughtful design by architect Luis Jauregui, 5306 Tortuga offers fabulous indoor and outdoor entertaining, incredible natural lighting, custom sun shades, and a fully fenced yard with an emphasis on low maintenance living. 3rd bedroom configured as office space, shaded front patio, large rear deck. Access to exclusive homeowner park on Lake Austin with greenbelt, playscape, picnic areas, and swimming dock.Restrictions: Yes  Sprinkler Sys:Yes",30.334455490112305,-97.7791519165039,2,TRUE,TRUE,FALSE,TRUE,Single Family,1990,549990,2020-09-30,9,2020,116,4,2,2,2,0,1,0,7927,2602,2.233333333333333,7,1177,16,3,3,1,30
29349347,6206 Highland Hills Dr,78731,"Northwest Hills single story home on beautiful tree lined street.  Large covered front porch.  Recently remodeled kitchen, saltillo tile floors.  Formal living and dining room and additional family room with fireplace.  Large master suite, full bath and 3 large bedrooms provide plenty of space.  Two car rear entry garage with bonus area and utility room.  Private fenced yard and large back patio provide plenty of space for backyard cookouts.",30.349958419799805,-97.76116180419922,2,FALSE,TRUE,FALSE,FALSE,Single Family,1966,605000,2020-09-22,9,2020,110,1,2,0,1,0,0,0,12196.8,2173,0.7999999999999999,7,1483,16,2,4,1,54
29341847,3405 Spanish Oak Dr,78731,"Exceptional opportunity for renovation or new build in Balcones Park/Highland Park West, minutes to downtown Austin.  Nearly 2/3 acre wooded lot affords lots of privacy with no other home visible from back of home. Potential PANORAMIC VIEWS OF DOWNTOWN AUSTIN from construction of a second story (see Photo). House is vintage 1955 that could be renovated and expanded. Also listed as Residential Home. Contact your Realtor for a showing.",30.32678031921387,-97.76905059814452,2,FALSE,TRUE,FALSE,TRUE,Single Family,1955,825000,2018-03-02,3,2018,39,6,2,0,0,0,0,0,27007.2,2262,1.6666666666666667,7,1177,16,3,3,1,63
29348345,5911 Lookout Mountain Dr,78731,"Beautiful Austin home w/sunrise views in Cat Mountain Villas. Vaulted ceiling living room w/walls of windows, wet bar, opens to sun-dappled deck and stone-terraced yard, great for enjoying sweeping Hill Country landscape. Kitchen features granite counters, stainless appliances & large breakfast area. Light-filled main floor master suite w/ 2 walls of windows delivering more of that fabulous scenery. Upstairs are 2 bedrooms & loft great for office or game room. HOA Community-swimming pool, tennis courts.",30.345458984375,-97.7814483642578,2,TRUE,TRUE,FALSE,FALSE,Single Family,1984,585000,2020-07-06,7,2020,73,2,2,1,1,0,1,0,10236,2598,2.533333333333333,7,1177,16,3,3,2,36
29341891,4005 Balcones Dr,78731,"Owner recently discovered beautiful lake views! Must see! Relax on the front porch enjoying the views from your lush private .48 acre lot.  Zoned for Casis Elementary! This mid-century home priced to sell ""as is,"" could be a fabulous remodel, or start from scratch and build your dream home.  Potential for City Views. See rendering of suggested privacy wall with gated entry & circle drive. Incredible value for a lot this size in Area 1B.  See also Lot MLS 3387330.",30.32162857055664,-97.770172119140625,2,FALSE,TRUE,FALSE,TRUE,Single Family,2020,948000,2020-09-01,9,2020,101,3,3,1,0,0,0,0,20908.8,3854,2.1333333333333333,7,1298,16,5,4,1,0
29343996,5205 Valley Oak Dr,78731,"Beautifully updated Central Austin home just minutes from downtown! The open floor plan features hardwood and tile floors throughout, high ceilings, and tons of windows for natural light. Open kitchen with white cabinets, open shelving, granite countertops, and S/S appliances. Master bath boasts marble tiled walls and a glass-enclosed tub & shower. Entertain in the huge backyard with a wooden covered deck, shed for storage, and gravel patio perfect for a playscape or sitting area. Amazing location!",30.33334350585937,-97.756805419921875,1,FALSE,TRUE,FALSE,TRUE,Single Family,1950,450000,2020-01-15,1,2020,25,7,3,2,3,0,1,0,13068,1088,1.0666666666666669,7,1177,16,1,3,1,70
29344490,5302 Tortuga Trl,78731,"Gorgeous home with partial Lake Austin views and Mount Bonnell Shores amenities updated in 2018.Walk the greenbelt on the trail to the neighborhood park with playscape, picnic tables and day dock. Cool off afterwards in your private oasis backing to the greenbelt or just enjoy the peace on your wrap-around porch. Finish off your day inside with natural lighting accenting the custom woodwork and high ceilings throughout.See Docs for more info. If CSS is not working call Cari. Sellers need 1 hr notice.",30.33409118652344,-97.779205322265625,0,TRUE,FALSE,FALSE,FALSE,Single Family,1992,949000,2019-03-29,3,2019,29,4,1,0,0,0,0,0,12632.4,2829,2.233333333333333,7,1177,16,3,3,2,27
29341835,3302 Cherry Tree Cir,78731,"3302 Cherry Tree Cir, Austin, TX 78731 is a single family home that contains 3,456 sq ft and was built in 1960. It contains 4 bedrooms and 4 bathrooms. 
 
The Zestimate for this house is $2,160,021. The Rent Zestimate for this home is $3,900/mo.",30.324308395385746,-97.767669677734375,2,FALSE,TRUE,FALSE,TRUE,Single Family,1960,1800000,2019-05-21,5,2019,39,8,3,0,2,0,0,0,16988.4,3456,1.6333333333333335,7,1177,16,4,4,2,59
29341834,3304 Cherry Tree Cir,78731,"New price!Mid-century modern in coveted Balcones Park on over 1/3 acre lot! Expansive living & dining space w/ wall of windows providing wonderful natural light are an entertainer's dream. Grand foyer & elegant stained glass doors open to classical home theater. Updated kitchen includes stainless appliances, double oven, silestone countertops & large breakfast area. Huge master suite w/ gas fireplace, tons of closet space & luxurious spa-like bath. 2 spacious secondary bedrooms + den opening to large outdoor patio.",30.32424354553223,-97.7680206298828,3,FALSE,TRUE,FALSE,FALSE,Single Family,1956,1100000,2018-11-20,11,2018,39,3,3,0,0,0,0,0,16117.2,3881,1.6333333333333335,7,1177,16,3,3,1,62
29349325,3711 Laurel Ledge Ln,78731,"5 Bedroom, 3 Full Bath  with Terrific Curb Appeal and a sparking pool located in Highland Hills - close to Downtown, 2222, the Domain, the Arboretum and more! Top Ranked Austin ISD shools including Doss Elementary,Murchison Middle School and Anderson High School -- you can see why Highland Hills was ranked #4 Best Neighborhoods in Austin 2017 by Austin Monthly Magazine! Great floor plan with two distinct living areas, one with a fireplace overlooking the pool and the other open from the kitchen with wet bar -- superb for entertaning! Warm Pecan flooring, durable, easy care slate flooring and tile compliment the first floor with recent (May 2018 ) carpet upstairs.Updated Kitchen and Updated Master Bath. Main level Office / 5th bedroom with a full bath. Live well with a  covered deck that  extends the fun and entertaining to a wonderful space overlooking the pool.",30.34798622131348,-97.76234436035156,0,FALSE,FALSE,FALSE,FALSE,Single Family,1973,699900,2018-07-24,7,2018,37,6,1,0,0,0,0,0,12196.8,3076,0.9333333333333332,7,1483,16,3,5,2,45
29349324,3801 Laurel Ledge Ln,78731,"Great property in highly desired Highland Hills neighborhood.This 4B3b home features a lofty,open floor plan and 2 level beautiful greenbelt views.Extensive renovation, almost all taken down to the studs, HVAC,Electric,Plumbing,cabinetry,bathrooms,water heater,fixtures,ceiling fans,gorgeous wood and travertine flooring,inspections passed.The spacious master suite,multiple decks,second kitchen on lower level.Take advantage of this chance to own this amazing home!",30.34819221496582,-97.76251220703124,0,FALSE,FALSE,FALSE,FALSE,Single Family,1973,574900,2019-04-15,4,2019,35,1,1,0,0,0,0,0,13939.2,2832,0.9333333333333332,7,1483,16,3,4,2,46
29346317,4700 Westslope Cir,78731,LOCATION LOCATION on Cul-De-Sac!! Outstanding bones in this quality property. Has all the features you could desire including 4 bedrooms 3.5 baths 3 car garage 2 liv + study 2 dining high ceilings open and inviting floor plan. Cooks kitchen with island downdraft cooktop & peninsula counter.  Study w/ built in book cases at front entry.  Family room with 3 beds 2 baths upstairs. Hill view from upper living room and porch. Huge fenced and treed yard provides ample shade. Classy home in classy area!,30.342214584350582,-97.78135681152344,0,FALSE,FALSE,FALSE,FALSE,Single Family,1989,695000,2018-07-26,7,2018,39,2,1,0,0,0,0,0,15245.999999999998,3032,2.5,7,1177,16,4,4,2,29
58297856,3702 Edgemont Dr,78731,"Located in central Austin on over 1/3 acre on a corner lot in the sought after Balcones Park neighborhood. Could be a rebuild opportunity but home has been nicely updated with room left for improvements. It features an open floor plan with dramatic vaulted ceilings and great light. Includes extra bonus space off living area ideal for a large second office, a media room or a play or hobby room. Very dramatic. Very unique home. Very special. Exemplary Casis elementary school.",30.318267822265625,-97.7690200805664,0,FALSE,FALSE,FALSE,FALSE,Single Family,1959,960000,2019-05-10,5,2019,25,4,1,0,0,0,0,0,15681.6,2386,1.9333333333333331,7,1298,16,3,3,1,60
29349311,3514 Hillbrook Dr,78731,"3514 Hillbrook Dr, Austin, TX 78731 is a single family home that contains 1,599 sq ft and was built in 1969. It contains 3 bedrooms and 2 bathrooms. 
 
The Zestimate for this house is $801,084. The Rent Zestimate for this home is $2,800/mo.",30.34618759155273,-97.75938415527344,0,FALSE,FALSE,FALSE,FALSE,Single Family,1969,639900,2019-04-15,4,2019,1,0,1,0,0,0,0,0,11325.6,1599,1.5,7,1177,16,2,3,1,50
29346309,5802 Westslope Dr,78731,"5802 Westslope Dr, Austin, TX 78731 is a single family home that contains 2,206 sq ft and was built in 1977. It contains 4 bedrooms and 2 bathrooms. 
 
The Zestimate for this house is $909,298. The Rent Zestimate for this home is $3,784/mo.",30.342632293701172,-97.78119659423828,2,FALSE,TRUE,FALSE,FALSE,Single Family,1977,629800,2020-09-21,9,2020,106,5,2,3,1,0,0,0,14810.4,2206,2.5,7,1177,16,2,4,2,43
58297847,3412 Cascadera Dr,78731,"Opportunity to buy/hold/move-in or teardown. Nestled on 0.39 acres on one of the quietest cul-de-sacs in central Austin resides a quintessential midcentury, brick ranch house ready for you to put your stamp on it.  Located in prized Casis school district, this 1 story gem features 3 bedrooms plus a study that can easily be converted into a 4th bedroom.  The floorplan includes 2 centralized living areas one of which opens to the kitchen.  The master suite with vaulted ceilings rests on one side of the house while the secondary bedrooms are located on the other.  The pool unites all areas of the home and is easily visible in its entirety from multiple rooms.  Heritage trees and mature landscaping provide shade from the Austin heat.  Meticulously maintained by one family for over forty years, this home can be moved in today or customized into a dream home.",30.318212509155284,-97.770233154296875,0,FALSE,FALSE,FALSE,FALSE,Single Family,1964,1095000,2019-04-15,4,2019,35,4,1,0,0,0,0,0,16988.4,2874,1.9,7,1298,16,2,3,1,55
29343989,5111 Valley Oak Dr,78731,"Recently remodeled magnificent kitchen with new dishwasher, sink, aerator. Washer/dryer room, bay window, flowing floorplan.
This home is in the Austin ISD School District. The nearest schools are Highland Park Elementary School, Lamar Middle School and McCallum High School.",30.332237243652344,-97.75618743896484,2,FALSE,TRUE,FALSE,FALSE,Single Family,1950,414000,2019-05-23,5,2019,1,5,2,0,0,0,0,0,8712,1453,1,7,1177,16,2,3,1,69
58297845,3404 Cascadera Dr,78731,"This wonderful 3 bed/3.5 bath property is situated on a wooded lot in the sought after Balcones Park neighborhood. The spacious downstairs master suite features a private deck, walk-in closet and attached office space. Kitchen opens to the breakfast area and living room. Upstairs are 2 guest bedrooms, 2 full baths an additional bonus room, living area and large balcony. The living space upstairs or the office could be a 4th bedroom. CASIS ELEMENTARY",30.31865501403809,-97.7699203491211,4,FALSE,TRUE,FALSE,FALSE,Single Family,1962,1075000,2018-12-13,12,2018,20,2,2,0,0,0,0,0,15245.999999999998,3291,1.9333333333333331,7,1298,16,4,3,2,56
29345563,5501 Ridge Oak Dr,78731,"Mid-century modern living, nestled amongst mature oak and pecan trees in the highly coveted Highland Park neighborhood. The main level offers vaulted ceilings with floor to ceiling windows nearly stretching from end to end. Enjoy a walk to Perry Park, brunch at Chez-Zee and refreshing dip and leisurely afternoon by your pool. Over 3000 SF of living space, 5 bedrooms and 4 baths spread throughout the home lending flexibility for all living desires. 500+ SF of balcony space running the full length of the home, an enormous patio surrounding the pool and green space on either side are great for an abundance of out door activities. Come explore the endless options this home has to offer.",30.337594985961925,-97.7598114013672,2,FALSE,TRUE,FALSE,FALSE,Single Family,1954,890000,2020-12-21,12,2020,38,4,2,2,0,0,0,1,16552.8,3838,1.2,7,1177,16,4,5,1,66
29346292,4506 Small Dr,78731,"Huge yard in Northwest Hills covered with mature oak trees offers rare blend of beauty, shade and functionality. Stately, 4 sides stone home offers flexible 1.5 story floor plan with bonus spaces available for multiple configurations suiting many needs. Wood floors, plantation shutters, interior french doors and wood burring fireplace charm while updated kitchen and bathrooms offer the appeal of a more modern convenience. Flagstone patio. 2 car garage. Highland Park Elementary or walk to St. Theresa's.",30.34263038635254,-97.77840423583984,2,FALSE,TRUE,FALSE,FALSE,Single Family,1977,625000,2018-08-28,8,2018,29,2,2,0,0,0,0,0,17859.6,2597,2.333333333333333,7,1177,16,3,3,1,41
29348291,5920 N West Pl,78731,"If you're looking for BIG unobstructed views, this home is for you! Four bedrooms, 3 bathrooms with 3-story design. The main level offers living, kitchen, laundry and dining with panoramic views of Lake Austin and the 360 bridge. A guest room with full bath and spacious master bedroom with expansive views and spa-like bathroom are situated on the top floor. The lower level offers 2 huge bedrooms with jack-and-jill bath. This home offers abundant storage, 2.5 car garage and updated windows along back of the home to showcase the incredible views! The Cat Mountain Villas neighborhood offers a pool, playground, hiking trails, tennis courts and a clubhouse for residents. Truly one of a kind! Professional pictures coming Saturday!",30.347612380981445,-97.78290557861328,0,TRUE,FALSE,FALSE,FALSE,Single Family,1984,1100000,2020-11-10,11,2020,40,4,1,1,0,0,0,0,4225,3352,2.7,7,1177,16,3,4,2,36
29344291,5401 Ridge Oak Dr,78731,"Owner/Agent. Panoramic views throughout main level and from deck. Open, Light, Bright. 2018 remodel/updated plus new addition. Now 5 bedrooms (2 master suites or MIL plan), 5 baths, 2 large living/dining areas, office/study, separate utility/laundry. Expanded kitchen: center island, breakfast bar, varied storage, open to living. New front design: street-level garage, arbor, gated courtyard. Back: main and lower decks, stone terrace. Convenient for access to all ATX - work & entertainment.",30.336650848388672,-97.7606201171875,0,FALSE,FALSE,FALSE,TRUE,Single Family,1955,1150000,2019-01-31,1,2019,69,5,1,0,0,0,0,0,12196.8,3862,1.2333333333333334,7,1177,16,5,5,1,64
58297831,3501 Winsome Ct,78731,Beautiful one level home on a private cul-de-sac in the shadow of Mount Bonnell. The high ceilings and many windows make this home so inviting and comfortable. The arrangement is perfect for guests with three large bedrooms and ample storage. Walk in through the double entry doors onto the wide wood walkway into the living/dining area. The kitchen opens to the family room. Each living area has a warm fireplace. The large master suite has a sitting area and a private office off the entry. The fenced yard and gardens are most inviting. The large covered back veranda is delightful and private. A large two car garage with a work area and ample storage. Very rare one level home. In the Casis school district.,30.320730209350582,-97.77079010009766,0,FALSE,FALSE,FALSE,FALSE,Single Family,1990,1450000,2020-08-26,8,2020,84,4,1,0,0,0,0,0,14810.4,2773,2.033333333333333,7,1298,16,2,3,1,30
29348283,5907 N West Pl,78731,"Own the Most Iconic View in Austin! Sweeping views of 360 Bridge, Lake Austin, & Austin Country Club. This updated Cat Mountain beauty is an entertainer's paradise & offers those looking for Killer Views great space versus a cramped downtown condo. Hardwood floors, updated kitchen, 2 Balconies, & 3 bedrooms plus new carpet in secondary bedrooms. Nice sized 2 car garage + Perfect Central location w/ under 15 minute commute to either Downtown or the Domain employers. These homes rarely come on the market!",30.34723281860352,-97.782470703125,2,TRUE,TRUE,FALSE,TRUE,Single Family,1991,649000,2018-12-20,12,2018,26,8,3,0,0,0,0,0,5096,1733,2.6333333333333333,7,1177,16,3,3,2,27
29349279,6200 Shadow Mountain Dr,78731,"Heart of Northwest Hills-Custom Tudor style home, meticulously cared for by original owners. Fabulous features-towering ceilings, extensive wood design and great covered patio overlooking the sparkling pool and spa. All en-suite bedrooms with a guest bedroom and bath downstairs. Upstairs is fabulous master suite with private, dedicated study and private balcony. The house features multiple living areas amazing for entertaining large groups or intimate gatherings.",30.34825134277344,-97.76058197021484,0,FALSE,FALSE,FALSE,FALSE,Single Family,1977,925000,2018-10-10,10,2018,40,5,1,0,0,0,0,0,11761.2,3940,0.9,7,1483,16,5,4,2,41
29346279,5815 Westslope Dr,78731,"5815 Westslope Dr, Austin, TX 78731 is a single family home that contains 2,957 sq ft and was built in 1977. It contains 4 bedrooms and 4 bathrooms. 
 
The Zestimate for this house is $1,040,825. The Rent Zestimate for this home is $3,300/mo.",30.34396934509277,-97.7831802368164,0,FALSE,FALSE,FALSE,FALSE,Single Family,1977,975000,2020-03-09,3,2020,1,2,1,2,0,0,0,0,12632.4,2957,2.6333333333333333,7,1177,16,4,4,2,43
29346277,5811 Westslope Dr,78731,"5811 Westslope Dr, Austin, TX 78731 is a single family home that contains 2,908 sq ft and was built in 1960. It contains 4 bedrooms and 3 bathrooms. 
 
The Zestimate for this house is $997,218. The Rent Zestimate for this home is $4,400/mo.",30.343809127807617,-97.78258514404295,0,FALSE,FALSE,FALSE,FALSE,Single Family,1960,910000,2020-04-24,4,2020,36,0,1,0,0,0,0,0,13503.6,2908,2.6,7,1177,16,3,4,2,60
29340321,1911 W 36th St,78731,"This spectacular Oakmont Heights home near Rosedale is not to be missed! From top to bottom, you'll revel in the luxurious touches present throughout the recently constructed 2,758-square-foot home. Start with the gorgeous modern farmhouse curb appeal this 2-story home offers, with its charming shiplap siding and divided-light windows. Note the huge front yard punctuated by a winding walkway and attractive landscaping. As you enter the home, notice the designer finishes, including rich, dark hardwood flooring, upgraded trim and molding details, upgraded light fixtures and modern window treatments. Soak in the sunlight that streams from the many large windows throughout the home. You'll love the four bedrooms and three bathrooms. The fourth bedroom could be used as a flex room for working from home - customize to fit your needs! An upstairs game room means there's even more space to spread out in. Picture friends and family gathered around the cozy corner fireplace in the large family room, which flows seamlessly into an adorable dining nook with built-in seating. Nearby, home chefs are busy in the gourmet kitchen, whipping up dinner on the stainless steel six-burner cooktop and in the double wall ovens. Admire the sparking white, solid-wood cabinets that were custom built just for this spacious kitchen and house the on-trend microwave drawer. You'll appreciate that the vent hood is hidden away behind attractive ceiling-height custom cabinetry. The large walk-in pantry has room for everything you need. Time for some private relaxation? Retreat to your spacious master bedroom with its spa-like ensuite bathroom, which features a large soaking tub and a separate stand-up shower. Bask in the extravagance of elegant Carrara marble tile as you unwind from an exhilarating day. When it's time to get out, you'll love being close to shopping, such as Central Market, and plenty of dining options, including The Grove, a three-block stroll down the street. Downtown Austin is just 3.5 miles south, when work or play calls. Families will appreciate being near highly rated Brykerwoods Elementary school. O'Henry Middle School and Austin High School also serve this neighborhood. Back at home, enjoy time in your nice-sized private backyard, perfect for outdoor gatherings. You'll love the detached two-car garage with plenty of storage and alley access. A second-floor utility room adds even more storage.",30.30945014953613,-97.7553482055664,2,TRUE,TRUE,FALSE,FALSE,Single Family,2014,1195000,2020-08-07,8,2020,38,2,2,1,0,0,1,0,7013,2758,1.5333333333333332,6,1196,16,3,4,1,6
29344272,5112 Crestway Dr,78731,"Welcome to your Austin haven! This recently updated home in Highland Park West has everything you could want in your Austin home. The painted-brick exterior contrasts with the bright yellow front door inviting your family & friend inside. The home sits on a large corner lot sprinkled with oaks trees, minimal landscaping, new privacy fence, & a manicured lawn with plenty of room to play & enjoy.  Once you enter the home you are welcomed in w/ high ceilings, open floor plan, wood floors, & abundance of natural light. A modern kitchen offers quartz countertops, subway tiles, walk-in pantry & stainless steel appliances. A separate laundry room & private office/flex room. The master bedroom & bath continues the modern feeling of the home with neutral colors, high ceilings, modern fixtures, & natural light. A concrete extended patio off the dining area allows you to extend your dining experience outdoors & enjoy the large backyard. Walk to the elementary school, grocery stores, and more!",30.3342227935791,-97.75992584228516,2,FALSE,TRUE,FALSE,FALSE,Single Family,1953,775000,2019-03-27,3,2019,40,4,2,0,0,0,0,0,16552.8,1792,1.1333333333333333,7,1177,16,2,3,1,66
29349263,6301 Mountainclimb Dr,78731,"Northwest Hills home stately sited on a gorgeously wooded .37 corner lot.  Fabulous views from open living/dining/kitchen with balcony.  Windows galore!  Guest room on main floor with a full bath.  Master upstairs with even MORE panoramic views of the hill country/Downtown/UT tower. Sitting porch off master. Two additional bedrooms and one bath upstairs including loft for office/study.  Bonus room walk out, not included in sq. footage, with direct access from living for kids/office retreat.",30.349218368530284,-97.76349639892578,4,FALSE,TRUE,FALSE,TRUE,Single Family,1999,850000,2018-05-24,5,2018,35,7,2,0,0,0,0,0,16552.8,3126,0.9,7,1483,16,3,5,2,19
29349262,3808 Laurel Ledge Ln,78731,"Beautiful updated one story home in Northwest Hills!  Quiet street.  Big open single story plan on a private 1/3 acre lot.  Complete down to the studs remodel/addition in 2013 including all new plumbing, electrical, HVAC, roof, windows and doors. Hardwood floors, custom cabinetry, Andersen windows, quartz countertops, Thermador appliances and so much more. Tons of storage.  Huge utility room.  Awesome mud room.  Private backyard with beautiful landscaping and room for a pool.  See pool renderings in pics!",30.349199295043945,-97.7631607055664,0,FALSE,FALSE,FALSE,FALSE,Single Family,1975,1095000,2019-05-30,5,2019,32,4,1,0,0,0,0,0,13503.6,3027,0.9,7,1483,16,3,4,1,44
29410432,2618 Pembrook Trl,78731,"Tree-filled corner lot home in the heart of iconic Rosedale. Recently remodeled home combines original midcentury design w/ modern updates. New front door, new lighting & dimmable switches, updated hardware, smooth walls, designer wallpaper, & integrated Nest lock, thermostat, & doorbell system. Kitchen remodeled w/ quartz counters, modern backsplash & ss appliances. Master bed features attached office that can easily be converted to large walk-in closet. < 1 mile walk to shopping, dining & parks.",30.321672439575195,-97.74803161621094,2,FALSE,TRUE,FALSE,TRUE,Single Family,1954,749900,2020-06-12,6,2020,74,4,2,3,1,0,2,0,6534,1764,1.0666666666666669,7,1177,16,2,3,1,66
29346257,4412 Small Dr,78731,Your private oasis awaits. Updated home on Cat Mountain on a large lot surrounded by a 1.83 acre greenbelt with wet weather creek. Resort style pool and hot tub surrounded by lush tropical landscaping. Multiple decks with an outdoor kitchen perfect for entertaining. Inside walk into high celings and a wall of windows overlooking backyard. Updated kitchen with newly painted cabinets and granite counters. Master suite offers a covered terrace overlooking hill country views. VERY LIMITED SHOWING ACCESS.,30.34253692626953,-97.77684020996094,0,TRUE,FALSE,FALSE,TRUE,Single Family,1995,849000,2019-06-11,6,2019,1,4,1,2,1,0,0,0,10585,2506,2.233333333333333,7,1177,16,3,4,2,24
29349255,3704 Laurel Ledge Ln,78731,"This modern home is the perfect bridge to the excitement of downtown Austin and the laid back lifestyle of the Texas Hill Country.  Situated near the Mopac and 2222 junction, in a highly desirable Austin neighborhood of Northwest Hills, the house is ready for indoor/outdoor entertaining with pool and surrounding decks.  A well appointed kitchen and dinning room, a double height living room, office area, TV room and three to four bedrooms provide flexible options for designing your environment.  The property well situated to enjoy shopping at the Domain, the Austin nightlife, and the booming area of East Austin and high tech corridor
.  The house is also zoned for several award winning schools including Doss Elementary and Anderson High School.

",30.347665786743164,-97.76173400878906,2,FALSE,TRUE,FALSE,FALSE,Single Family,1977,550000,2019-11-15,11,2019,46,4,3,1,0,0,2,0,10759,3084,0.9333333333333332,7,1483,16,3,4,2,42
29344254,5100 Lucas Ln,78731,"Exquisite multi-level contemporary built in to picturesque setting on .352 hill country acres of hill country.Perfectly private treetop hide-away.Impeccable design & high-end finishes throughout. Open plan w/views from every room.Gourmet kitchen w/amazing features.Wall of windows in living room is a single door opening to patio overlooking canyon & hill country.With multiple outside living spaces,this home was designed for entertainment & carefree living.",30.335060119628903,-97.7640609741211,0,FALSE,FALSE,FALSE,TRUE,Single Family,1980,699999,2018-05-02,5,2018,29,3,1,0,0,0,0,0,15245.999999999998,2754,1.3666666666666665,7,1177,16,3,4,3,38
29344253,5102 Lucas Ln,78731,"5102 Lucas Ln, Austin, TX 78731 is a single family home that contains 3,497 sq ft and was built in 1980. It contains 4 bedrooms and 4 bathrooms. 
 
The Zestimate for this house is $1,670,331. The Rent Zestimate for this home is $6,909/mo.",30.335304260253903,-97.76399230957033,2,FALSE,TRUE,FALSE,FALSE,Single Family,1980,660000,2020-03-13,3,2020,1,3,3,2,1,0,1,0,16117.2,3497,1.3666666666666665,7,1177,16,4,4,2,40
58297790,3701 Balcones Dr,78731,"This mid-century modern style home was transformed in 2003. Stunning windows provide lots of natural light and beautiful tree top views. The original home was taken down to the studs and the home doubled in size, and added a level up. 5 bedrooms (4 w/en-suite baths) & large closets. Chef's kitchen with gas cook top, granite, stainless Kitchen-aid appliances and lots of cabinets. Fully fenced flat backyard w/room for a pool. BBQ & patio areas & lots of entertaining space. One of a kind gem.",30.31574058532715,-97.76611328125,2,FALSE,TRUE,FALSE,FALSE,Single Family,1951,1344000,2018-09-01,9,2018,4,4,2,0,0,0,0,0,14810.4,2936,1.7333333333333332,7,1298,16,5,4,2,67
64593246,3905 Cresthill Dr,78731,"Stunning home on dead end street in Dry Creek West. Large oaks shade the 455 sf back yard patio. Master and guest bedroom on main entry level. Two additional bedrooms and living room upstairs. Open and bright living space with tons of natural light, grand kitchen island, quartz counters. Dedicated Office. Hardwoods throughout. 10x20 storage building w/ steel shelving allows the garage to be available for two cars plus room for egress. Incredible laundry room with a lot of cabinetry and counter space.",30.34288215637207,-97.76688385009766,2,FALSE,TRUE,FALSE,FALSE,Single Family,2004,975000,2020-07-31,7,2020,28,5,2,0,1,0,1,0,12632.4,2909,1.7,7,1177,16,3,4,2,16
29349743,5900 Upvalley Run,78731,"5900 Upvalley Run, Austin, TX 78731 is a single family home that contains 2,948 sq ft and was built in 1992. It contains 4 bedrooms and 3 bathrooms. 
 
The Zestimate for this house is $864,718. The Rent Zestimate for this home is $4,200/mo.",30.34473991394043,-97.77745819091795,0,FALSE,FALSE,FALSE,FALSE,Single Family,1992,549000,2020-02-05,2,2020,1,0,1,0,0,0,0,0,16117.2,2948,2.3000000000000003,7,1177,16,3,4,2,28
29345739,5324 Western Hills Dr,78731,"Multiple offers, best and final by 5:00 pm Tuesday 4/28.  Biggest, flattest lot backing to Brightleaf Preserve. Rare 1-story rancher with charm, killer sunset views and easy expansion opportunities. Best part of amazing block - these turn over once a generation.",30.338335037231445,-97.76457977294922,2,FALSE,TRUE,FALSE,TRUE,Single Family,1958,995000,2020-06-02,6,2020,29,2,2,0,0,0,0,0,30056.4,2271,1.4666666666666668,7,1177,16,3,3,1,62
29349237,5957 Highland Hills Dr,78731,"Contemporary hilltop jewel box situated on natural wooded lot with privacy and wildlife. This is a .506 acre woodland sanctuary above Dry Creek with indigenous native trees including large black walnut trees. Recently renovated inside and out with architect designed full length deck, custom plasma cut rail screens and remote controlled louvered roof panels. Three porches are located off the Living/dining, kitchen/breakfast areas and 2nd living area that pull the outdoors in. There is an additional 351 sq.ft. workshop/studio off the carport with built-in cabinets, industrial sink and mini split heat and air conditioning. Solar roof panels have been installed and a roof access hatch. Located in the heart of central Austin",30.347660064697266,-97.75713348388672,2,FALSE,TRUE,FALSE,FALSE,Single Family,1973,799000,2018-06-29,6,2018,40,7,2,0,0,0,0,0,22215.6,2266,0.9333333333333332,7,1483,16,4,3,2,45
251029420,1821 W 39th St #A,78731,"Gorgeous Home in An Amazing A+ Location (Brykerwoods/Rosedale/Oakmont Heights area)! Purchased New in 2017 from Greater Austin Builders. 3 Stories of High End Finishes with 3 Bed/3.5 Bath in extremely well laid out plan with multiple outdoor patios. (Photos from Original 2017 listing)

Contact Craig Gilson, KW 512-803-3545 for more details and to arrange a Private Showing
",30.31196212768555,-97.7526626586914,1,TRUE,TRUE,FALSE,FALSE,Single Family,2016,795000,2020-05-26,5,2020,74,3,2,4,2,0,1,0,7000,1747,1.7,6,1196,16,4,3,3,4
29349724,6002 Mountain Villa Dr,78731,"Perched on a hilltop and secluded behind lush landscaping, 6002 Mountain Villa Drive delivers indoor and outdoor living spaces with room to stretch out. Southern exposure provides all-day natural light.  Modern design touches are featured throughout the home, including fabricated iron-work, designer tile, and smart home features.  Indulge in the master suite's black limestone floor, multifunction shower, Victoria-Albert soaking tub, and hansgrohe fixtures.",30.34761619567871,-97.77730560302734,2,FALSE,TRUE,FALSE,FALSE,Single Family,1988,860000,2020-06-02,6,2020,39,3,2,0,2,0,1,0,15681.6,3519,2.4,7,1177,16,4,4,2,32
121658216,5809 Westmont Dr,78731,"Clever spaces maximizing veiws from first and second levels are neutral & crisp.  Flooded w natural light from kitchen, dining & living. Updated appliances, smart kitchen cabinetry, lovely granite, & double sinks set off the kitchen creating a backdrop to the VIEWS! Large banks of windows pull the outdoors inside. Each bedroom is complete w oversized bath.  1 bedroom on main level and 2 upstairs w  secondary living area. Multi level decks. Timeless architecture at its best, the curb appeal is undeniable.",30.342079162597656,-97.76625061035156,2,FALSE,TRUE,FALSE,FALSE,Single Family,2013,850000,2020-07-08,7,2020,74,3,2,2,0,1,1,0,13939.2,3607,1.6333333333333335,7,1177,16,4,3,2,7
29347987,6008 Mountainclimb Dr,78731,"Completely remodeled in 2018! Scope includes: new solar, PVC plumbing, double-paned windows, mosquito repellent system, electrical system & breaker, HVAC system, recessed can lighting, paint, engineered wood flooring, and so much more! Kitchen features quartz counter tops, custom cabinets with pull out shelves, pot filler, Samsung appliances, & coffee bar. All bathrooms updated - two with heated bidet with touch-screen controls. New roof in 2014. Enjoy the private greenbelt view from heated/cooled enclosed patio - complete with hardwired TV connection & custom window.",30.34635925292969,-97.7645263671875,1,FALSE,TRUE,FALSE,TRUE,Single Family,1962,850000,2020-08-01,8,2020,118,3,2,2,0,0,0,0,12632.4,2069,1.7,7,1177,16,3,3,1,58
29344485,5314 Tortuga Trl,78731,"Create your own treasured memories in this traditional family home located in the coveted neighborhood of Mt. Bonnell Shores. First time on the market, this three bedroom and two and a half baths, featuring the master on the main level, allowing for privacy and separation. Upstairs has an additional two bedrooms with a Jack & Jill bathroom and partial lake views. Enhance the lower level to the ultimate indoor-outdoor retreat or separate guest quarters. The serene backyard is lush with large trees, and homeowners have access to their own private park on Lake Austin with a picnic area, playscape and swim dock. Conveniently located to Downtown, MoPac, and 360... opportunities like this do not last long!",30.335020065307617,-97.779266357421875,3,TRUE,TRUE,FALSE,FALSE,Single Family,1989,825000,2020-05-29,5,2020,97,2,3,1,2,0,0,0,10454,2705,2.233333333333333,7,1177,16,2,3,2,31
29341711,4516 Highland Ter,78731,"Sweet and lovingly cared-for home in great central Austin area. Walk able to the coming soon GROVE project at 45th and Bull Creek; near Metro, shopping, dining. Location provides easy commute into downtown from several different options.
 
Remodeled, gourmet kitchen features gas range, all wood cabinets, blue quartz counters, stainless steel appliances, handy storage solutions including open shelving and pantry closets with sliding shelves. 

NEW to home: 30 Year Roof (2019); Sewer Line to street (2018); Electrical (2017-18); Remodeled to the studs in both Bathrooms with updated plumbing and valves. European fixtures in kitchen and both baths. Tankless Waterheater (Spring 2018) is AMAZING.

Lots of special touches - including beautiful, original wood floors, crown molding, handy flex space/room, work shed with full electric capabilities, front porch with architect design features and backyard seating areas  with both permanent and all-weather shades. Outdoor shower and garden boxes with seasonal vegetables.
",30.321977615356445,-97.755340576171875,3,TRUE,TRUE,FALSE,TRUE,Single Family,1949,449900,2019-06-26,6,2019,24,5,3,3,0,0,0,0,6490,1418,1.2,7,1177,16,2,3,1,70
29341708,4522 Highland Ter,78731,"Gorgeous brand new build located in Central Austin. This smart home features designer finishes throughout with tons of luxury details.  Home features include: STC (sound transmission class) upgraded glass windows, pre-wired for security system & cameras, WIFI controls for irrigation, garage door opener & security system, WIFI/smart thermostats, spray foam insulation, tankless water heater, 2 AC's & furnace. Offers an office suite and bonus room in addition to 3 bedrooms. Please see attached docs for our full features list, design boards, and floorplan. Comes with builder warranty: 1-2-10.",30.32247543334961,-97.75536346435548,2,FALSE,TRUE,TRUE,FALSE,Single Family,2020,929900,2020-11-12,11,2020,43,5,3,3,1,0,0,0,5357,2279,1.1666666666666667,7,1177,16,3,4,1,0
29348197,5906 Mesa Dr,78731,"Gorgeous home w/ tons of curb appeal featuring fantastic open floor plan w/ tons of natural light, lots of storage space throughout including storage room in garage, large master suite w/ new marble floors, & loads of great finishes throughout. Western facing, covered deck overlooks pool & gorgeous Westlake hills views, perfect for relaxing or entertaining guests. Incredible location, easy access to Mopac, 2222, & just 10 minutes to UT & tons of great downtown shopping, restaurants, & entertainment.",30.34560775756836,-97.77220153808594,2,FALSE,TRUE,FALSE,TRUE,Single Family,1985,759900,2018-06-28,6,2018,38,3,2,0,0,0,0,0,12196.8,2500,2.033333333333333,7,1177,16,3,4,2,33
29348196,6000 Mesa Dr,78731,Another updated home in Northwest Hills of Austin by Otomi Remodeling!,30.34586334228516,-97.77220153808594,0,FALSE,FALSE,FALSE,FALSE,Single Family,1985,849000,2020-02-12,2,2020,27,4,1,3,1,0,0,0,12196.8,2233,2.033333333333333,7,1177,16,2,3,1,35
29341693,4603 Horseshoe Bnd,78731,"New Price!  This Central Austin mid-century home is walking distance to Highland Park Elementary, parks, retail and restaurants. Sitting on an over ½ acre tree-shaded lot, with street access from two sides of the property, there is ample room for an ADU or guest house while creating a spacious, park-like backyard.  The pool area (added in 2008) is gorgeous, with ipe deck and fencing surrounding a 50' lap pool to create a private and tree-shaded oasis.  The home has 3 spacious bedrooms + 2 bathrooms as well as a large laundry / utility room with lots of storage.  The master suite, completed in 2002, has dramatic vaulted ceilings and incredible natural light.  Privacy fences on three sides of the property offer seclusion and a sense of solitude, minutes from downtown or The Domain.",30.32413673400879,-97.756591796875,0,FALSE,FALSE,FALSE,FALSE,Single Family,1951,839000,2018-07-12,7,2018,38,2,1,0,0,0,0,0,22215.6,2259,1.1666666666666667,7,1177,16,2,3,1,67
29348187,6100 Mesa Dr,78731,"Beautifully situated on a corner lot in a cul-de-sac, this traditional home truly shines. Huge windows allow lots of light into spacious rooms with 10 Ft ceilings, hardwood floors, crown moldings & french doors throughout. Expansive kitchen overlooks a private patio, pool & spa with a covered patio and tons of room for entertaining. Each big bedroom has a full ensuite bathroom with updated marble surfaces & fixtures. The master suite has his & hers closets, a garden tub & walk-in shower, beautiful marble tiling and double vanities. The attached covered deck creates an extraordinary master retreat. The 2 car attached garage has a 500+ SF apartment above with utilities, perfect for guest room, office or play, ready for your finish out! Shady porches bring southern charm & overlook large side yard. Cedar closet, wet bar & pantry, utility room are all featured in this tremendous home, modeled after an 1840's old Texas mansion -- the attention to detail and comfort here is timeless.",30.34737968444824,-97.77191925048828,0,FALSE,FALSE,FALSE,FALSE,Single Family,1985,950000,2018-08-09,8,2018,30,5,1,0,0,0,0,0,13939.2,3440,2.0666666666666664,7,1177,16,5,4,2,33
29349685,5821 Mount Bonnell Rd,78731,"Cat Mountain with amazing views! Secluded .33 acre lot on 3 sides. Custom kitchen, granite with center island, stainless appliances, maple wood floors, crown molding, large family room, formal dining, plantation shutters, exceptional tile work throughout the house, a downstairs bedroom and full bath, master upstairs with large walk-in closet & balcony. Established oak trees throughout the yard, patio with koi pond & waterfall, wrought iron fence in back. Multiple Offers. Deadline to Submit 2/20 - 5:00pm.",30.34460067749023,-97.77897644042967,0,TRUE,FALSE,FALSE,FALSE,Single Family,1986,650000,2019-05-22,5,2019,1,4,1,0,0,0,0,0,14374.8,2468,2.4,7,1177,16,3,4,2,33
29348182,6005 Lonesome Valley Trl,78731,"Designed by Cornerstone Group Architects.  You'll have to see this gorgeous one owner 2-story home. Nestled on an oversized lot in the popular Northwest Hills neighborhood, you'll love everything this home offers inside and out. Enter to high ceilings, wood, tile, and carpet flooring, and tons of natural light throughout. Relax by the cozy fireplace in the main living area, overlooking the spacious kitchen complete with a breakfast bar, a large pantry, and a charming breakfast area. Head into the master suite to experience ultimate comfort with a walk-in shower, a double vanity, and a private sitting area. Upstairs, you can enjoy peace and quiet in the library/dedicated office space fitted with gorgeous built-in bookshelves and a wet bar. Spending time outdoors has never been so easy with balconies accessible from the office, and a covered patio and sun room/dining on the main floor. Just minutes away, enjoy a day on Lake Austin, or visit one of the nearby parks and greenbelts.",30.347206115722656,-97.77335357666016,0,FALSE,FALSE,FALSE,FALSE,Single Family,2001,789950,2019-02-07,2,2019,32,4,1,0,0,0,0,0,15681.6,2999,2.1333333333333333,7,1177,16,3,3,2,18
29348180,6001 Lonesome Valley Trl,78731,"6001 Lonesome Valley Trl, Austin, TX 78731 is a single family home that contains 3,726 sq ft and was built in 1993. It contains 5 bedrooms and 3 bathrooms. 
 
The Zestimate for this house is $1,096,208. The Rent Zestimate for this home is $4,950/mo.",30.346769332885746,-97.77313232421876,0,FALSE,FALSE,FALSE,FALSE,Single Family,1993,874900,2018-04-10,4,2018,1,0,1,0,0,0,0,0,15681.6,3726,2.1333333333333333,7,1177,16,3,5,1,25
29343177,3414 Spanish Oak Dr,78731,"Balcones Park gem offers turnkey, single story living at it's finest. Situated on a sprawling .34acre corner lot, this classic ranch home has been updated to perfection with a modern meets warm interior. A fabulous primary suite added in 2017 and designed by Tim Cuppett Architecture & Interiors provides an idyllic and private retreat complete with vaulted ceiling and spa-like marble bath. The stylish interior features plentiful built-ins, large picture windows, an open floor plan with a strong connection between indoor and outdoor spaces, and two sizable living areas that center around the chef's kitchen and breakfast bar. Outdoor entertaining is effortless in the park-like backyard complete with spacious patio addition and deck.",30.327810287475582,-97.76985931396484,2,FALSE,TRUE,TRUE,FALSE,Single Family,1952,1495000,2020-11-16,11,2020,19,4,2,3,1,0,0,0,14810.4,2466,1.6666666666666667,7,1177,16,3,4,1,68
29340384,1921 W 40th St,78731,"1921 W 40th St, Austin, TX 78731 is a single family home that contains 1,750 sq ft and was built in 1952. It contains 3 bedrooms and 2 bathrooms. 
 
The Zestimate for this house is $642,381. The Rent Zestimate for this home is $3,000/mo.",30.313396453857425,-97.75513458251952,0,FALSE,FALSE,FALSE,FALSE,Single Family,1952,350000,2019-05-30,5,2019,1,3,1,0,0,0,0,0,8276,1750,1.7666666666666668,6,1196,16,2,3,1,67
29349675,4503 Knap Holw,78731,"Stunning & spacious Cat Mountain home w/courtyard pool. Low maintenance lock & leave home w/ 3 outdoor patio areas to relax on. Loads of great finishes throughout. Chef's kitchen is open to the living and dining area, and a breakfast bar. Kitchen remodel in 2016 features Bosch appliances, gorgeous gray cabinets, and beautiful quartz countertops. Hardwood flooring throughout, installed in 2016. Upstairs has huge living area w/ 2 bedrooms and 3rd floor observatory has great panoramic views. Come & see!",30.34827041625977,-97.77775573730467,2,TRUE,TRUE,FALSE,FALSE,Single Family,1976,740000,2018-11-06,11,2018,40,4,2,0,0,0,0,0,4748,3287,2.433333333333333,7,1177,16,3,3,3,42
29349674,4505 Knap Holw,78731,"Lovely & Affordable opportunity to live in Cat Mountain & remodel to your taste. Well cared for by original owner. Hill Country views, pool, private courtyard, 2 master bedrooms, an abundance of closets/storage, 2 fireplaces, wet bar w/wine frig & tile roof. Improvements-Anderson windows in back of home just installed, 2 HVAC systems & water heaters ~10 years old. Kitchen updates inc. Granite counters, double oven/microwave, dishwasher. Also, Viking Range & Sub-0 Frig. Low tax rate. Highly rated schools.",30.34820556640625,-97.7779312133789,0,TRUE,FALSE,FALSE,TRUE,Single Family,1977,650000,2019-12-10,12,2019,38,4,1,1,1,0,2,0,6534,2438,2.433333333333333,7,1177,16,3,3,2,42
29348173,5901 Lonesome Valley Trl,78731,"5901 Lonesome Valley Trl, Austin, TX 78731 is a single family home that contains 3,613 sq ft and was built in 1993. It contains 4 bedrooms and 3.5 bathrooms. 
 
The Zestimate for this house is $961,859. The Rent Zestimate for this home is $4,400/mo.",30.34505653381348,-97.772705078125,0,FALSE,FALSE,FALSE,FALSE,Single Family,1993,850000,2019-06-28,6,2019,4,3,1,1,2,0,1,0,16988.4,3613,2.0666666666666664,7,1177,16,3.5,4,2,26
29345673,5801 Highland Hills Dr,78731,"Charming designer home in coveted Highland Hills on .2 acres. Stylish upgrades throughout include honed Carrara marble countertops, ebonized hardwood flooring, custom ceiling and light fixtures, and casement windows. Landscape lighting and irrigation system added to front yard; French drains and brick hardscape added to the backyard.",30.34119415283203,-97.75855255126952,2,FALSE,TRUE,FALSE,FALSE,Single Family,1968,450000,2020-07-26,7,2020,87,6,2,1,1,0,0,0,9147,2723,1.2666666666666666,7,1177,16,3,3,2,52
29343167,4507 Spanish Oak Ter,78731,"Remarkable fully renovated home in highly desirable Highland Park West, just minutes from Downtown Austin. Open floor plan filled w natural light, high-end finishes throughout. Designer flooring, paint colors & wall coverings. Great interior flow plus lots of outdoor space for relaxing & entertaining. The very private backyard features a heated salt water pool & spa; patio & decks; flat yard with area for play & pets. Many energy & water efficient features. To see, have your Realtor set up a showing appt.",30.32735824584961,-97.76747131347656,0,FALSE,FALSE,FALSE,FALSE,Single Family,1953,1250000,2019-03-12,3,2019,40,4,1,0,0,0,0,0,13503.6,2813,1.5666666666666664,7,1177,16,2,4,2,66
29346163,5817 Gentle Breeze Ter,78731,"5817 Gentle Breeze Ter, Austin, TX 78731 is a single family home that contains 2,869 sq ft and was built in 1998. It contains 4 bedrooms and 3 bathrooms. 
 
The Zestimate for this house is $949,849. The Rent Zestimate for this home is $3,954/mo.",30.343881607055664,-97.77205657958984,0,TRUE,FALSE,FALSE,FALSE,Single Family,1998,725000,2018-07-03,7,2018,27,3,1,0,0,0,0,0,10105,2869,2,7,1177,16,3,4,1,20
29348161,3900 Walnut Clay Dr,78731,"Multiple offers received. Final submissions requested by noon on Sunday, March 31st. Newly renovated Highland Hills beauty! White oak wood floors, crown molding, quartz countertops, abundant built-ins and all on a private 1/2 acre lot. Guest suite downstairs (or dedicated office) and Master plus three bedrooms up. Light-filled upstairs game room, stone exterior, 3-car garage, and gated flat driveway and side yard. Original owner and well-maintained. Excellent schools and location!",30.349321365356445,-97.7641372680664,0,FALSE,FALSE,FALSE,FALSE,Single Family,1997,875000,2019-04-12,4,2019,32,4,1,0,0,0,0,0,22215.6,3602,0.9333333333333332,7,1483,16,4,5,2,22
29345661,5717 Highland Hills Dr,78731,"4 bed/3 bath gem nestled on spacious corner lot in NW Hills. Home boasts beautiful updates while maintaining Mid-Century feel. Features include great floor-plan, open kitchen w/breakfast bar, formal dining, updated windows, custom built-in shelving, upgraded mud-room, 1-car garage & fully-fenced private yard to boot! Prime location, feeds into exemplary schools & just minutes from shopping & restaurants. Pride in ownership shows, view this special home!",30.33981132507324,-97.758453369140625,2,FALSE,TRUE,FALSE,FALSE,Single Family,1957,499000,2019-02-01,2,2019,27,3,2,0,0,0,0,0,12196.8,2644,1.2333333333333334,7,1177,16,3,4,1,62
29341712,4514 Highland Ter,78731,"Contact Geoff & Sarah Breneman 734-368-2767 or geoffbreneman@gmail.com for showings and information. 
Stunning newly renovated home in desirable Rosedale/Highland Park! Original hard wood floors, updated kitchen and bathroom w/ granite countertops, stainless appliances, and new cabinets w/ lots of space. Sunroom, office/den, new windows, a lot of natural light throughout, new sod/landscaping, cedar privacy fence around entire property, and large deck. 1900 sqft, corner lot w/ only one adjacent neighbor, and quiet location near MoPac. This home has so much charm and is priced to sell fast!",30.321807861328125,-97.75537109375,1,FALSE,TRUE,FALSE,FALSE,Single Family,1949,440000,2018-03-12,3,2018,3,5,2,0,0,0,0,0,6098,1536,1.2,7,1177,16,1,3,1,69
29346151,4408 Enclave Cv,78731,"Sitting on a heavily-treed lot, in a quiet cul-de-sac, this traditional home has room for everyone, yet still feels cozy & comfortable. It has the perfect floorplan for everyday living & special entertaining. The remodeled kitchen, breakfast room, & family room look out to the big, landscaped backyard with mature trees providing summer shade. All bedrooms are upstairs, along with the well-placed laundry closet. The master bedroom has a balcony, large walk-in closet, & elegant, remodeled bath. Located in now-central Austin, close to the best amenities Austin offers: fun restaurants, popular schools, 1 mile to Bright Leaf Nature Preserve, 8 Miles to Downtown, 10 miles to The Domain, 13 miles to Lakeway.",30.342056274414062,-97.776214599609375,0,FALSE,FALSE,FALSE,FALSE,Single Family,1993,795000,2019-10-11,10,2019,31,4,1,3,0,0,1,0,10236,2513,2.1666666666666665,7,1177,16,3,4,2,26
29410363,4504 Finley Dr,78731,"Charming move-in ready 1950âs bungalow in the heart of Austin. Original hardwood floors throughout living areas and bedrooms. Updated kitchen with marble countertops and cork flooring. Backyard features a covered patio, decking and ideal privacy. Amazing tress, bamboo privacy fence and lot location. Don't miss out on this Central Austin gem.",30.320899963378903,-97.75252532958984,2,FALSE,TRUE,FALSE,FALSE,Single Family,1952,354500,2020-08-20,8,2020,86,3,4,2,1,0,0,0,7056,1170,1.2,7,1177,16,1,2,1,68
29345651,5800 Trailridge Dr,78731,"Please don't let the cats outside-they are in garage.Gorgeous Central Austin home on huge lot w/stunning curb appeal. Large floor to ceiling windows bring in abundance of natural light. Spacious kitchen open to living area,oversized island featuring black honed granite, beautiful maple cabinets,s/s Kitchenaid appliances. Roomy master suite w/built ins & oversized walk in closet. The private backyard is phenomenal & features large Ipe deck suspended on steel frame w/wrap around custom designed fire pit.",30.340333938598643,-97.7571792602539,0,FALSE,FALSE,FALSE,FALSE,Single Family,1956,650000,2019-05-29,5,2019,29,3,1,0,1,0,0,0,10280,1913,1.1666666666666667,7,1177,16,2,3,1,63
29348147,3910 Glengarry Dr,78731,"Roomy (3,100+ sq ft) one story 4 bed, 3 bath, 3 living with split-level composite deck, pool and hill country views. Very flexible floorplan, two master bedrooms with good separation and living areas. Large office off laundry room with huge built-in desk and storage. Awesome street and very well maintained. Front landscape/entry remodel with gated and hard-scaped entry gate. Attic insulation/reflective barrier recently added.  100% stone exterior

Neighborhood Description

Very friendly street, home has easy access to 2222, nice hill view of Edwards Mountain area",30.344417572021484,-97.767181396484375,0,FALSE,FALSE,FALSE,TRUE,Single Family,1981,1099999,2019-09-06,9,2019,32,4,1,2,1,0,2,0,10672,3148,1.7666666666666668,7,1177,16,3,4,1,38
29410359,4600 Finley Dr,78731,"4600 Finley Dr, Austin, TX 78731 is a single family home that contains 1,619 sq ft and was built in 1953. It contains 3 bedrooms and 2 bathrooms. 
 
The Zestimate for this house is $778,674. The Rent Zestimate for this home is $3,200/mo.",30.321517944335938,-97.75213623046876,1,FALSE,TRUE,FALSE,FALSE,Single Family,1953,559900,2019-10-28,10,2019,1,5,2,2,3,0,1,0,6534,1619,1.1333333333333333,7,1177,16,2,3,1,66
29344476,5402 Mountain Cedar Cv,78731,"Ideally located on a quiet cul-de-sac, this large 4 bedroom home in the close-in neighborhood of Mount Bonnell Shores is ready for updates. The sprawling floor plan has 3 living areas including family, formal living and a flex room off the kitchen. The master and a guest bedroom are on the main floor with 2 additional bedrooms with ensuite baths upstairs. A large pool, tiered deck, and terraced backyard make an inviting and tranquil atmosphere for entertaining. Ownership also provides access to a fabulous private park on Lake Austin with swim dock, picnic tables, wet weather creek and hiking trail.",30.336322784423828,-97.7800521850586,0,TRUE,FALSE,FALSE,FALSE,Single Family,1984,749000,2018-07-16,7,2018,50,0,1,0,0,0,0,0,11761.2,3059,2.333333333333333,7,1177,16,4,4,2,34
29348143,3911 Dry Creek Dr,78731,"Stunning Northwest Hills designer restoration ~ Gorgeous chef's kitchen w/ skylit vaulted ceiling features Natural birch and plywood cabinets, GE Monogram appliances, Aggranite quartz countertops, central island & adjacent peninsula w/ bar seating ~ Beautiful 5"" natural hickory engineered hardwood floors ~ Fantastic master bathroom w/ walk-in shower, Toto rain head & hand wand fixtures ~ New Marvin Essential Ultrex fiberglass windows, 30-yr architectural roof & smooth level 5 drywall finish",30.34469223022461,-97.76703643798828,2,FALSE,TRUE,FALSE,FALSE,Single Family,1985,850000,2020-07-13,7,2020,44,6,2,0,1,0,1,0,10890,2132,1.7666666666666668,7,1177,16,3,3,2,35
29348141,3915 Dry Creek Dr,78731,"Stunning NW Hills designer remodel by Cedar and Oak Homes ~ Wonderful open & bright concept w/vaulted ceilings & formal dining room ~ Gorgeous kitchen features custom wood cabinetry, quartz countertops, double pantry, custom built-in breakfast nook and KitchenAid appliances ~ Beautiful oak engineered hardwood flooring throughout ~ Spacious Master bedroom with fantastic master bathroom ensuite ~ All new exterior Hardie Plank siding, Elevate Low-E windows, mechanical systems & fantastic new landscaping",30.34510612487793,-97.767425537109375,2,FALSE,TRUE,FALSE,FALSE,Single Family,1984,975000,2020-05-07,5,2020,39,4,2,0,1,0,1,0,10759,2746,1.7666666666666668,7,1177,16,3,5,2,36
29344141,3400 Perry Ln,78731,"Located in the heart of Central Austin, this single-story, three-bedroom, two and 1/2 bath home offers a great floor plan. Two generous sized living areas both have fireplaces and one features high ceilings, dormer windows, and french doors for wonderful light. Additional live/work spaces include a cozy library/study and a mudroom/home office. Besides the indoor space, one of the most-coveted features is the generously sized corner lot. Situated on .74-acres and set back high from the street, one can envision flag football games, owners playing with their children and pets, and moments of sipping your morning coffee or after-work relaxing on the front porch. Majestic oak trees provide a feeling of nature even though you are in the middle of Austin. In the lush backyard, enjoy grilling and hanging out on the back patio - there's even room to add a pool/spa. The primary bedroom has an en-suite bathroom and a beautiful, large walk-in closet. Great schools, fun nearby restaurants, and convenient location heighten the appeal. Move in 'as is' or bring your creativity to remodel and create your perfect home in a park-like setting.",30.329721450805664,-97.7651596069336,2,FALSE,TRUE,TRUE,FALSE,Single Family,1951,1075000,2020-10-19,10,2020,80,2,2,0,1,0,0,0,32234.4,2996,1.366666666666667,7,1177,16,3,3,1,69
29342639,4808 Westfield Dr,78731,"4808 Westfield Dr, Austin, TX 78731 is a single family home that contains 1,134 sq ft and was built in 1953. It contains 3 bedrooms and 1 bathroom. 
 
The Zestimate for this house is $390,712. The Rent Zestimate for this home is $1,950/mo.",30.326175689697266,-97.755279541015625,0,FALSE,FALSE,FALSE,FALSE,Single Family,1953,199900,2018-08-30,8,2018,1,1,1,0,0,0,0,0,9583,1134,1.0666666666666669,7,1177,16,1,3,1,65
249889637,3907 Dry Creek Dr,78731,"Perfectly placed in central Austin, this 2-story home comes w/ soaring ceilings & sweeping vistas, enjoyable by bountiful windows & inviting balconies. Kitchen boasts stellar center island, modern vent hood & accent lighting - a chef's dream! Snuggle up indoors w/ the home theater or roast s'mores out back! Private backyard oasis incl. huge deck & hot tub - ideal for entertaining! Spacious, versatile driveway allows easy reverse & forward drive onto street. Explore nature & the city via 2222, 360 & Mopac!",30.34438705444336,-97.76663970947266,0,FALSE,FALSE,TRUE,FALSE,Single Family,1984,679900,2020-03-06,3,2020,36,3,1,1,1,0,0,0,10890,2831,1.7333333333333334,7,1177,16,3,4,2,36
249911341,2804 W 44th St,78731,"Classic Central Austin compound perfectly set up for today's live/work challenges.  Property comprised of 3/2 main house, 1/1 guest house w/attached conditioned storage & Kanga studio(sqft not included). Huge backyard (.24ac) with plenty of room for expansion. Numerous upgrades by current owners, see attachments. Zoned to Highland Park/Lamar/McCallum.  Guest house 39k STR rev 2019, furnishings could convey. Mask up!",30.3201904296875,-97.754486083984375,0,FALSE,FALSE,FALSE,FALSE,Single Family,1948,789000,2020-09-22,9,2020,30,3,0,2,2,0,1,0,10759,1756,1.2333333333333332,7,1177,16,2,4,1,72
29342972,5017 Highland Ct,78731,"Stunning Mid-Century ranch home in Highland Park West! Remodeled to the studs in '11. Soaring ceilings, abundant natural light, & open living/dining/kitchen great room. Chef's kitchen with quartz countertops, stainless appliances, & center island. Woven bamboo, travertine, & marble flooring- no carpet! Spacious owner's suite with sitting area & incredible spa-like en suite bath. Murphy bed in 3rd bedroom conveys! Two blocks to award winning Highland Park Elementary.  See Updates list in docs.",30.330411911010746,-97.75624084472656,2,FALSE,TRUE,FALSE,TRUE,Single Family,1955,579900,2019-09-30,9,2019,24,5,2,0,0,0,0,0,7728,1992,1,7,1177,16,2,3,1,64
29405973,4107 Jefferson St,78731,"Spacious home in serene setting on large, Shoal Creek lot in Ridgelea.  Hardwood floors, fireplace w/ stone surround, formal dining w/ lofted ceiling, chef's dream kitchen: Wolf 48' double oven range, large island w/ prep sink, solid surface ctr., bay window, huge pantry, reclaimed cherry floors/barn door, spacious master: tons of closet space, his/her sinks, ""safe"" closet, 2nd living upstairs, great outdoor spaces for entertaining: custom pizza oven & cowboy grill, mega decking, fenced yard.",30.31474685668945,-97.74944305419922,5,FALSE,TRUE,TRUE,FALSE,Single Family,1948,899000,2018-07-17,7,2018,40,5,3,0,0,0,0,0,10628,2296,1.9333333333333331,6,1196,16,2,3,2,70
29345637,5800 Highland Hills Dr,78731,"Immaculately well kept 3 bedroom home loaded with custom features! The gorgeous kitchen boasts granite counters, tile back splash and stainless steel appliances. The stained concrete flooring is easy care and beautiful! The family room boasts french doors and a nice wood burning fireplace. Tha master bedroom has french doors leading to the back patio for privacy. Located just minutes from Mopac and 2222, this location is easy access to downtown or north Austin.",30.34100914001465,-97.75916290283205,2,FALSE,TRUE,FALSE,FALSE,Single Family,1957,425000,2019-10-07,10,2019,33,4,2,1,1,0,1,0,13939.2,1745,1.3,7,1177,16,2,3,1,62
29348135,4009 Firstview Dr,78731,"4009 Firstview Dr, Austin, TX 78731 is a single family home that contains 3,143 sq ft and was built in 1981. It contains 4 bedrooms and 3 bathrooms. 
 
The Zestimate for this house is $974,833. The Rent Zestimate for this home is $4,400/mo.",30.34730339050293,-97.76940155029295,0,FALSE,FALSE,FALSE,TRUE,Single Family,1981,850000,2019-12-20,12,2019,35,5,1,2,0,0,1,0,12632.4,3143,1.9666666666666663,7,1177,16,3,4,2,38
29350127,6302 Bon Terra Dr,78731,"Wonderful Soft contemporary in a wooded setting. Beautiful landscaping, very private with large trees. Master on the main level. Wonderful living with 18' ceilings. Minutes to downtown and University of Texas. Great kitchen with a sunny breakfast area.",30.34999847412109,-97.76781463623048,2,FALSE,TRUE,FALSE,FALSE,Single Family,1984,650000,2019-03-06,3,2019,32,3,2,0,0,0,0,0,11761.2,2365,2,7,1177,16,3,3,2,35
29345627,5803 Trailridge Cir,78731,"1950's classic single story home in Highland Hills. This 2,422 sq ft, 3 bed 2 bath in main house & separate garage studio w/ full bath & kitchenette has original fixtures. This open floor plan is ready for someone to put their own personal touch or renovation. Located on a quiet cul-de-sac;expansive .29 acre lot is a great space for kids & pets to run & play. Zoned in sought after Highland Park elementary. Covered front & back porch provides shade on hot days & is perfect for relaxing or entertaining.",30.340251922607425,-97.756134033203125,4,FALSE,TRUE,FALSE,FALSE,Single Family,1956,589000,2018-07-25,7,2018,30,2,3,0,0,0,0,0,12632.4,2422,1.1666666666666667,7,1177,16,2,3,1,62
29348123,6203 Bon Terra Dr,78731,"6203 Bon Terra Dr, Austin, TX 78731 is a single family home that contains 2,984 sq ft and was built in 1984. It contains 4 bedrooms and 3 bathrooms. 
 
The Zestimate for this house is $1,219,603. The Rent Zestimate for this home is $4,200/mo.",30.348791122436523,-97.76594543457033,0,FALSE,FALSE,TRUE,FALSE,Single Family,1984,960000,2019-06-28,6,2019,1,0,1,0,0,0,0,0,16552.8,2984,1.8666666666666665,7,1177,16,3,4,3,35
29343121,3318 Perry Ln,78731,"Charming, rancher located 5 miles from downtown Austin in Highland Park West.  4 bedrooms - 2 with en-suite bathrooms.  Large mudroom/office with storage and laundry room. 2 living areas - one is a bright and airy sun room with large windows.  The master bedroom is private - separate from the other 3 bedrooms. Original hardwood floors, are in 1 living area, hallway and 2 bedrooms. Large pool and plenty of room in backyard with oak trees. Walking distance to Highland Park Elementary!",30.329063415527344,-97.762847900390625,2,FALSE,TRUE,FALSE,FALSE,Single Family,1952,1000000,2020-08-18,8,2020,61,4,2,2,3,0,2,0,16988.4,2886,1.2666666666666666,7,1177,16,3,4,1,68
29350120,3913 Walnut Clay Dr,78731,"NEW PRICE--This is THE ideal modern family floor plan--4 Bed/4 BA in main part of house and a fifth 1/1 with its own entrance--a private office suite or guest quarters--your choice!! On a large double lot with a lush wooded greenbelt surrounding. Centrally located on a a quiet street in Northwest Hills, the home has everything for new owner--  style, quality materials and green features normally found only in recent construction-- tankless water heaters, high efficiency HVAC, energy-saving solar panels",30.349706649780284,-97.76557159423828,0,FALSE,FALSE,TRUE,TRUE,Single Family,1988,1100000,2019-05-22,5,2019,24,8,1,0,2,0,0,0,26571.6,3544,0.9333333333333332,7,1483,16,6,5,2,31
29348108,6002 Marquesa Dr,78731,"Beautiful Northwest Hills brick home overlooking a quiet tree-lined street. Flexible layout with soaring ceilings, architectural details, and thoughtful designer touches. Grand entry with oversized New-Orleans-style double doors and staircase. The upper level includes an open kitchen/dining/living area with a wall of oversized windows with transoms overlooking the backyard deck and outdoor entertainment area. Large kitchen with eat-in breakfast bar. Generously-sized master suite with sitting area, his & her closets, claw-foot soaking tub, and dual vanities. Downstairs are 3 additional bedrooms, 2 full baths, a dedicated laundry room, and a cozy family room as well as access to the 2-car garage with separate entry. Wood and hard tile floors throughout - no carpet. Recent interior paint. Less than 2 miles from Mt. Bonnell and Brightleaf Preserve. Zoned for sought after AISD schools. Close to major employers. 15 minutes from downtown and 20 minutes to Domain shopping and dining.",30.34541130065918,-97.7664566040039,0,FALSE,FALSE,TRUE,FALSE,Single Family,1993,795000,2019-12-17,12,2019,39,4,1,1,1,0,1,0,10628,3136,1.7666666666666668,7,1177,16,4,4,2,26
29345605,5507 Caprice Dr,78731,"5507 Caprice Dr, Austin, TX 78731 is a single family home that contains 2,226 sq ft and was built in 1956. It contains 3 bedrooms and 2 bathrooms. 
 
The Zestimate for this house is $980,424. The Rent Zestimate for this home is $3,000/mo.",30.33955764770508,-97.76171112060548,2,FALSE,TRUE,FALSE,FALSE,Single Family,1956,967000,2020-08-13,8,2020,81,2,2,1,2,0,3,0,10802,2226,1.3666666666666665,7,1177,16,2,3,1,64
29343105,3307 Big Bend Dr,78731,"Charming brick home on a large, tree-covered flat lot with covered deck.  Wood floors, windows and retro tile baths. Possibilities abound from a little updating to a total remodel! Established trees line winding street in lovely neighborhood. Walk to Highland Park Elementary and Russell's Bakery!  Centrally located with easy access to downtown, north Austin business district, UT, dining, recreation and shopping.",30.329120635986328,-97.76155853271484,0,FALSE,FALSE,FALSE,FALSE,Single Family,1951,650000,2019-05-31,5,2019,25,1,1,0,0,0,0,0,19602,1524,1.1666666666666667,7,1177,16,2,3,1,68
29349604,4805 Fern Holw,78731,"Wonderful home on cul-de-sac in Cat Mountain Villas. Silestone counters and stainless steel appliances in kitchen. Open floor plan with lots of light. Soaring ceilings and fireplace in large family room. Master suite on main floor featuring a fireplace, double vanity, jetted tub, separate shower, and separate entrance to beautiful shaded backyard deck. Plantation shutters throughout downstairs. 3 spacious bedrooms upstairs, one with jack-n-jill bath.",30.34655952453613,-97.781402587890625,2,TRUE,TRUE,FALSE,TRUE,Single Family,1984,349900,2018-03-05,3,2018,24,3,2,0,0,0,0,0,6403,2701,2.6,7,1177,16,4,4,2,34
29348102,6100 Marquesa Dr,78731,"6100 Marquesa Dr, Austin, TX 78731 is a single family home that contains 2,463 sq ft and was built in 1983. It contains 3 bedrooms and 3 bathrooms. 
 
The Zestimate for this house is $782,705. The Rent Zestimate for this home is $3,195/mo.",30.34687805175781,-97.76615142822266,2,FALSE,TRUE,FALSE,FALSE,Single Family,1983,675000,2018-10-18,10,2018,1,6,2,0,0,0,0,0,13068,2463,1.8,7,1177,16,3,3,2,35
29344101,4905 Beverly Hills Dr,78731,"4905 Beverly Hills Dr, Austin, TX 78731 is a single family home that contains 2,045 sq ft and was built in 1956. It contains 3 bedrooms and 2 bathrooms. 
 
The Zestimate for this house is $941,867. The Rent Zestimate for this home is $3,600/mo.",30.335289001464844,-97.76744079589844,2,FALSE,TRUE,FALSE,TRUE,Single Family,1956,799000,2019-10-25,10,2019,1,3,2,2,3,0,1,0,13939.2,2045,1.5333333333333332,7,1177,16,2,3,1,63
29348100,6011 Bon Terra Dr,78731,"Tree House living with a low maintenance yard. Lovely one level home on a beautiful lot with large deck for outdoor living. Large oak trees for lots of privacy. Bonus area is the basement living with kitchen and full bath. Window unit. Perfect for workshop, extended family and kids! Not in footage. Living open with high ceiling. Nice bright kitchen with breakfast area. Lots of windows. Great neighborhood for walking or biking. Minutes to downtown Austin and University of Texas.",30.3468017578125,-97.76659393310548,0,FALSE,FALSE,FALSE,FALSE,Single Family,1982,639900,2019-09-20,9,2019,25,5,1,0,0,0,0,0,12632.4,2002,1.8,7,1177,16,4,3,1,37
29349599,4802 Fern Holw,78731,"Modern with an 80's architectural flare this home located in beautiful Northwest Hills! A newly remodeled home featuring the perfect blend of functional living and urban design. Upgrades include white oak flooring and modern fixtures throughout. The luxury kitchen impresses with black stainless steel appliances, and sleek quartz countertops. The master bedroom features a bonus room with a gorgeous glass enclosed stand-up shower, freestanding tub and modern fixtures.",30.347171783447266,-97.78154754638672,2,TRUE,TRUE,FALSE,FALSE,Single Family,1984,785000,2020-05-29,5,2020,28,3,2,2,1,0,0,0,8407,2565,2.6,7,1177,16,3,3,2,36
29349334,3607 Laurel Ledge Ln,78731,"3607 Laurel Ledge Ln, Austin, TX 78731 is a single family home that contains 3,369 sq ft and was built in 1972. It contains 4 bedrooms and 5 bathrooms. 
 
The Zestimate for this house is $1,292,381. The Rent Zestimate for this home is $4,995/mo.",30.346532821655284,-97.76065826416016,0,FALSE,FALSE,FALSE,FALSE,Single Family,1972,1280000,2020-06-01,6,2020,40,4,0,2,1,0,1,0,18730.8,3369,1,7,1483,16,5,4,2,48
29340308,3903 Petes Path,78731,"Stunning pool home by Paradisa Homes features a wide-open floor plan, flooded with natural light. Entertainer's dream with wall of windows overlooking the fun in the pool. Gourmet chef's kitchen with Sub-Zero fridge, Thermador appliances, quartz counters, under-cabinet LED lighting and pot filler. Inviting 12' Fleetwood door incorporates the outdoor covered patio and pool into the living space. Full smart home technology, pre-wired for surround sound, cameras, and security.  Ready for September.",30.311235427856445,-97.75003814697266,0,FALSE,FALSE,FALSE,FALSE,Single Family,2019,1250000,2019-08-01,8,2019,2,2,1,1,2,0,0,0,6664,2509,1.7333333333333334,6,1196,16,3,3,2,0
29345599,5605 Ridge Oak Dr,78731,"5605 Ridge Oak Dr, Austin, TX 78731 is a single family home that contains 2,154 sq ft and was built in 1962. It contains 4 bedrooms and 2 bathrooms. 
 
The Zestimate for this house is $816,535. The Rent Zestimate for this home is $2,950/mo.",30.339080810546875,-97.76065826416016,0,FALSE,FALSE,FALSE,FALSE,Single Family,1962,725000,2019-12-17,12,2019,1,0,1,0,0,0,0,0,13939.2,2154,1.3,7,1177,16,2,4,2,57
29345592,3509 Lakeland Dr,78731,"Mid century modern home with easy access to MoPac. A blank canvas in a highly desired neighborhood, and ready for someone to put heir own personal touches on it. Highland Park Elementary. You'll love the private, serene outdoor courtyard with your morning coffee or a gathering of friends. Backs to a wooded tract with beautiful adult trees. Come see it today!",30.33938217163086,-97.760406494140625,2,FALSE,TRUE,FALSE,FALSE,Single Family,1954,500000,2019-01-31,1,2019,28,3,2,0,0,0,0,0,9016,1248,1.2666666666666666,7,1177,16,2,2,1,65
29344090,4901 Beverly Skyline,78731,"Sited in a culdesac with panoramic views of the Brightleaf Preserve, a protected greenbelt.Built in 2001 & designed by Barley Pfeiffer Architects, this home features two master suites,one up & one down,bamboo flooring,a cook's kitchen,central vac system,fitness room,workshop,open floor plan with high ceilings,covered Ipe deck & a gazebo & pool.Metal roof with solar panels,save 25% to 30% on utilities! Minutes to downtown & UT. Larger than tax records -Approx 4469 sq ft as per builder floor plans.",30.33468818664551,-97.76722717285156,0,FALSE,FALSE,FALSE,TRUE,Single Family,2001,1250000,2019-10-01,10,2019,1,2,2,0,0,0,0,0,14810.4,1911,1.5333333333333332,7,1177,16,2,2,3,18
29343088,5002 Balcones Dr,78731,"Mid Century updated in 2004 on an over-sized lot. Master suite with fireplace, steam shower, and walk-in closet. Kitchen has stainless appliances and granite counters. Backyard filled with trees and Kanga shed ready for conversion. Great location with a park across the street and a great bakery just around the corner.",30.33268165588379,-97.76140594482422,2,FALSE,TRUE,FALSE,TRUE,Single Family,1951,663600,2019-01-18,1,2019,74,4,3,0,0,0,0,0,15681.6,1715,1.1333333333333335,7,1177,16,2,3,1,68
29341117,3705 Bonnell Dr,78731,"Located on a quiet cul-de-sac with Mount Bonnell just steps away, this home offers the perfect opportunity to bring your architect, customize and create. Tremendous value for a large, versatile lot with downtown views and easy access to major employers and Lake Austin.",30.31922912597656,-97.771820068359375,4,FALSE,TRUE,FALSE,TRUE,Single Family,1981,995000,2019-10-18,10,2019,27,6,2,2,0,0,0,0,19602,3418,2,7,1298,16,4,4,2,38
29343087,5004 Balcones Dr,78731,"City Life at its best in desirable Highland Park West. Designer details throughout this spacious home with downtown views. Two master suites-one up and one downstairs. Modern kitchen featuring sleek cabinetry, gas range, large island and who wouldn't love watching dishes as you look out through the picturesque window? Three bedrooms down with office that could be additional guest room. French doors leading to backyard. Large master suite down features claw tub, seamless shower, marble dual vanities, modern fixtures and walk-in closet. No carpet downstairs, just beautiful hardwood floors and designer tile. Upstairs you'll find a game room and another spacious master retreat. Both open up to deck overlooking downtown city views. Huge fenced in yard with lots of greenery and trees will make your evenings a joy to relax in. Tankless water heater, new sprinkler system and newer roof.",30.33273506164551,-97.76109313964844,4,FALSE,TRUE,TRUE,TRUE,Single Family,1955,1045000,2020-06-10,6,2020,56,6,2,0,0,0,0,0,13939.2,3498,1.1333333333333335,7,1177,16,4,4,2,65
2128691779,3810 Petes Path,78731,"Modern environmentally conscious home in the heart of central Austin. Minutes from the new Grove. Stucco and glass architecture. Floor to ceiling windows. Stunning neighborhood views. 10ft.+ ceilings. Sliding glass doors. Composite patio. Refinished concrete floors downstairs, bamboo floors upstairs. Stainless steel appliances in kitchen with custom Carrara Marble backsplash. Extra large Silestone Island. Many custom touches in this single owner dwelling. Furniture, art and fixtures negotiable.",30.31074333190918,-97.75067138671876,2,FALSE,TRUE,FALSE,TRUE,Single Family,2007,1150000,2020-07-31,7,2020,31,6,2,0,2,0,0,0,10079,2529,1.6333333333333335,6,1196,16,3,4,1,13
29348081,6209 Edwards Mountain Cv,78731,"Posh updates and panoramic views in desirable Edwards Mountain! Large first floor has vaulted ceilings, open concept and loads of natural light. First floor living spills out onto expansive deck, perfect for grilling on breezy summer nights. Master bedroom on first floor has oversized walk-in closet and electric black-out shutters. Two upstairs bedrooms share small lofted living room which opens to lower level. Backyard is tiered and backs to greenbelt with room for pool and mosquito misting system.",30.34835433959961,-97.76824188232422,2,TRUE,TRUE,FALSE,FALSE,Single Family,1995,1250000,2020-08-31,8,2020,27,3,2,1,0,0,2,0,13503.6,2986,1.9333333333333331,7,1177,16,3,4,2,25
29341096,3911 Balcones Dr,78731,"Rare ranch Style home with three bedrooms and two baths sits on top of a hill overlooking a large wooded lot. A large porch for morning coffee or evenings.  Updated kitchen complete with double ovens and stainless appliances. Two islands and a breakfast bar.  High ceilings in the living room lends itself to a wonderful entertaining space. Located minutes from downtown and in Casis Elementary, O'Henry middle school and Austin High schools. Central Austin living at its best.",30.3193416595459,-97.76593780517578,0,FALSE,FALSE,FALSE,FALSE,Single Family,1959,1495000,2019-05-31,5,2019,38,0,1,0,0,0,0,0,42688.8,2568,1.9666666666666668,7,1298,16,2,3,1,60
29346465,4608 Eby Ln,78731,"4608 Eby Ln, Austin, TX 78731 is a single family home that contains 2,623 sq ft and was built in 1985. It contains 3 bedrooms and 3 bathrooms. 
 
The Zestimate for this house is $777,046. The Rent Zestimate for this home is $3,079/mo.",30.33893775939941,-97.77977752685548,0,TRUE,FALSE,TRUE,FALSE,Single Family,1985,625000,2018-07-10,7,2018,1,5,1,0,0,0,0,0,6969,2623,2.3000000000000003,7,1177,16,3,3,1,33
58298078,4505 Tortuga Cv,78731,"4505 Tortuga Cv, Austin, TX 78731 is a single family home that contains 2,588 sq ft and was built in 1989. It contains 4 bedrooms and 3 bathrooms. 
 
The Zestimate for this house is $961,991. The Rent Zestimate for this home is $4,200/mo.",30.337968826293945,-97.7782211303711,0,TRUE,FALSE,FALSE,FALSE,Single Family,1989,779000,2019-04-19,4,2019,26,4,1,0,0,0,0,0,6969,2588,2.233333333333333,7,1177,16,3,4,2,30
29345576,3514 Lakeland Dr,78731,"Stunning Highland Park showplace, just off 2222/Mopac! 

Substantially remodeled with beautiful, rich maple flooring, updated chef's kitchen has Dacor appliances, granite countertops, and a sweet breakfast area with lots of light from large windows. Door off kitchen to the oversized back patio. 
Large formal dining room, and spacious living room with fireplace. 
Fabulous backyard with ""cocktail pool"" for poolside lounging and entertaining around the awesomely abundant patio space. 
This is the home you have been searching for!",30.34013366699219,-97.76038360595705,2,FALSE,TRUE,FALSE,FALSE,Single Family,1954,575000,2018-12-18,12,2018,29,4,3,0,0,0,0,0,9801,1779,1.3,7,1177,16,2,3,1,64
29341759,4504 Bull Creek Rd,78731,"Gorgeous move in ready home. Brand new HVAC, New Roof, New Yard, Stainless appliances, Smooth finish walls, recessed can lighting, high end counters, custom design elements in every room and bathroom to include custom light fixtures, custom tile, custom mirrors, wood floors throughout house, no carpet, Tankless water heater, new energy efficient windows. As close to a brand new home as possible. This completely custom home will not last long!!!",30.32123947143555,-97.75342559814452,2,FALSE,TRUE,FALSE,TRUE,Single Family,1958,776000,2018-10-02,10,2018,23,1,2,0,0,0,0,0,9583,2036,1.1666666666666667,7,1177,16,3,4,1,60
29343063,4703 Balcones Dr,78731,"Exceptional home in West Austin, You'll need to look no further! It will be love at first sight! Almost half acre! Landscaped! Enormous trees! Great Schools. Easy Access!",30.32999610900879,-97.76404571533205,0,FALSE,FALSE,FALSE,FALSE,Single Family,1951,645000,2020-03-19,3,2020,1,0,1,0,0,0,0,0,20473.2,2622,1.3333333333333333,7,1177,16,3,4,1,69
29348059,4005 Glengarry Dr,78731,"Alan Muskin Custom built for/by current owners in 1998 - lovingly maintained and ready for buyers' updating.  Open floor plan can accommodate a crowd and is perfect for entertaining. The high ceilings and natural light give the home a spacious feeling. The master suite is conveniently located downstairs away from the public areas and overlooks the backyard. 4 beds upstairs & 2ba -1ensuite bed & bath. Bring your imagination, your design ideas, and your hopes and dreams for this spacious, gracious home",30.34639358520508,-97.76823425292967,0,TRUE,FALSE,FALSE,FALSE,Single Family,1998,814500,2019-11-22,11,2019,10,3,1,0,0,0,0,0,16117.2,3502,1.866666666666667,7,1177,16,4,5,2,21
29344059,5101 Balcones Dr,78731,"Save time!  Minutes to Downtown or the Domain, this home is located on a large lot in the convenient Highland Park West neighborhood.  Built in 1950 and remodeled in 2001 with most of the original hardwood floors intact, the 1,200+ sq ft home includes 2 living areas adjoining the open kitchen with an eat-in bar, 3 nicely sized bedrooms, and 2 updated bathrooms.  One room features an impressive cedar vaulted ceiling, abundant natural light, and full bathroom.  Mature hedges, trees, and fencing add privacy.  Enjoy the outdoor spaces from the front porch or the covered deck with stereo system in the backyard.  A separate unit provides extra storage, as does the attached one-car garage.  A large driveway provides additional off-street parking.  You'll appreciate the high SEER double pane windows and energy efficient insulation.  Explore this beautiful old Austin neighborhood with bike lanes and sidewalks to parks, Mt. Bonnell, Russell's Bakery, Chez Zee, Starbucks, Randall's and more.",30.33320999145508,-97.76001739501952,0,FALSE,FALSE,FALSE,FALSE,Single Family,1950,425000,2019-04-30,4,2019,40,2,1,0,0,0,0,0,8973,1231,1.1,7,1177,16,2,3,1,69
29343059,4515 Balcones Dr,78731,"Amazing split level mid-century modern in Balcones Park!  Designed and custom built by owner / architect Barton Riley in 1960, this home features clerestory windows, vaulted wood ceilings with exposed beams, interior stone accent walls, and concrete cantilevered hearth at fireplace.  Gourmet kitchen with stainless appliances, quartz counters and marble backsplash. Three living areas. Southern Cal style landscaping on large 1/2 acre lot.",30.327699661254886,-97.7662124633789,2,FALSE,TRUE,FALSE,FALSE,Single Family,1960,1295000,2019-10-18,10,2019,32,7,2,1,0,0,0,0,21780,2762,1.4666666666666668,7,1177,16,3,3,2,59
29343056,4509 Balcones Dr,78731,"One-of-a-kind midcentury modern home designed & lived in by architect, David Graeber. The large windows let in amazing light & highlight the deck w/ its pool & hot tub. Throughout, there are custom glass doors & screens that fold back to take advantage of the cross breeze. The kitchen has modern stainless cabinetry & butcher block counters along with SS appliances. The master suite features custom shoji screens, granite tile & counter, and access to balconies & the deck area.  A special Austin treasure.",30.32646942138672,-97.76616668701172,0,FALSE,FALSE,TRUE,FALSE,Single Family,1959,1000000,2019-10-31,10,2019,40,4,1,2,1,0,1,0,30056.4,1818,1.5,7,1177,16,2,3,1,60
29349550,4821 Twin Valley Dr,78731,"Tucked beneath a canopy of outstretched live oaks with private backyard pool and views of the green hillside, this home is the perfect retreat at the end of your day. Relax on the expansive deck with your morning coffee or evening wine. In the colder months, move inside next to the stone fireplace without losing the views. Private master suite on its own floor with its own hillside views, separate tub and shower and large walk-in closets. Plantation shutters. Built-ins and lots of storage. Two-car garage.",30.34956359863281,-97.78182220458984,0,TRUE,FALSE,FALSE,FALSE,Single Family,1979,650000,2018-10-27,10,2018,33,1,1,0,0,0,0,0,13503.6,2699,2.7,7,1177,16,3,4,2,39
29405981,4100 Idlewild Rd,78731,"4100 Idlewild Rd, Austin, TX 78731 is a single family home that contains 1,482 sq ft and was built in 1949. It contains 3 bedrooms and 2 bathrooms. 
 
The Zestimate for this house is $742,222. The Rent Zestimate for this home is $2,929/mo.",30.31401443481445,-97.75108337402344,1,FALSE,TRUE,FALSE,FALSE,Single Family,1949,508000,2018-07-21,7,2018,1,2,3,0,0,0,0,0,7840,1482,1.8666666666666665,6,1196,16,2,3,1,69
29344050,5104 Fairview Dr,78731,"Incredible location, privacy, large trees & huge lot offer tons of potential w/this Central Austin property! Make the existing home your own w/endless design opportunities or add onto the existing structure for more sq ft. Charming house w/tons of windows, a kitchen featuring ample storage space & mudroom at entrance. Complete w/expansive backyard oasis! Zoned to exemplary schools & in a prime location for restaurants, entertainment & Austin favorites!",30.3330135345459,-97.758819580078125,0,FALSE,FALSE,FALSE,FALSE,Single Family,1950,550000,2020-09-15,9,2020,23,2,0,0,0,0,0,0,9713,1525,1.1,7,1177,16,2,3,1,70
29349548,4831 Twin Valley Dr,78731,"A remodeler's dream house!  Great bones and priced for updates!  Lovely saltillo tile in entry, kitchen & dining room; living room has vaulted ceiling, fireplace & large windows for tons of natural light.  Kitchen is well laid out with island, breakfast area & utility room close by.  Huge master bedroom and bath with separate tub & shower & dbl vanities and a nice walk in closet.  Second living down with door out to covered patio overlooking the pool in the private backyard w/lush vegetation.",30.349136352539062,-97.78185272216795,0,TRUE,FALSE,FALSE,FALSE,Single Family,1980,625000,2019-08-14,8,2019,30,4,1,2,0,0,1,0,13503.6,2581,2.7,7,1177,16,3,3,2,39
29340236,3903 Idlewild Rd,78731,"3903 Idlewild Rd, Austin, TX 78731 is a single family home that contains 3,001 sq ft and was built in 1950. It contains 4 bedrooms and 4 bathrooms. 
 
The Zestimate for this house is $1,579,004. The Rent Zestimate for this home is $6,000/mo.",30.31209373474121,-97.75182342529295,0,FALSE,FALSE,FALSE,TRUE,Single Family,1950,1450000,2020-03-06,3,2020,1,5,3,0,0,0,0,0,7840,3001,1.7333333333333334,6,1196,16,4,4,2,70
29343042,4606 Madrona Dr,78731,"Spacious 2 story home with great ""street appeal"" in a popular central Austin neighborhood. Beautiful custom door greets you at the entry. Main floor has large open living spaces,  a nice kitchen open to the family room, 3 bedrooms and 2 remodeled baths.  The lower level has a fourth bedroom, full bath, laundry, office and huge basement storage area.  The private backyard is a true asset with space for a pool, a large level lawn and large trees.  Walk to Highland Park Elementary and Russell's Bakery.",30.32721328735352,-97.7658462524414,2,FALSE,TRUE,FALSE,FALSE,Single Family,1956,1175000,2020-07-13,7,2020,22,2,2,1,0,0,0,0,16117.2,3186,1.4666666666666668,7,1177,16,3,4,2,64
29348036,3918 Dry Creek Dr,78731,"Beautiful homes on the hills with views, established neighborhood with many oaks, mountain laurels, Blue Ribbon/Exemplary elementary school, best location in town - many ways/shortcuts to get to and from neighborhood without getting on Mopac, HEB 1.5 miles up road",30.34577369689941,-97.76739501953124,2,FALSE,TRUE,FALSE,TRUE,Single Family,1984,699000,2018-03-28,3,2018,31,8,2,0,0,0,0,0,15681.6,2376,1.7666666666666668,7,1177,16,2.5,3,2,34
29349463,6203 Ledge Mountain Dr,78731,ON A 40 FT CHALK BLUFF WITH VIEW OF CITY OF AUSTIN. 76 STEPS TO ENTER HOUSE,30.3501091003418,-97.77305603027344,1,FALSE,TRUE,FALSE,TRUE,Single Family,1985,780000,2020-01-09,1,2020,1,1,3,1,1,0,0,0,2382,2382,2.266666666666667,7,1177,16,3,3,2,35
29340229,4002 Idlewild Rd,78731,"This cute cottage in Brykerwoods School District offers excellent walkability to restaurants, shops and Brykerwoods Elementary School. Quick access to Rosedale Park and Pool, Shoal Creek Walking Trail and Austin biking lanes that connect to all of Austin. Sitting on approximately .19 acre, this cottage boasts two large bedrooms, completely remodeled bathroom and attached garage.  Crisp white paint interior and dark hardwood floors in excellent condition. Inviting front porch and stone patio provide places for community connection and entertaining. Move-in ready with plenty of space for adding on. 
",30.31318664550781,-97.751708984375,1,FALSE,TRUE,FALSE,FALSE,Single Family,1949,519000,2018-04-17,4,2018,20,6,2,0,0,0,0,0,7884,1046,1.7666666666666668,6,1196,16,1,2,1,69
29343019,4516 Balcones Dr,78731,"Beautiful mid-century modern home, w/ a tastefully updated kitchen, perched atop an extensive lot on ICONIC Balcones Dr, complemented by mature landscaping that delivers a truly unique backyard space. The large common areas are ideal for entertaining. Plenty of natural light abounds with excellent wood flooring and charming character throughout. Abundant cabinet and storage space. The location is unbeatable. Convenient to the finest that Austin has to offer.",30.327152252197266,-97.76700592041016,2,FALSE,TRUE,FALSE,FALSE,Single Family,1955,739900,2018-12-27,12,2018,27,3,2,0,0,0,0,0,17859.6,1829,1.5333333333333332,7,1177,16,2,2,1,63
29348012,5908 Paseo Del Toro,78731,"This recently updated home is centrally located just ten minutes from downtown Austin and ten minutes from the Arboretum shopping center. Nestled into the hillside with newly renovated hardwood floors, granite counters, and nickel hardware. 

Open dining room and living room areas with limestone fireplace and vaulted ceiling with skylights. Light, airy kitchen with updated appliances and a walk-in pantry. The master suite is separated from the two other bedrooms for privacy, with a two-sink master bath and two walk-in closets.

Easy-to-maintain landscaping with a new automatic sprinkler system makes both the front and back patios ideal for relaxing, and a six foot cedar fence provides privacy from neighboring yards.",30.34418296813965,-97.7634735107422,2,FALSE,TRUE,FALSE,FALSE,Single Family,1981,615000,2020-02-07,2,2020,13,3,2,0,0,0,0,0,8232,1892,1.6,7,1177,16,2,3,1,39
29349509,4410 Jessamine Holw,78731,"Lock & leave, spacious home in Cat MTN located in the center of ATX just mins to Downtown, Domain, Arboretum, lakes & golfing. Top-rated schools in one of most beautiful and coveted neighborhoods. Great home for entertaining - high ceilings and open living, kitchen, dining concept. Recently updated with carpet only in 2 bedrooms.  4 outdoor spaces and tons of storage. Peaceful, backs to greenbelt in cul-de-sac. Excellent mother-in-law - perfect for more privacy.",30.3488712310791,-97.77701568603516,2,TRUE,TRUE,FALSE,TRUE,Single Family,1985,635000,2019-06-28,6,2019,32,4,2,2,0,0,0,0,5140,2898,2.433333333333333,7,1177,16,3,3,3,34
29348008,3807 Hillbrook Dr,78731,"Lovely home in Highland Park that is minutes away from Mo-Pac and other great shopping and restaurants. Nestled away from the street with mature trees provide great curb appeal. Classic updates that make the property shine; glass backsplash in kitchen, recessed lighting and other finishing touches. Vintage style baths and great sunroom for enjoying the great Texas weather. Great backyard space that gives an authentic Hill Country vibe! Come See Today!",30.34452819824219,-97.76334381103516,2,FALSE,TRUE,FALSE,TRUE,Single Family,1962,550000,2018-09-06,9,2018,51,3,3,0,0,0,0,0,11325.6,1935,1.6,7,1177,16,2,4,1,56
29343007,4517 Edgemont Dr,78731,3 Bedroom + Office.  Amazing location!  Private park setting in the middle of the city. Backs up to a permanent greenbelt with views of downtown and the UT tower.  A rare opportunity to own.,30.32649040222168,-97.76478576660156,2,FALSE,TRUE,FALSE,TRUE,Single Family,1961,1050000,2020-09-03,9,2020,37,8,2,5,1,0,2,0,14374.8,2223,1.4333333333333336,7,1177,16,3,3,1,59
29340225,3915 Oakmont Blvd,78731,"3915 Oakmont Blvd, Austin, TX 78731 is a single family home that contains 1,500 sq ft and was built in 1945. It contains 3 bedrooms and 2 bathrooms. 
 
The Zestimate for this house is $664,626. The Rent Zestimate for this home is $3,195/mo.",30.31279945373535,-97.7530746459961,0,FALSE,FALSE,FALSE,TRUE,Single Family,1945,405000,2019-08-15,8,2019,19,8,1,3,1,0,1,0,4195,1500,1.7333333333333334,6,1196,16,2,3,1,74
29405977,4110 Idlewild Rd,78731,"Location, location, location! Close to 38th and Jefferson.  Endless opportunity with this property...remodel or build your dream home.   Large lot with a private backyard and home is a 3/1 with a large master bedroom with vaulted ceilings.  Kitchen features granite counter tops, stainless steel appliances and opens to the living/dining room.  Come check out this property and see the endless opportunities one could imagine! Renter occupied currently.",30.31466293334961,-97.75050354003906,2,FALSE,TRUE,FALSE,FALSE,Single Family,1950,569000,2018-06-29,6,2018,5,1,3,0,0,0,0,0,11761.2,1250,1.9,6,1196,16,1,3,1,68
29340191,1815 W 38th St,78731,"Great central Austin lot to build on. Currently leased month-to-month for $1895. Dirt in this area is hard to come by. Build your new home and have some income while you make plans. Priced as-is, plans could be made available.",30.31095123291016,-97.75301361083984,0,FALSE,FALSE,FALSE,FALSE,Single Family,1947,875000,2019-04-26,4,2019,9,0,1,0,0,0,0,0,7100,840,1.6666666666666667,6,1196,16,1,2,2,72
29340175,1803 W 37th St,78731,"1803 W 37th St, Austin, TX 78731 is a single family home that contains 2,777 sq ft and was built in 2019. It contains 4 bedrooms and 4 bathrooms. 
 
The Zestimate for this house is $1,393,682. The Rent Zestimate for this home is $1,910/mo.",30.309783935546875,-97.7523956298828,0,FALSE,FALSE,FALSE,FALSE,Single Family,2019,1250000,2019-11-01,11,2019,1,5,2,1,2,0,0,0,6969,2777,1.5666666666666664,6,1196,16,4,4,2,0
29340156,1807 W 36th St,78731,"Charming bungalow with tons of potential in the heart of Oakmont Heights. The main house is a 2/1 and is rented out month-to-month for $1650 minus 33% of the electric bill.  The 432 SF garage has been converted to a 1/1 and rented out for $850/month.  This property could be a great developer opportunity, rental investment, or update the property and live on a charming street in the heart of Central Austin!  Great walkability in the neighborhood!",30.30898094177246,-97.75300598144533,0,FALSE,FALSE,FALSE,FALSE,Single Family,1941,625000,2020-06-22,6,2020,13,3,1,2,0,0,1,0,7100,1336,1.5666666666666664,6,1196,16,2,3,1,79
29410469,4608 Oakmont Blvd,78731,"New Price - LOCATION, LOCATION - One of Austin's greatest areas to call home, this one-story mid-century home is near downtown at 45th and Oakmont Blvd. Come early, very popular street with a mix of old and new homes; lot is elevated from the homes across the street.  Updated and ready for move in; new screened in porch, new paint in and out; updated fixtures, and new appliance suite conveys.  Minutes from downtown, local entertainment, restaurants and medical district in a uniquely Austin area.",30.32172966003418,-97.7509307861328,2,FALSE,TRUE,FALSE,FALSE,Single Family,1953,575000,2018-04-24,4,2018,1,3,3,0,0,0,0,0,7927,1434,1.1333333333333333,7,1177,16,2,2,1,65
29410468,4610 Oakmont Blvd,78731,"Great central Austin location ~ Main house has 3 bedrooms and full bath ~ Guest quarters with separate entrance has bedroom, loft, office/5th bedroom,full bath and kitchen ~ Hardwood flooring ~ Both baths and kitchens have granite counters ~ Large eat-in kitchen with island and plenty of cabinet and counter space ~ Large backyard with deck and wood privacy fencing ~ Gorgeous landscaping in front with stone surround gardens ~ In ground sprinkler system

Neighborhood Description

From the neighborhood association at http://rosedale-na.org/ 

""The majority of the homes in the Rosedale area were built during the 1930s and 1940s, giving them an allure not found with newer construction. The many renovation projects and new construction throughout the neighborhood lend a sense of vitality and renewal. The population of the neighborhood is a fabulous blend of young families, single professionals, and original owners who raised their children here and have many tales to tell.

Beyond the delightful charm of the area, the Rosedale neighborhood's location makes it one of the most desirable of Austin's neighborhoods. We have close proximity to the Capitol, the downtown area, and the University of Texas at Austin, as well as easy access to the main thoroughfares of our beautiful city.""
",30.3218994140625,-97.75084686279295,1,FALSE,TRUE,FALSE,TRUE,Single Family,1953,800000,2020-08-17,8,2020,100,7,3,0,0,0,0,0,7840,1921,1.1333333333333333,7,1177,16,2,4,2,67
29340330,1913 W 37th St,78731,"1913 W 37th St, Austin, TX 78731 is a single family home that contains 1,149 sq ft and was built in 1942. It contains 2 bedrooms and 1 bathroom. 
 
The Zestimate for this house is $723,629. The Rent Zestimate for this home is $2,295/mo.",30.31048011779785,-97.75516510009766,0,FALSE,FALSE,FALSE,FALSE,Single Family,1942,749000,2020-12-29,12,2020,32,0,1,2,0,0,0,0,6969,1149,1.5666666666666664,6,1196,16,1,2,1,78
29410537,2627 W 45th St,78731,"Central Austin new construction conveniently located adjacent to The Grove mixed-use development. Walk out your back door to shopping & dining once The Grove is complete. Open floorplan with primary suite downstairs & secondary beds + game room up. Great back patio complete with outdoor fireplace. Designer finishes, Kent Moore cabinetry & premium Shaw flooring. Backyard adjacent to green space & soon a walking trail to community park. Photos are renderings. Est Oct completionRestrictions: Yes  Sprinkler Sys:Yes",30.319543838500977,-97.75114440917967,2,FALSE,TRUE,FALSE,FALSE,Single Family,2019,370000,2020-12-04,12,2020,26,9,3,2,0,0,0,0,6621,2755,2.1666666666666665,6,1196,16,4,4,2,1
29341078,1908 W 41st St,78731,"Centrally located, 3 bed 2 bath single family home with updated kitchen, bathrooms and front yard. Detached 2 car garage. Original hardwood floors throughout. Short stroll to restaurants, shops and the newly planned Grove, a mixed-use community with retail shopping, dining, and parks.",30.314666748046875,-97.7547378540039,0,FALSE,FALSE,FALSE,FALSE,Single Family,1953,580000,2018-07-14,7,2018,18,1,1,0,0,0,0,0,8232,1230,1.8333333333333333,6,1196,16,2,3,1,65
29411455,4701 Rue St,78731,"4701 Rue St, Austin, TX 78731 is a single family home that contains 1,152 sq ft and was built in 1950. It contains 3 bedrooms and 2 bathrooms. 
 
The Zestimate for this house is $697,241. The Rent Zestimate for this home is $2,350/mo.",30.32180976867676,-97.74781036376952,0,FALSE,FALSE,FALSE,FALSE,Single Family,1950,565000,2019-11-04,11,2019,1,6,1,2,1,0,0,0,10454,1152,1.0666666666666669,7,1177,16,2,3,1,69
29410453,4509 Finley Dr,78731,"4509 Finley Dr, Austin, TX 78731 is a single family home that contains 3,137 sq ft and was built in 2019. It contains 4 bedrooms and 3 bathrooms. 
 
The Zestimate for this house is $1,720,857. The Rent Zestimate for this home is $6,415/mo.",30.32113265991211,-97.75178527832033,2,FALSE,TRUE,FALSE,FALSE,Single Family,2019,1600000,2020-10-13,10,2020,61,4,2,3,1,0,0,0,8276,3137,1.1666666666666667,7,1177,16,3,4,2,1
29410452,4507 Finley Dr,78731,"Under Construction, Modern Design, Heart of ATX*Ultimate Convenience*Walk to The Grove*TBC Nov 2020*View Renderings & Selections in Documents Section*4BD, 3 Full BA*Great Room*Large Kitchen w/ Expansive Island & Sliders to Outdoor Living*Kitchen flows to Spacious Dining Room*Guest Room/Office Down w/ Full Bath*Spacious Master Retreat Up w/ Walk-In Closet along w/ Two Large Bedrooms Up & Bath w/ Dual Vanity*Architect: Rodenberg Design*Builder: Tusker Development LLC*Selections: Jenna Barton Interior DesignFEMA - Unknown Restrictions: Yes  Sprinkler Sys:Yes",30.32096099853516,-97.75187683105467,2,FALSE,TRUE,TRUE,FALSE,Single Family,2020,1300000,2020-10-30,10,2020,45,4,2,0,0,0,0,0,7078,2811,1.1666666666666667,7,1177,16,3,4,1,0
29410441,4606 Oakmont Blvd,78731,"Zagorski designed & built in 2011 by Moazami Homes, this 3bdrm/2bath + loft modern home is located in coveted Allandale/Shoalmont area.Designed to entertain both inside & out,the open floor plan features soaring vaulted ceilings in the living area,walls of windows,""flex space"" in loft (can be office,play area,work out room or 4th bed). The entertainer's dream chef's kitchen features an oversize island with wine refrigerator,granite counter tops,custom cabinets,Thermador gas range & walk-in pantry.The master suite with an oversize walk-in double shower invokes a private and zen feel. This is carried through to the outdoors, where the deck is perfectly set up to enjoy day or night. Complete with planters with bamboo for privacy,garden & plenty of grass to play.The use of warm finishes,interior palette & decor by Austin interior designer Joel Mozerski create a bright & cozy space while maintaining the home's architectural feel.Highland Park/Lamar/McCallum.Don't miss this stunning home!",30.321590423583984,-97.751068115234375,0,FALSE,FALSE,FALSE,FALSE,Single Family,2011,840000,2019-08-09,8,2019,37,5,1,1,0,0,1,0,6926,2156,1.1333333333333333,7,1177,16,2,3,2,8
241931521,1823 W 39th St #A,78731,"3Bd/ 3.5Ba/ 1815sqft/ 2016yr/ Full sprinkler... ONE Block from the new 'GROVE'. Wood floors & Custom lighting throughout. Open floor plan with High ceilings & Crown Molding. Numerous windows with an Abundance of natural light. Outside covered patio feels like 2nd living room. Kitchen: Quartz counters, LG Island w/ farmhouse sink, Cooktop, SS Appliances, Subway tiled backsplash, Open To Family Room. Master Bed/Bath: Vaulted ceiling, Double vanity and HUGE walk-in shower...  Corner lot, All-sides concrete board exterior (reduces home owners insurance). Low 2.19 property tax rate. Great Schools: Bryker Woods elem, O'Henry mid, Austin high. 8 min to Downtown, 20 min to Airport. Walking distance to current restaurants  and shops including: Kerby Lane Cafe, Brick Oven Pizza, Olive and June, Tiny Boxwoods. Minutes from Randal's and Central Market.",30.31203269958496,-97.75333404541016,0,TRUE,FALSE,FALSE,FALSE,Single Family,2016,795000,2019-08-20,8,2019,24,3,1,1,1,0,0,0,3484,1815,1.6666666666666667,6,1196,16,4,3,3,3
29406018,4013 Ridgelea Dr,78731,"4013 Ridgelea Dr, Austin, TX 78731 is a single family home that contains 1,834 sq ft and was built in 1950. It contains 3 bedrooms and 2 bathrooms. 
 
The Zestimate for this house is $963,610. The Rent Zestimate for this home is $3,100/mo.",30.31320381164551,-97.74983215332033,1,FALSE,TRUE,FALSE,FALSE,Single Family,1950,899000,2020-07-08,7,2020,27,7,2,2,1,0,1,0,7567,1834,1.8333333333333333,6,1196,16,2,3,1,70
29406017,4011 Ridgelea Dr,78731,"Don't miss this true Central Austin charmer! 4 bedrooms, 2 baths  + flex living space that could be office, guest room or playroom. Refinished original pecan hardwood floors, beautifully updated kitchen with island that seats 2 and prep sink. Tons of storage and closets including 500+ sq ft. floored attic.  Double pane, double hung wood windows flood every room in natural light. 700 sq. ft deck over looks lush & private backyard. Highly desirable pocket neighborhood with no through traffic in the heart of Central Austin. Walkable to Bryker Woods Elementary, Kerbey Lane & Anderson's Coffee - $579,000  www.4011Ridgelea.com",30.31306266784668,-97.74993133544922,0,FALSE,FALSE,FALSE,FALSE,Single Family,1950,685000,2018-07-06,7,2018,55,1,1,0,0,0,0,0,7971,1660,1.8333333333333333,6,1196,16,2,4,1,68
29406010,4100 Ridgelea Dr,78731,"This house is like a cottage you would find in the English countryside.  Brick exterior, climbing vines, energy efficient windows, back structure with office potential, walk to Jefferson Square, steps to Shoal Creek, minutes to downtown, UT and Lady Bird Lake.  Formal dining or the 2nd living space could easily revert to the 3rd bedroom.  The trees are spectacular and and only eclipsed by the fantastic ""secret"" central neighborhood.  This neighborhood is an Austin gem.",30.313556671142567,-97.750244140625,2,FALSE,TRUE,FALSE,FALSE,Single Family,1950,495000,2020-06-24,6,2020,27,0,3,0,0,0,0,0,7666,1343,1.8333333333333333,6,1196,16,1,3,1,70
29402387,5605 Wellington Dr,78723,"Beautifully redone East Austin home on a huge corner lot just a 1 mile from Mueller, 4 miles from UT, and 5 miles from downtown.  Updates include quartz countertops, soft close cabinets, stainless steel appliances, wood laminate flooring, marble tile in the master bath walk in shower, paint throughout, new roof, upgraded fencing, new garage door, and so much more!",30.30622291564941,-97.68524169921876,1,FALSE,TRUE,FALSE,FALSE,Single Family,1966,467000,2021-01-21,1,2021,31,10,0,2,1,0,0,1,10890,1911,1.8333333333333333,5,966,15,2,3,1,55
251036052,5310 Golden Canary Ln,78723,"This two-story home features an oversized, porched entry that opens to the Great Room, dining room, kitchen and covered patio.. Entertain and cook in style with a contemporary kitchen, including Stainless Steel appliances, center kitchen island, and pantry. Retreat to a Master Suite with linen storage, a generous walk-in closet and spacious bath. For convenience, find a powder bath downstairs for guests, laundry room with cabinetry and under-stairs storage closet. Upstairs, two secondary bedrooms with full bath and a spacious bonus room add versatility. A 2-car garage provides ample storage and easy attic access.",30.29564476013184,-97.67620849609376,2,TRUE,TRUE,FALSE,FALSE,Single Family,2019,419999,2019-08-29,8,2019,26,0,2,0,0,0,0,0,5392,1649,2.2666666666666666,3,719,15,3,3,2,0
29347408,5915 Overlook Dr,78731,"5915 Overlook Dr, Austin, TX 78731 is a single family home that contains 3,351 sq ft and was built in 1984. It contains 4 bedrooms and 4 bathrooms. 
 
The Zestimate for this house is $1,054,984. The Rent Zestimate for this home is $4,999/mo.",30.342870712280284,-97.7548599243164,2,FALSE,TRUE,FALSE,TRUE,Single Family,1984,689000,2018-08-31,8,2018,1,4,2,0,0,0,0,0,19166.4,3351,1.2,7,1177,16,4,4,2,34
29347813,6421 Westside Dr,78731,"Stunning home priced $65,000 under county value to allow for updates in the prestigious Northwest Hills neighborhood! Features a private backyard oasis, swimming pool and lounge deck, as well as an attached two car garage and detached two car garage! 6425 Westside is also available! Features plenty of entertaining space, over-sized bedrooms, lots of storage, updated windows and second story deck great for relaxing.  ward-winning schools, close to shopping and entertainment, just a few mins to DT Austin!",30.345314025878903,-97.75426483154295,0,FALSE,FALSE,FALSE,FALSE,Single Family,1975,459999,2018-10-06,10,2018,31,2,2,0,0,0,0,0,6534,2455,1.1,7,1483,16,3,3,2,43
29411442,4805 Finley Dr,78731,"4805 Finley Dr, Austin, TX 78731 is a single family home that contains 1,316 sq ft and was built in 1952. It contains 3 bedrooms and 2 bathrooms. 
 
The Zestimate for this house is $651,313. The Rent Zestimate for this home is $2,500/mo.",30.323524475097656,-97.749542236328125,2,FALSE,TRUE,FALSE,FALSE,Single Family,1952,599000,2020-05-07,5,2020,5,0,2,0,0,0,0,0,10890,1316,1.0666666666666669,7,1177,16,2,3,1,68
29411438,4710 Rue St,78731,"This charming home is located right in the heart of central Austin in the sought after Shoalmont neighborhood.  The location is unbeatable, sitting on a corner lot on a low traffic street.  The house has been tastefully updated while keeping true to the vintage of the neighborhood and old Austin.  The interior boasts hardwood floors, vaulted ceilings, and an abundance of natural light throughout.  The heart of the home is the wonderful  gourmet kitchen that overlooks the two living areas, dining room, and the private backyard.  French doors lead you from the interior to the back courtyard, which is a wonderful spot to enjoy the peaceful backyard space  There are three full bedrooms, with the primary bedroom wing set at the quiet back part of the house.   The primary bedroom has high ceilings, a built in desk space, windows over looking the courtyard, and a walk in closet.  The wonderful primary bathroom has dual vanities, a walk in shower, and garden tub that overlooks the backyard.  This location is so convenient, and walkable to Fonda San Miguel, Epicerie, La Mancha, and the Yarborough Public Library.  You can easily access the improved biking trails on Shoal Creek Blvd and all of the eateries, bakeries, and action on Burnet Road.  The home also feeds to the exemplary Highland Park Elementary School, as well as the Lamar Middle School, and McCallum High fine arts academies. Other great features are the mudroom off of the kitchen, and a large storage building in the backyard.",30.32268524169922,-97.7479476928711,2,FALSE,TRUE,TRUE,FALSE,Single Family,2008,835000,2020-11-27,11,2020,28,6,3,0,0,0,0,0,7535,1703,1.0666666666666669,7,1177,16,2,3,1,12
29411381,2619 W 49th 1/2 St,78731,"Gorgeous 3 bed + studio craftsman in desirable central Austin neighborhood. Updated throughout this home offers hardwoods, tall ceilings, spacious bedrooms and large private back yard. 3 beds on main level. Access loft + studio from back stairs - ideal for separate office space. Art or yoga studio detached behind house. Lush trees, wide streets and easy access to downtown! Refrigerator being installed. Do not miss this one!",30.32450294494629,-97.74851989746094,2,FALSE,TRUE,FALSE,FALSE,Single Family,1951,625000,2019-08-15,8,2019,30,1,1,0,0,0,0,0,8886,2164,1,7,1177,16,2,3,2,68
29410378,4615 Bull Creek Rd,78731,"Urban farmhouse offering 3bd/3.5ba with soaring ceilings, wood floors through downstairs, spacious master suite, walk-in closets, soaking tub, separate shower, covered outdoor living. Gourmet kitchen with stainless Bosch appliances, quartz counters, tile backsplash & high-end cabinets. Master and study on first floor; 2 bdrms & game  room up. Minutes from neighborhood schools, restaurants, coffee shops, fine dining, grocery and The Grove. Est completion Oct 2018.",30.322683334350582,-97.75184631347656,2,FALSE,TRUE,FALSE,FALSE,Single Family,2018,1015000,2019-03-25,3,2019,40,4,2,0,0,0,0,0,7318,2644,1.1,7,1177,16,4,3,1,1
29411374,4905 Bull Creek Rd,78731,"Rare find .458 acres in Fiset Place. 3/2 one story in sought after area 4. Floorplan feels much larger than it is. Lot has beautiful pecan trees and plenty of privacy for pool ! Hardwood floors, custom tile in baths, and high ceilings . Top of the line appliances create a cooks dream kitchen.  Kitchen includes : Wolf stove and vent hood, built in Thermadore expresso machine, and Bosch microwave and dishwasher. Large deck with hot tub conveys. Minutes from downtown, restaurants, and shopping !",30.32505989074707,-97.75022888183594,0,FALSE,FALSE,TRUE,FALSE,Single Family,1951,850000,2018-05-11,5,2018,1,1,1,0,0,0,0,0,20037.6,1984,1,7,1177,16,2,3,1,67
29411366,2709 W 49th 1/2 St,78731,"2709 W 49th 1/2 St, Austin, TX 78731 is a single family home that contains 1,524 sq ft and was built in 1953. It contains 2 bedrooms and 2 bathrooms. 
 
The Zestimate for this house is $574,279. The Rent Zestimate for this home is $2,500/mo.",30.325273513793945,-97.74992370605467,2,FALSE,TRUE,FALSE,FALSE,Single Family,1953,364900,2019-06-28,6,2019,25,4,3,1,0,0,1,0,7230,1524,1,7,1177,16,2,2,1,66
29342863,4811 W Market Dr,78731,"Perfect opportunity to live on a great street in central Austin and feeds to desirable Highland Park Elementary. Beautifully positioned among the trees this single-story home offers ample storage, sizable bedrooms and gracious entertaining areas. Could be lived in AS-IS or provides for an opportunity to do surfaces. Walking distance to local eateries and new development, The Grove. Includes 2 car carport. Original owner.",30.32534217834473,-97.75189208984376,2,FALSE,TRUE,FALSE,FALSE,Single Family,1964,550000,2018-12-13,12,2018,13,1,3,0,0,0,0,0,8537,1670,1.0333333333333334,7,1177,16,2,3,1,54
29411355,2617 Fiset Dr,78731,"2617 Fiset Dr, Austin, TX 78731 is a single family home that contains 1,548 sq ft and was built in 1954. It contains 3 bedrooms and 2 bathrooms. 
 
The Zestimate for this house is $1,574,607. The Rent Zestimate for this home is $2,706/mo.",30.325929641723643,-97.748260498046875,2,FALSE,TRUE,FALSE,FALSE,Single Family,1954,599000,2019-12-10,12,2019,1,3,2,0,0,0,0,0,9583,1548,0.9666666666666668,7,1177,16,2,3,1,65
29411350,2620 W 49th 1/2 St,78731,"Fabulous new construction on beautiful tree-lined street; designer finishes throughout.  Open concept living, gourmet kitchen w/48"" Thermador gas range, drawer microwave and wine fridge.  Hardwood floors throughout, quartz countertops, Anderson windows and Western sliders. Vaulted master and study downstairs. 3 beds and 2 full baths and gameroom upstairs. Nest thermostats, pre-wired for speakers and internet. Walkability to restaurants, library, Shoal Creek bike trail and more.",30.325035095214844,-97.74839782714844,1,FALSE,TRUE,FALSE,FALSE,Single Family,2018,1250000,2018-05-25,5,2018,1,4,3,0,0,0,0,0,7535,3005,0.9666666666666668,7,1177,16,4,4,1,0
29342840,4904 W Market Dr,78731,"Great home in a wonderful neighborhood in central Austin. Two story, 3 bedroom /1 full bath, 2 half- baths, 1715 sq. ft. (TCAD), with screened in porch. House is on a large, tree covered lot (.2011 acre, TCAD) with 2 backyard areas and a storage shed. Hardwood floors in the living / dining area. Granite tile counters in the kitchen. 
Buyers agents welcome. Please do not contact me if you are a realtor and would like to list my home. Please contact me via email 4904WestMarketDrive@gmail.com for best results.",30.32592582702637,-97.75177001953124,2,FALSE,TRUE,FALSE,FALSE,Single Family,1965,549000,2020-02-27,2,2020,40,3,2,2,2,0,0,0,8759,1715,1,7,1177,16,3,3,2,55
29342831,4808 Placid Pl,78731,"Gorgeous home with the original owner who when purchased made extensive upgrades in the way of wood floors, stainless steel appliances, kitchen & bath countertops + kitchen backsplash.  This home is an oasis ideally located in 78731 and in a hidden gem of a neighborhood -- master suite on the main level: large bathroom, walk-in closet, walk-in rain shower, double sinks.  Upstairs has a Jack &  Jill bath w/3 additional bedrooms.  Outdoor features a covered patio with fireplace, two fire pits, water feature. Only a 10-15 min drive to both Downtown and The Domain. A must see!",30.325458526611328,-97.75249481201172,0,FALSE,FALSE,FALSE,FALSE,Single Family,2015,999998,2019-07-25,7,2019,26,4,1,2,2,0,1,0,8581,2566,1.0333333333333334,7,1177,16,3,4,2,4
29342830,4810 Placid Pl,78731,"4810 Placid Pl, Austin, TX 78731 is a single family home that contains 1,771 sq ft and was built in 1964. It contains 3 bedrooms and 2 bathrooms. 
 
The Zestimate for this house is $614,836. The Rent Zestimate for this home is $2,800/mo.",30.32565116882324,-97.7525405883789,2,FALSE,TRUE,FALSE,FALSE,Single Family,1964,575000,2020-10-20,10,2020,25,3,2,1,1,0,0,0,7840,1771,1.0333333333333334,7,1177,16,2,3,1,56
29411309,5005 Strass Dr,78731,"Gorgeous home fully renovated in 2007 featuring beautiful Brazilian cherry hardwood flooring, high efficiency double paned windows, screened in porch off master bedroom & many other great updates throughout. Spacious backyard w/ large deck overlooks Shoal Creek w/ private stairway access, perfect for relaxing or entertaining. Great location in central Austin, walking distance to tons of great restaurants, 5 minutes to Randall's/Central Market, and just 10 minutes to UT & tons of great downtown locations.",30.32555389404297,-97.74628448486328,3,FALSE,TRUE,FALSE,TRUE,Single Family,1954,769900,2018-09-22,9,2018,68,1,3,0,0,0,0,0,10541,1995,0.9,7,1177,16,3,3,1,64
29342806,2800 W 50th St,78731,"Midcentury Bungalow style.  Corner lot.  Recent remodel and upgrades.  Granite countertops, travertine and hardwood flooring.  Bathrooms updated, copper sink, mosiac glass tile backsplash.  Updated fixtures and ceiling fans.  4 Bedrooms, 2 Bathrooms, living, dining, kitchen and study.  Concrete driveway and wood fencing. 3 car parking driveway.",30.326215744018555,-97.75020599365234,3,FALSE,TRUE,FALSE,TRUE,Single Family,1953,649900,2020-12-18,12,2020,22,6,2,0,0,0,0,0,8288,1613,0.9666666666666668,7,1177,16,2,4,1,67
29411293,4913 Strass Dr,78731,"4913 Strass Dr, Austin, TX 78731 is a single family home that contains 1,455 sq ft and was built in 1953. It contains 3 bedrooms and 2 bathrooms. 
 
The Zestimate for this house is $837,687. The Rent Zestimate for this home is $2,500/mo.",30.32304382324219,-97.7462158203125,0,FALSE,FALSE,FALSE,FALSE,Single Family,1953,700000,2020-04-30,4,2020,21,5,2,1,1,0,2,0,9931,1455,1.0333333333333334,7,1177,16,2,3,1,67
29342787,5013 Placid Pl,78731,"This house has the WOW factor! Completely remodeled, spacious 3/2 1,836 sq ft/appraiser*Wood & tile floors throughout*Lg Master suite w/french doors opening to the patio & backyard! Master Bath has gorgeous double/separate vanity w/ full-tile wall accent, large separate shower with overhead rain shower head, custom his/hers closets/drawers*Kitchen boasts a huge quartz eat-in island, custom revolving kitchen pantry, stainless appliances w/unique wood accent wall & picture windows*Epoxy garage floor*Storage",30.32819938659668,-97.75191497802734,0,FALSE,FALSE,FALSE,FALSE,Single Family,1954,719000,2019-09-24,9,2019,29,4,1,1,1,0,0,0,7710,1836,0.9333333333333332,7,1177,16,2,3,1,65
29342778,2812 W 50th St,78731,"Light, bright, and gorgeous! This renovated 1950s ranch style home in Austin's sought-after Allandale area, artfully combines midcentury design with modern amenities for modern living. Open living/kitchen/dining floor plan. The well-appointed kitchen includes waterfall quartz countertops, custom cabinetry with brass hardware, eat-in bar, walk-in pantry, 5-burner gas range, and coffee station. Master suite with roomy walk-in closet with built-ins, handcrafted barndoor accent leads to the master bathroom with oversized walk-in shower and dual vanities. Wood floors throughout main living areas and bedrooms - no carpet! One car garage is equipped with Tesla charger and don't miss the large insulated bonus storage room off of the garage. Wall of windows overlooks the spacious landscaped yard and outdoor living area. Automatic sprinklers. Updated windows. Smooth finish interior walls and recessed lighting. Exposed shiplap accent walls. Short commute to downtown or the Domain. Zoned for excellent Austin ISD schools.",30.32677841186523,-97.75132751464844,1,FALSE,TRUE,FALSE,TRUE,Single Family,2017,750000,2019-03-08,3,2019,43,6,2,0,0,0,0,0,7143,1808,1,7,1177,16,2,4,1,2
29412277,5300 Turnabout Ln,78731,"5300 Turnabout Ln, Austin, TX 78731 is a single family home that contains 2,133 sq ft and was built in 1954. It contains 3 bedrooms and 2 bathrooms. 
 
The Zestimate for this house is $589,419. The Rent Zestimate for this home is $3,000/mo.",30.329042434692383,-97.7479019165039,1,FALSE,TRUE,FALSE,FALSE,Single Family,1954,599900,2020-04-22,4,2020,1,2,2,1,0,0,0,0,10890,2133,0.9,7,1177,16,2,3,2,66
29342765,2903 Village Dr,78731,"Beautiful home with lots of upgrades. Location, location, location! Established neighborhood, with large trees, but so close to everything! Close proximity to Burnet Road restaurants as well as gems tucked into the neighborhood like Ramsey Park, Taco Shack, Fonda San Miguel, La Mancha, the original Kerbey Lane Cafe, and soon a close distance to The Grove. Amazing floor plan with master retreat, open kitchen, eating area, family room, office, and utility room downstairs. Upstairs are three bedrooms, a large bonus space, and two full bathrooms, one of which is a Jack and Jill. Wood floors throughout the house. Open concept kitchen with granite island, built in double ovens, six burner gas cook top, built in microwave, large pantry, and cabinets all the way to the ceiling for storage. Large outdoor living space with vaulted ceiling, screened in (no bugs!), built in outdoor kitchen with Memphis Pro wood pellet grill/smoker, fridge, and gas side burner. Call 512-200-9012 for an appointment.",30.324331283569336,-97.752960205078125,2,FALSE,TRUE,TRUE,TRUE,Single Family,2013,319500,2020-04-29,4,2020,21,9,2,3,4,0,1,0,8407,2715,1.0666666666666669,7,1177,16,4,4,2,7
29411260,5004 Strass Dr,78731,"Charming mid-century one story house with large backyard in the quaint Shoal Creek neighborhood. This natural light-filled home features windows in every room, a fresh neutral color palette, and warm hardwood floors throughout. Recently updated kitchen features custom cabinetry, stone counters, and stainless-steel appliances. Located near the thriving/updated Burnet Road  amenities.",30.32572364807129,-97.74686431884766,0,FALSE,FALSE,FALSE,FALSE,Single Family,1954,325000,2018-04-26,4,2018,24,3,1,0,0,0,0,0,7971,1544,0.9666666666666668,7,1177,16,2,3,1,64
29341750,4602 Bull Creek Rd,78731,"A well built, updated home located in the sought after Highland Park neighborhood.  The exterior has a welcoming front porch, masonry construction, native landscaping, & a metal roof.  Inside you will find hardwood floors, an updated kitchen that opens to the family room, a comfortable TV room, & large master suite with vaulted ceilings.  The real bonus is the fabulous detached guest house that has a full kitchen & bathroom.  A large pantry & mudroom, Highland Park Elementary, and so close to everything.",30.322553634643555,-97.75260925292967,0,FALSE,FALSE,FALSE,FALSE,Single Family,1948,825000,2018-05-15,5,2018,29,5,2,0,0,0,0,0,9060,2517,1.1333333333333333,7,1177,16,3,4,1,70
29411248,4921 Bull Creek Rd,78731,"Unique opportunity to own a completely remodeled home in a great location.  Truly one-of-a-kind property.  Too many upgrades to list, massive backyard, functional layout, custom features throughout, lots of style.  Will hit the MLS market in one week.  Owner/agent.  Please contact owner/agent directly to arrange pre-market tour.  Pre-qualified buyers only.",30.32599449157715,-97.74962615966795,1,FALSE,TRUE,FALSE,FALSE,Single Family,1985,544900,2018-06-29,6,2018,63,4,3,0,0,0,0,0,15681.6,2363,0.9666666666666668,7,1177,16,3,4,2,33
29342742,4808 W Park Dr,78731,"Beautiful updated home with an open floor plan. Abundance of natural light and charm. Wood floors in the living area and kithchen. Large walk in closet. Huge wood deck to go along with a giant back yard. Spacious master suite. Carport to protect your vehicle. Great location conveniently located next to major thoroughfares, restaurants, parks, shopping etc. Great central location just blocks from Mopac/Hwy 1 and easy commute to anywhere in Austin.",30.325788497924805,-97.753448486328125,1,FALSE,TRUE,FALSE,FALSE,Single Family,1950,339900,2020-08-18,8,2020,23,4,2,1,0,0,1,0,7100,1415,1.0333333333333334,7,1177,16,2,3,1,70
29342739,4902 W Park Dr,78731,"Central Austin opportunity with this stylish craftsman 4br/3ba 5 star energy home.  Open living with large windows, wood floors, chef's kitchen with breakfast bar, lots of storage & work space. Bonus room off of kitchen that's perfect for work from home office or additional living. Master suite down with high ceilings & natural light. 3 beds up plus nook on landing for add'l work space or entertainment area. Mature backyard extends living space w/ outdoor kitchen, new AOG grill, fire pit & gardens galore!",30.32632827758789,-97.75343322753906,2,FALSE,TRUE,FALSE,FALSE,Single Family,2010,235000,2020-08-17,8,2020,24,5,2,1,1,0,1,0,8015,2891,1.0333333333333334,7,1177,16,3,4,2,10
29341737,4506 Placid Pl,78731,"Single family home with 1 apartment bedroom added on with breezeway in between. With a neighborhood but near enough to be convenient. A nice patio and courtyard between. With a separate fence in the back and a peaceful neighborhood

",30.32214164733887,-97.75420379638672,0,FALSE,FALSE,FALSE,FALSE,Single Family,1947,600000,2018-02-23,2,2018,31,2,2,0,0,0,0,0,13503.6,2169,1.2,7,1177,16,3,4,1,71
29342734,4912 W Park Dr,78731,"Location! Location! Location! Cute 1950's home. Lots of opportunity on this corner lot *3 bed, 2 bath. *Original wood floors *8 year old roof *some double paned windows *Large back yard *Large carport *Ready for remodel or start over *Lots of value in the land alone *Sought after Highland Village location *Big 0.26 acre - Corner Lot *Zoned to Highland Park Elementary.",30.32727813720703,-97.75343322753906,2,FALSE,TRUE,FALSE,FALSE,Single Family,1952,610000,2020-03-24,3,2020,19,9,2,0,0,0,0,0,11325.6,1400,1,7,1177,16,2,4,1,68
29341733,2903 Terrain Ln,78731,"This charming home is conveniently located in the hip and trendy Highland Park area. Wonderfully landscaping &welcoming entry are friendly and inviting to homeowners and guests. Bright and light-filled living areas with gleaming concrete flooring. Efficiency and functionality tucked in every corner; from its private entrance office for the work at home entrepreneur to its pull out, well-organized pantry. The serene master bedroom and true spa like bathroom with river rock tile and cove lighting, you will not be disappointed. Open Sunday Aug 12th from 2-4.",30.32271385192871,-97.75395965576172,0,FALSE,FALSE,FALSE,FALSE,Single Family,1949,750000,2018-09-06,9,2018,39,3,0,0,0,0,0,0,7623,2168,1.1333333333333333,7,1177,16,2,3,1,69
29342724,4805 Westfield Dr,78731,"Impeccably Updated Mid Century Modern Gem! Featured in Austin Parade of Home in 1953. This home has been lovingly updated and cared for over the years. Features include: Refinished Solid 1/2"" Maple Floors, Italian Porcelain Tile, Custom Mosaic Italian tile in Bath, Silestone Counters, Custom Bleached Oak Cabinets, SS Appliances, California Closets, New HVAC. Screened Patio perfect for entertaining features Suspended FireOrb Fireplace, Outdoor speakers and more! This is a home not to miss!",30.326101303100582,-97.754730224609375,0,FALSE,FALSE,FALSE,FALSE,Single Family,1953,365000,2019-11-22,11,2019,19,5,1,1,0,0,0,0,8319,1457,1.0333333333333334,7,1177,16,2,3,1,66
29341723,2902 Terrain Ln,78731,"Stunning Highland Park modernist home, custom designed & built in 2015. Features 4 bedrms & 3.5 baths, 2 living, chef's kitchen, Heath Ceramics backsplash, hardwoods & modern clean lines. Main level mstr suite opens to backyard, ensuite bathrm, walk-in closet & work station. Upstairs has a treehouse feel with 2nd living, guest suite & two secondary bedrms. Expansive screened-in porch becomes an extension of the interior spaces allowing for seamless Texas living under the trophy Oak tree! Great location!",30.32314300537109,-97.75367736816406,2,FALSE,TRUE,FALSE,FALSE,Single Family,2015,1175000,2019-06-24,6,2019,28,4,3,1,2,0,0,0,9016,2798,1.1,7,1177,16,4,4,2,4
29342707,5019 W Park Dr,78731,"Can't beat location. Walkable to shops and restaurants as well as Highland Park Elementary. Open Space. Modern kitchen. Hardwood floors, Large windows and tall ceilings. 2 car garage. Fenced yards in front and back.",30.32918739318848,-97.7527313232422,2,FALSE,TRUE,FALSE,FALSE,Single Family,1951,699000,2019-07-10,7,2019,11,8,2,0,0,0,0,0,10846,1998,0.9666666666666668,7,1177,16,3,4,2,68
29342689,5016 Placid Pl,78731,Value is in the land - being sold at lot value,30.328784942626964,-97.75243377685548,0,FALSE,FALSE,FALSE,FALSE,Single Family,1954,395000,2018-12-21,12,2018,2,1,2,0,0,0,0,0,10193,1605,0.9333333333333332,7,1177,16,2,3,1,64
29341684,2906 Perry Ln,78731,Adorable Central Austin Bungalow on a large flat lot with updated kitchen and baths.  The bright and open floor plan is a great use of space perfect for entertaining and everyday living.  Spacious bedrooms and a master with a walk in closet and spa like bath with a skylight.  Den/office overlooking the charming backyard with huge deck and a producing pecan tree.  Mature crepe myrtles in the front and backyard with professional landscaping creating a turnkey home ready for a new family to enjoy and love.,30.324148178100582,-97.75348663330078,0,FALSE,FALSE,FALSE,FALSE,Single Family,1950,618000,2018-07-31,7,2018,24,2,1,0,0,0,0,0,9016,1555,1.1,7,1177,16,2,3,1,68
29342682,5011 W Frances Pl,78731,"Cute bungalow in great location close to the new hot spots on Burnet Road.  Great schools, quiet neighborhood.",30.3287353515625,-97.753753662109375,0,FALSE,FALSE,TRUE,FALSE,Single Family,1953,459000,2019-07-31,7,2019,37,2,1,1,0,0,2,0,7361,1395,0.9666666666666668,7,1177,16,2,3,1,66
29342679,5005 W Frances Pl,78731,"It's impossible not to fall in love with this stunning single story Highland Village home. This charming 1953 remodel has been pristinely cared for and offers open kitchen/dining/living space, soaked in natural light from wall of sliders that open to the outdoor living space. The interior boasts wood floors, eat-up island, granite and stainless appliances. Spacious master suite with remodeled bath, double vanities, large walk-in shower and built-in cabinets - so much storage! Fourth bedroom currently used as an office. Expansive outdoor space features a living area complete with hung outdoor lighting and wired for your TV, large fully fenced yard and towering shade trees. Unbeatable location blocks from Burnet Road Corridor as well as Mopac Expressway, and close proximity to all Austin has to offer!",30.32823944091797,-97.7537612915039,0,FALSE,FALSE,FALSE,FALSE,Single Family,1953,725000,2018-05-25,5,2018,31,5,1,0,0,0,0,0,7361,2022,0.9666666666666668,7,1177,16,2,4,1,65
29342666,5017 Westfield Dr,78731,"Highland Village mid-century rambler located at the end of a cul-de-sac. Four bedrooms. Abundant natural light (double-hung windows and solar tubes). Master suite features his/her master closets, walk-in shower and high ceilings, stained/scored concrete floors. Updates throughout, including tankless hot water heater, Andersen sliding glass doors, updated kitchen w/cork flooring. Front yard sprinkler system. Spectacular Wood fired Tuscan oven. Six-foot metal fence. Text agent.",30.32987976074219,-97.7546844482422,2,FALSE,TRUE,FALSE,FALSE,Single Family,1954,825000,2019-04-24,4,2019,33,3,2,0,0,0,0,0,10018,2268,0.9666666666666668,7,1177,16,2,4,1,65
29342664,5013 Westfield Dr,78731,"Beautifully updated home within walking distance to Highland Park Elementary. Built in 2007 the home features pecan hardwood floors, solid surface countertops, ss appliances, solid birch interior doors, stone surround fireplace, covered porches front and back, custom cedar garage doors. Master has huge walk-in closet, separate jetted tub and shower. Landscaped large private yard, sprinkler system, pool with grotto, waterfall and spa. 6KW solar panels, updated HVAC and many more recent updates!",30.32951164245605,-97.75464630126952,2,FALSE,TRUE,TRUE,FALSE,Single Family,2008,874999,2019-10-19,10,2019,15,3,2,1,1,0,0,0,8407,2462,0.9666666666666668,7,1177,16,3,3,2,11
80101155,5012 Finley Dr,78731,"5012 Finley Dr, Austin, TX 78731 is a single family home that contains 2,046 sq ft and was built in 2007. It contains 3 bedrooms and 3 bathrooms. 
 
The Zestimate for this house is $808,228. The Rent Zestimate for this home is $3,650/mo.",30.326904296875,-97.74808502197266,0,FALSE,FALSE,FALSE,FALSE,Single Family,2007,680000,2019-04-04,4,2019,38,4,1,0,0,0,0,0,6229,2046,0.9333333333333332,7,1177,16,3,3,2,12
29342652,5010 W Frances Pl,78731,"RECENTLY UPDATED!  Move-in ready! Improved Price! Recent Kitchen Updates Include: New Countertops; New Backsplash; New Sink + Faucet; Dishwasher; Lighting. Fresh interior paint throughout. Open floor plan with great backyard great for entertaining. Close to Highland Park Elementary, Burnet Rd., MoPac, and Downtown. Hot location! Don't miss this opportunity to invest or live in Central Austin! *Optional remodel/renovation floorplans from the seller, attached (Plans to convey!)*",30.32897567749023,-97.75428009033205,1,FALSE,TRUE,FALSE,FALSE,Single Family,1953,479900,2018-08-31,8,2018,14,6,2,0,0,0,0,0,7143,1383,0.9666666666666668,7,1177,16,2,3,1,65
29342648,5018 W Frances Pl,78731,"5018 W Frances Pl, Austin, TX 78731 is a single family home that contains 1,377 sq ft and was built in 1954. It contains 2 bedrooms and 1 bathroom. 
 
The Zestimate for this house is $605,506. The Rent Zestimate for this home is $2,400/mo.",30.329689025878903,-97.75425720214844,0,FALSE,FALSE,FALSE,FALSE,Single Family,1954,529000,2019-10-28,10,2019,1,0,1,0,0,0,0,0,10018,1377,1,7,1177,16,1,2,1,65
29410460,4613 Finley Dr,78731,"Perfectly located in Central Austin, this brightly lit gem is mins from everything you need, from shopping to food trucks! Formal dining room, high ceilings & plentiful windows give life & character. Kitchen boasts see-through cabinetry, bfast area & plenty of storage! Enjoy double vanity in master bath + walk-in closet for extra space. Shady backyard comes w/ large deck & rock pathway, perfect for entertaining! Easy access to Mopac, 45th St, Burnet & Lamar! Walking distance to the new Grove development.",30.322160720825195,-97.75110626220705,0,FALSE,FALSE,FALSE,FALSE,Single Family,1954,624900,2020-02-06,2,2020,27,3,1,3,1,0,0,0,6577,1461,1.1333333333333333,7,1177,16,2,3,1,66
