date,market,TSLA,NVDA,WMT,F,AAPL,GOOG,MSTR,PG,GLD,AMZN,XOM,BRK-B,BRK-A,XLK,BA,JPM,CAT,TGT,DAL,UAL,AAL,LUV,ALK,JNK,VCIT,rf,AAL_price,AAPL_price,ALK_price,AMZN_price,BA_price,BRK-A_price,BRK-B_price,CAT_price,DAL_price,F_price,GLD_price,GOOG_price,JNK_price,JPM_price,LUV_price,MSTR_price,NVDA_price,PG_price,market_price,TGT_price,TSLA_price,UAL_price,VCIT_price,WMT_price,XLK_price,XOM_price
2023-10-06,0.0052186640630718095,0.03549281581538266,0.021883738234616867,-0.023048188817512028,-0.025182769958457252,0.021525325678113383,0.026337304028968722,0.03380977779959515,-0.007576312612839531,2.947424318111569e-4,-0.01158664878420601,-0.07316432640602288,-0.004998822976033823,-0.004801500113644996,0.01526939159021623,-0.0023957671503774813,0.01669787860833516,-0.02090398849405406,-0.015746447346430603,0.015089087841642979,0.004805400482272404,7.843316770066444e-4,-0.004045557066508887,-0.04778718568366869,-0.003357851659776867,-0.005456172524303526,0.0010284615479982816,12.760000228881836,175.2725067138672,35.06999969482422,127.95999908447266,187.3800048828125,525425,346.3399963378906,255.53366088867188,35.78936767578125,10.04429817199707,169.6999969482422,137.51756286621094,74.61223602294922,136.83506774902344,25.520593643188477,34.0629997253418,45.73002624511719,134.14236450195312,415.2779235839844,94.80491638183594,260.5299987792969,41.81999969482422,66.22954559326172,50.641075134277344,82.6357650756836,97.74082946777344
2023-10-13,0.004562962183455088,-0.03611869537557888,-0.006577658783241569,0.021865720987334747,-0.015833144230887886,0.007662280215683159,-0.0010812938821401774,-0.06578983764998614,0.004164185953289046,0.05380085472598517,0.014301298958685482,0.025193648688331294,-0.0036091702177547536,-0.0051862777751343625,0.002437302856045598,-0.013181775837010301,0.019986232695107686,0.0071417251470053955,0.06637470455736105,-0.0757989155366976,-0.07412717591446472,-0.08150469774279645,-0.06314604606932017,-0.05702880004002875,0.0014598793914868402,0.011640234313756936,0.0010246153978201058,11.720000267028809,176.61549377441406,33.06999969482422,129.7899932861328,184.91000366210938,522700,345.0899963378906,257.3586120605469,33.07657241821289,9.885265350341797,178.8300018310547,137.36886596679688,74.721160888671875,139.56988525390625,23.909069061279297,31.82200050354004,45.429229736328125,134.70095825195312,417.1728210449219,101.09756469726562,251.1199951171875,38.720001220703125,67.00047302246094,51.74837875366211,82.83717346191406,100.20327758789062
2023-10-20,-0.02389341151180191,-0.15582187951924364,-0.08961516500125954,-0.006694690150998217,-0.01439474130023466,-0.03337977669001968,-0.013277599841645893,0.09370876449519305,0.029680342537553583,0.02661742693115232,-0.0355959269294539,0.011012998174791733,-0.026746677922505402,-0.022383776544863232,-0.027812228704706787,-0.026337192577615465,-0.03412157537915772,-0.06513521022510393,-0.028129976017012948,-0.054838726418766415,-0.09375002463001769,-0.05460753658199391,-0.04611751288647248,-0.03175080879196024,-0.011999262394408294,-0.019309178005726735,0.0010192308059105506,11.079999923706055,170.72010803222656,32.02000045776367,125.16999816894531,180.0399932861328,511000,335.8599853515625,240.5955047607422,31.2626953125,9.742969512939453,183.58999633789062,135.54493713378906,73.8245620727539,134.8075408935547,22.806442260742188,34.80400085449219,41.35808181762695,138.6989288330078,407.20513916015625,98.253692626953125,211.99000549316406,35.09000015258789,65.70674896240234,51.401939392089844,80.53328704833984,101.30681610107422
2023-10-27,-0.024953126281073823,-0.02212369602281783,-0.021431918930602922,0.01518014116815869,-0.1443299513989682,-0.02695527020025268,-0.09755739933691865,0.16871617311473686,-0.006011701282309212,0.013944101583194035,0.020532074238392317,-0.04978383455886204,-0.012356321316873586,-0.014921722113502955,-0.017201484057035143,-0.001943961662841942,-0.05078702310320826,-0.0426967413758802,-0.014702008990622017,-0.04902274808281015,-0.033912756384562814,-0.014440419540958982,-0.0768595744937085,-0.024047484283435616,0.00578865981565535,0.006877593306793717,0.0010201922746805045,10.920000076293945,166.11830139160156,31.25,127.73999786376953,179.69000244140625,503375,331.7099914550781,230.32286071777344,29.730112075805664,8.336767196655273,186.14999389648438,122.32152557373047,74.25190734863281,127.96106719970703,21.05354881286621,40.67599868774414,40.47169876098633,137.8651123046875,397.0440979003906,96.80916595458984,207.3000030517578,33.900001525878906,66.15865325927734,52.182228088378906,79.14799499511719,96.26337432861328
2023-11-03,0.05846403257224386,0.061070928488835996,0.11123461778705379,0.021654244696605707,0.07677275469603617,0.050112940259650074,0.05648282437760743,0.11601440461845103,0.019774595335007916,-0.007305939591423449,0.08501650556881901,0.02112719758448489,0.06059511808898188,0.06047181524708223,0.06603791408708193,0.08548055207111593,0.05387269928362626,0.00918006956071693,0.05241079044155739,0.08809139533670729,0.10648957619953103,0.09706954748503338,0.06087728864771669,0.07392004394531249,0.03551507519358643,0.02239415873545969,0.0010101922658773568,11.979999542236328,174.44297790527344,33.560001373291016,138.60000610351562,195.0500030517578,533815,351.80999755859375,232.43724060058594,32.34907913208008,8.97680377960205,184.7899932861328,129.2305908203125,76.88896942138672,134.85467529296875,22.33523178100586,45.39500045776367,44.97355270385742,140.59133911132812,420.25689697265625,101.88301086425781,219.9600067138672,37.5099983215332,67.64022064208984,53.31219482421875,84.37476348876953,98.297149658203125
2023-11-10,0.01361893105921741,-0.02414081039872984,0.07399181664910448,0.009291779197153405,-0.06628781621230784,0.05658408919643865,0.028304257186227533,0.12166535420465863,0.008929112155101393,-0.028572969160300832,0.03578637255884165,-0.037390783175789144,-0.003553054230051589,-0.0036136114571527767,0.04517907267716037,0.008202977798990263,0.023986188474192094,-0.00444436216697075,-0.04005313759687168,0.021289564754825907,0.012796677643625465,-0.015024988178577559,-0.02278478721007704,0.020858072693622942,-0.005808895840450745,-2.6292224483481785e-4,0.0010096153846153846,11.800000190734863,184.3136749267578,34.2599983215332,143.55999755859375,196.64999389648438,531886,350.55999755859375,231.40420532226562,33.037776947021484,8.38175106048584,179.50999450683594,132.88836669921875,76.44232940673828,138.08932495117188,21.82632827758789,50.917999267578125,48.30122756958008,141.84669494628906,425.9803466796875,97.802276611328125,214.64999389648438,37.9900016784668,67.6224365234375,53.807559967041016,88.186737060546875,94.62174224853516
2023-11-17,0.023104305297608763,0.09154441981838457,0.019923428414286404,-0.06522655373724351,0.041582322617509826,0.017650286058301434,0.021482788094852046,-0.04509206278045719,-0.002245466226838966,0.02317421753333604,0.011284446536203863,0.020913525364447683,0.02387607021759086,0.023132776572423408,0.018271081837822,0.057920161419603655,0.04363842736354373,0.055866132869326846,0.211440705070699,0.05871969267913335,0.04659111779059644,0.04152540366083235,0.07124354708727787,0.07297139878809311,0.009039618845307684,0.01880845381370233,0.0010063461156991813,12.289999961853027,187.56686401367188,36.7599983215332,145.17999267578125,208.0399932861328,544190,358.92999267578125,244.3318634033203,34.977745056152344,8.730283737182617,183.6699981689453,135.74317932128906,77.13333892822266,144.11532592773438,23.38131332397461,48.62200164794922,49.263553619384766,141.52818298339844,435.82232666015625,118.48165893554688,234.3000030517578,39.7599983215332,68.8943099975586,50.29787826538086,89.798004150390625,96.600616455078125
2023-11-24,0.0100046033107144,0.004908211188671352,-0.030873356308141142,0.0045704731341835725,0.0126578946046072,0.0014760361335988126,0.009347166415712982,0.06996825505418736,0.002051925399703336,0.010072445810196617,0.010745370547487587,-0.0037157125666856805,0.010447719824259183,0.009757621418989615,0.008807303718843196,0.05748897856104862,0.004711510383237583,-0.022562888707239548,0.012087218058281834,0.001109147291488588,-0.001257526136098197,0.0016273765521359618,0.002418395270824103,0.011969599061393499,0.00371463125546434,0.0019365201882810545,0.0010101922658773568,12.3100004196167,187.84371948242188,37.20000076293945,146.74000549316406,220,549500,362.67999267578125,238.81903076171875,35.01654052734375,8.840790748596191,185.52000427246094,137.01199340820312,77.41986083984375,144.79432678222656,23.43785858154297,52.02399826049805,47.74262237548828,141.81858825683594,440.18255615234375,119.91377258300781,235.4499969482422,39.709999084472656,69.02772521972656,50.52776336669922,90.58888244628906,96.2416763305664
2023-12-01,0.008346354544006118,0.014355510412495498,-0.021161298178681953,-0.011021512885459606,0.017307964269753118,0.0066852545537046115,-0.03545063723812025,0.014301155635386031,0.008455575038386787,0.03498269774101326,0.0019762387575099627,-0.015109489496645478,-0.015468141239810662,-0.012895359417652408,0.0063446285250066126,0.06304543235085225,0.021492656788883346,0.038001452152940596,0.02525491275939995,0.054016743621788654,0.013346829670448868,0.057676686754254414,0.07318052100114358,0.06801071847873152,0.017299895068536575,0.021172460946005334,0.0010028846447284405,13.020000457763672,189.09950256347656,39.72999954223633,147.02999877929688,233.8699951171875,542414,357.07000732421875,247.89450073242188,36.90802001953125,8.993806838989258,192.00999450683594,132.1548309326172,78.75921630859375,147.90634155273438,25.153053283691406,52.768001556396484,46.73232650756836,143.0177459716797,443.8564758300781,122.94218444824219,238.8300018310547,40.2400016784668,70.48921203613281,49.97087097167969,91.16363525390625,94.78751373291016
2023-12-08,0.00239585448281443,0.020977241001655766,0.015934322884946228,-0.01891727083435757,0.0406425192642319,0.023373847367327505,0.024902495687803228,0.13589670649105035,-0.049194313210839336,-0.03317533096935077,0.002652515764717256,-0.03340126910930141,-0.011174337441145488,-0.00445047509835661,0.005819650179931468,0.04630778662148605,0.01071164394796753,0.010671294509533302,0.00304196067611584,0.060446712507503664,0.018141140948981782,0.05683561790329361,0.08917194264483697,-0.10369994914056968,-0.001398607088859083,-6.328496025937991e-4,0.0010063461156991813,13.760000228881836,193.5194854736328,35.61000061035156,147.4199981689453,244.6999969482422,540000,353.0799865722656,250.53985595703125,39.13898849487305,9.35933780670166,185.63999938964844,135.44581604003906,78.64906311035156,149.49066162109375,27.395999908447266,59.93899917602539,47.47697448730469,135.98208618164062,444.9198913574219,123.31616973876953,243.83999633789062,40.970001220703125,70.4446029663086,49.02555847167969,91.69417572021484,91.621490478515625
2023-12-15,0.023974056073971406,0.039616157345751635,0.029133272547117173,0.012461954615384796,0.09173487975364125,0.009503967398207802,-0.02049190808574075,-0.04834913578226052,-0.008198415525080383,0.0073260106379176015,0.01729753821347546,0.013560899098110646,0.009686228497220117,0.008292592592592518,0.02700078603564049,0.07997544875151363,0.04232899391855893,0.10111745997717336,0.02352230488618745,0.049318565765413824,0.06370516310926222,0.05305229143122259,-0.0020640664734253855,0.09379388080147844,0.019717636285502715,0.024828785761126904,0.0010048076739678016,14.489999771118164,195.3586883544922,38.95000076293945,149.97000122070312,264.2699890136719,544478,356.5,275.8738098144531,41.06926727294922,10.217915534973145,187,132.67027282714844,80.19983673095703,155.81845092773438,27.339452743530273,57.04100036621094,48.86013412475586,134.86724853515625,455.58642578125,126.21685028076172,253.5,43.58000183105469,72.19365692138672,49.636512756347656,94.16999053955078,92.86396026611328
2023-12-22,0.009204512449077829,-0.0037870087332039226,-0.0012272423601059623,0.02559892418594223,0.02745434332801855,-0.020094232403009116,0.06634782031631059,0.08560508036003056,0.00916926321410716,0.017486653863427515,0.023004580383813034,0.010009969712940547,-8.414804851852864e-5,-0.003449175173285246,0.0040361178182148905,-0.014492703415019514,0.013133441405256185,0.01616877214435264,0.013225258628844827,-0.02857813748425375,-0.023634753343680925,-0.012422315689765817,0.023129472007563656,0.044415905220787755,0.0074059501597847355,0.0036465791999147346,0.0010015384967510517,14.3100004196167,191.43310546875,40.68000030517578,153.4199981689453,260.44000244140625,542600,356.4700012207031,280.3343505859375,39.89558410644531,10.498441696166992,190.27000427246094,141.47265625,80.793792724609375,157.86488342285156,27.971799850463867,61.92399978637695,48.8001708984375,136.1038818359375,459.7798767089844,127.88610076904297,252.5399932861328,42.54999923706055,72.45691680908203,50.90715408325195,94.5500717163086,93.79352569580078
2023-12-29,0.0035048961351360486,-0.0160766518829899,0.014171550712783088,0.006383661901962601,-0.012955635571118562,-0.0055268074632385256,-0.0125419131554243,0.019992231875737065,0.008672933541292505,0.0047300881708900455,-0.00964669368532578,-0.01893814761294499,5.330110268904065e-4,4.607445632132112e-5,0.002238949227809872,8.447289918629419e-4,0.016128909097991473,0.018287510684742214,0.01583477242693676,-0.021881957334151325,-0.030317295855642912,-0.03983232926514502,-0.021016988493706812,-0.03957720251409924,-8.436416764654453e-4,0.004448528509783944,9.96153813142043e-4,13.739999771118164,190.37509155273438,39.06999969482422,151.94000244140625,260.6600036621094,542625,356.6600036621094,285.4609680175781,39.02259063720703,10.362427711486816,191.1699981689453,139.6983184814453,80.72563171386719,160.41107177734375,27.3839168548584,63.1619987487793,49.49174499511719,137.2843017578125,461.391357421875,129.91114807128906,248.47999572753906,41.2599983215332,72.77924346923828,51.23212814331055,94.76176452636719,92.01725006103516
2024-01-05,-0.01554778689838765,-0.04422887324267999,-0.008581956910008404,-0.005962459964282019,-0.027891659633125676,-0.05895199761598313,-0.025118759481561947,-8.548975786800694e-4,0.006005181245793079,-0.009520280812166382,-0.044096333030045565,0.02650518597930418,0.02503783038212859,0.02151577977424557,-0.043433038012452574,-0.04473261527773209,0.019002254416087272,-0.022795738928381826,-0.011725942777756293,0.007705724344540199,0.012118274850705824,-0.010189184278060925,0.009348989928926299,-0.02866646891817448,-0.008973080663499333,-0.01377938744277496,0.0010038461134983944,13.600000381469727,179.152099609375,37.95000076293945,145.24000549316406,249,554300,365.5899963378906,278.95367431640625,39.32328796386719,10.073402404785156,189.35000610351562,136.18927001953125,80.00127410888672,163.45924377441406,27.639928817749023,63.108001708984375,49.06700897216797,138.1087188720703,454.2177429199219,128.3878173828125,237.49000549316406,41.7599983215332,71.7763900756836,50.926658630371094,90.6459732055664,94.45618438720703
2024-01-12,0.018721083926981796,-0.07831911100802513,0.11432451330685134,0.029417417883497388,-0.032911289583524295,0.026161766649813956,0.04985793194626509,-0.23063636798855658,0.021570985957165556,0.0019012442500516702,0.06458268568755265,-0.026113194709028176,-0.005388553408016028,-0.004510193036261989,0.04410171103821692,-0.12570282350103534,-0.01869168300666557,0.005122334547018825,0.001136792573921852,-0.05106067267318071,-0.04741378404738483,-0.028676495028201465,-0.0198970650148782,-0.07325434883018467,0.01320827428991267,0.01272455256899141,9.996153758122372e-4,13.210000038146973,183.8390350341797,35.16999816894531,154.6199951171875,217.6999969482422,551800,363.6199951171875,280.382568359375,37.31541442871094,9.741873741149902,189.7100067138672,142.97938537597656,81.057952880859375,160.40391540527344,27.089975357055664,48.553001403808594,54.676570892333984,141.08786010742188,462.72119140625,128.5337677001953,218.88999938964844,39.779998779296875,72.68971252441406,52.42478942871094,94.64361572265625,91.98963165283203
2024-01-19,0.01206256403979089,-0.030608967823675948,0.08738813944053403,0.006570765119650712,-0.022687698939657386,0.030335634530827438,0.02585979932119553,-0.009330070574215088,-0.013931034721436641,-0.0093828157455641,0.004656585457511131,-0.030015015843145143,0.009267903752381512,0.008898151504168172,0.04125052155850395,-0.01231048559186898,0.007453413076634163,-0.013113687440517552,-0.019658069737258033,-0.03093330901659086,-0.024132707740862958,0.034065087658263105,0.04970242447536766,-0.009382940959286268,-0.007779430572638857,-0.010840206532903518,9.996153758122372e-4,13.65999984741211,189.41590881347656,34.84000015258789,155.33999633789062,215.02000427246094,556710,366.989990234375,276.7057189941406,36.16112518310547,9.520853042602539,187.92999267578125,146.6768035888672,80.4273681640625,161.59947204589844,28.436412811279297,48.099998474121094,59.454654693603516,139.1223602294922,468.30279541015625,126.00704193115234,212.19000244140625,38.81999969482422,71.90174102783203,52.76926040649414,98.54771423339844,89.22856140136719
2024-01-26,0.010322804060592716,-0.1363872100873258,0.02588632476181174,0.011639290992756957,0.016964165692877398,0.004489525608324607,0.03933239366494701,0.028066576541466937,0.058073996632638014,-0.004895430238921472,0.024333712298246324,0.062403262967571926,0.05016486594185299,0.04596648165112893,0.007893258152957827,-0.04441448638265577,0.011567163016426907,0.04960046180181443,0.03177931453721072,0.06303686026426503,0.09608448149301863,0.10761349073567517,0.0033344579434926302,0.055396104957606385,0.0066751560647846375,0.001494752132915833,9.999999633202186e-4,15.130000114440918,190.26629638671875,36.77000045776367,159.1199951171875,205.47000122070312,582300,385.3999938964844,290.4304504394531,38.440608978271484,9.682366371154785,187.00999450683594,152.44595336914062,80.9642333984375,163.46871948242188,28.531232833862305,49.45000076293945,60.993717193603516,147.20175170898438,473.1369934082031,130.01145935058594,183.25,42.54999923706055,72.00921630859375,53.38345718383789,99.32557678222656,94.79671478271484
2024-02-02,0.014238423432055392,0.025429760775494525,0.08403924489483083,0.03226397481862597,0.06584742950567724,-0.03414395941646087,-0.06664939726933994,0.011324520727074239,0.012488734856194839,0.008555725097661337,0.07975114901216784,-0.010000004024081743,0.013881697426680883,0.012361325777090926,0.0024287949075498805,0.019029559735630253,0.014221019041572136,0.05229937505418025,0.020767728768650295,0.008831420143445845,-0.027732087575409792,-0.03767347590963854,0.009305493708862578,-0.017405476793060703,-2.882546637136274e-4,0.006714703097731034,0.0010019230842590332,14.5600004196167,183.7698516845703,36.130001068115234,171.80999755859375,209.3800048828125,589498,390.75,305.6197814941406,38.780094146728516,10.319925308227539,188.61000061035156,142.2855224609375,80.9408950805664,165.7934112548828,28.796730041503906,50.0099983215332,66.11958312988281,149.0401153564453,479.87371826171875,132.7115020751953,187.91000366210938,41.369998931884766,72.49273681640625,55.10581970214844,99.56681823730469,93.84874725341797
2024-02-09,0.013856782237046339,0.03012082141346184,0.0902813916601839,-0.0017101330088068467,0.044481004278073444,0.017438642007363114,0.04653739309181604,0.29238164273943945,-0.004238037334656886,-0.005354936130467891,0.015365807736235526,-0.0019613943418809177,0.01947533039427385,0.016271471658936942,0.027689755932796656,-8.597188383440146e-4,0.001602420592931475,0.006569541973382886,0.007148358799045296,0.01325658183691103,0.023205291852933296,0.021978000384744734,0.06980575952226098,0.029338431421448208,0.003176239986766083,-0.008428115693837168,0.0010038461134983944,14.880000114440918,186.97454833984375,37.189998626708984,174.4499969482422,209.1999969482422,599090,398.3599853515625,307.6275634765625,39.294185638427734,10.778965950012207,187.60000610351562,148.90711975097656,81.19798278808594,166.05908203125,30.806907653808594,64.63200378417969,72.08895111083984,148.40847778320312,486.5232238769531,133.66017150878906,193.57000732421875,42.33000183105469,71.88175964355469,55.01158142089844,102.32379913330078,93.6646728515625
2024-02-16,-0.003371953006051198,0.032959597988428735,0.006654042193314114,0.0063798821659257765,-0.0037942714773151476,-0.03463074090117779,-0.056317507818858914,0.08237401265380195,5.717606382333873e-4,-0.0067164697474996204,-0.02831758399440909,0.028731879666519466,0.01915354243242784,0.0183545043315696,-0.025355909000927213,-0.025382397877890428,0.02297027395769935,0.0149767765769806,0.021019337402262472,-0.009627177089790218,-0.008032131771335216,-0.016129016752173708,0.0443215484792554,0.008873402614693493,-0.005804591318322561,-0.004500256111273471,0.0010044230864598202,14.640000343322754,180.49948120117188,37.52000045776367,169.50999450683594,203.88999938964844,610086,405.989990234375,312.2348327636719,38.9158935546875,10.738067626953125,186.33999633789062,140.5210418701172,80.7266616821289,169.87350463867188,32.17231750488281,69.95600128173828,72.568634033203125,148.4933319091797,484.8826904296875,136.46961975097656,199.9499969482422,41.9900016784668,71.55827331542969,55.362548828125,99.72928619384766,96.3558349609375
2024-02-23,0.01669633567034956,-0.039909956735856844,0.08543936761778848,0.03052361475536358,-0.01300818495729894,0.0011518939466308442,0.024901438096544215,-0.017325146715557516,0.022347782633978408,0.012235691875632337,0.0323285420560091,0.0010602909746917355,0.027660807548100186,0.03088744865477988,0.013427463278159912,-0.01500808066974324,0.027705084870603525,0.006119743598840932,0.019998606836363564,0.042355057575462984,0.08382939991334948,0.033469928936282534,-0.004421030664779058,0.03011729888935588,0.005307813388236715,0.003265173916223496,0.0010076922636765699,15.130000114440918,180.7073974609375,38.650001525878906,174.99000549316406,200.8300018310547,628930,417.2200012207031,314.1456298828125,40.564178466796875,10.598384857177734,188.6199951171875,144.0202178955078,81.15514373779297,174.57986450195312,32.03008270263672,68.74400329589844,78.76885223388672,151.81182861328125,492.97845458984375,139.19882202148438,191.97000122070312,45.5099983215332,71.79192352294922,57.05241394042969,101.06839752197266,96.45800018310547
2024-03-01,0.009845289545236113,0.05558159140020158,0.04392443099065124,0.004101043945860194,0.025535461754891298,-0.015669467796575853,-0.04962478713534102,0.5701588184516273,-0.013537753011818143,0.022638131603216483,0.018458172616408364,0.019260468072979542,-0.024231858107379156,-0.023794380932695258,0.026645103427982653,-0.004132857757741415,0.007065302039127586,0.03958247603149201,0.025152002722050648,0.010546419782622163,-0.014721999421131615,0.03502972432005014,0.005328414454890407,-0.042690852800461476,0.0025427823028443264,0.003683881813547396,0.0010028846447284405,15.65999984741211,177.8758087158203,37,178.22000122070312,200,613965,407.1099853515625,326.5802917480469,40.99198532104492,10.869019508361816,192.88999938964844,136.8732452392578,81.36150360107422,175.81332397460938,32.20075225830078,107.93900299072266,82.228729248046875,149.7566375732422,497.83197021484375,142.699951171875,202.63999938964844,44.84000015258789,72.056396484375,57.2863883972168,103.7613754272461,98.315826416015625
2024-03-08,-0.0022032178345582354,-0.13472168937023987,0.06384499963072532,0.023144998998820165,-0.021686685251100846,-0.0497048665515053,-0.012963698945109514,0.3207367289612413,0.009442912293311068,0.0453108275225238,-0.016103664558016484,0.023998459777757386,-0.009727080144345868,-0.006868469701041602,-0.016179454862869425,-0.007549972534179661,0.01581300009321218,0.00739521237582097,0.09292295624115687,0.0018976711186684536,-0.034344355715584585,-0.06257979257887913,0.014185840601030675,-0.011081076957084046,0.0030716747552446133,0.008508905005370382,0.0010053846469292274,14.680000305175781,169.03451538085938,36.59000015258789,175.35000610351562,198.49000549316406,609748,403.1499938964844,328.99542236328125,41.06977462768555,10.633306503295898,201.6300048828125,135.09886169433594,81.611419677734375,178.5934600830078,32.65754699707031,142.5590057373047,87.47862243652344,151.1707763671875,496.7351379394531,155.96005249023438,175.33999633789062,43.29999923706055,72.66951751708984,58.612281799316406,102.08257293701172,100.67525482177734
2024-03-15,-5.97959687576699e-4,-0.06712666396428113,0.003530438431962102,0.012752412030101468,-0.009852257837114964,0.011069931826096946,0.04314331896028367,0.2502611919171096,0.006423354982392437,-0.009522383189254136,-0.005303723422862561,0.026665490526578184,0.01235274975002687,0.01375322264279677,-0.008295187944963645,-0.08040710500366655,0.011050809441759846,0.022937201000100105,-0.03240632666203436,0.020833358489234177,0.007390293313223273,-0.049046338696257075,-0.1725043744991812,0.043454499752862974,-0.003590455317635688,-0.0102981236940205,0.0010073076761685886,13.960000038146973,170.9057159423828,38.18000030517578,174.4199981689453,182.52999877929688,618134,408.1300048828125,336.5416564941406,41.92539596557617,10.528544425964355,199.7100067138672,140.92747497558594,81.31839752197266,180.5670623779297,27.023977279663086,178.23599243164062,87.78746032714844,152.1417999267578,496.4381103515625,150.9059600830078,163.57000732421875,43.619998931884766,71.92115783691406,59.3597297668457,101.23577880859375,103.35980987548828
2024-03-22,0.022321181581387517,0.044384631544618136,0.0734541881538382,0.0031310735561937975,0.07048084058855553,-0.001969737538856653,0.06752478907402182,-0.1455148818487384,0.0017350724844080734,0.003204643573846422,0.025513111999530436,0.01995139056969375,0.008502195817970959,0.007936790404669436,0.022499889970560405,0.03462448565433052,0.03321082104640127,0.03210632187008877,0.02685430696943203,0.05728206319444684,0.06533705544717705,0.06160455976556012,0.003527228688004369,0.036144606000125146,0.007948537162366653,0.008273707548120512,0.0010038461134983944,14.819999694824219,170.56907653808594,39.560001373291016,178.8699951171875,188.85000610351562,623040,411.6000061035156,347.3467712402344,44.326969146728516,11.270605087280273,200.35000610351562,150.44357299804688,81.96475982666016,186.5638427734375,27.11929702758789,152.3000030517578,94.2358169555664,152.40577697753906,507.5191955566406,154.95843505859375,170.8300018310547,46.470001220703125,72.5162124633789,59.545589447021484,103.5135726928711,105.42198181152344
2024-03-28,0.0035687078636585934,0.029034662541205014,-0.041712149694328904,-0.011499969986262903,0.028659970827763503,-0.004643502679047118,0.0032286725351362566,0.11921201731306463,0.0036495557447813187,0.026803069396528878,0.008441939994663139,0.02423130337743795,0.02167148391128282,0.01829738058551622,-0.007812949711340833,0.02192215650434859,0.018716331737038683,0.023233199427264095,0.05088063874865645,0.05001089065975539,0.03034215214920044,0.03576253019968734,0.02601080493183372,0.08670374585708562,9.461724230530599e-4,9.947558324201466e-4,0.0010005769362816444,15.350000381469727,169.77703857421875,42.9900016784668,180.3800048828125,192.99000549316406,634440,420.5199890136719,355.416748046875,46.543800354003906,11.593620300292969,205.72000122070312,150.92930603027344,82.04231262207031,190.05563354492188,27.824691772460938,170.45599365234375,90.30503845214844,152.9619903564453,509.33038330078125,162.8428192138672,175.7899932861328,47.880001068115234,72.588348388671875,58.860816955566406,102.70482635498047,107.97649383544922
2024-04-05,-0.008870840273226599,-0.06194891521454704,-0.02598605900986295,-0.005318207830066202,0,-0.011079846435197771,0.011033733371629495,-0.1557938749283413,-0.037904469611852676,0.04579038553883352,0.026000678093191176,0.044132866567109685,-0.00451820114649204,-0.005020175272681393,-0.008738626180727072,-0.051038944106691186,-0.008478432716314765,0.03512258318009431,-0.030697989433537076,-0.03781077532021904,-0.09795326517921632,-0.10358306925564076,-0.029119589650560274,-0.011863273233737148,-0.008247771645378932,-0.008551443616450993,0.0010028846447284405,13.760000228881836,167.89593505859375,42.47999954223633,185.07000732421875,183.13999938964844,631255,418.6199951171875,367.89990234375,44.78394317626953,11.593620300292969,215.13999938964844,152.59461975097656,81.36564636230469,188.4442596435547,27.014448165893555,143.89999389648438,87.95836639404297,147.16404724121094,504.81219482421875,157.8438720703125,164.89999389648438,43.189998626708984,71.96761322021484,58.54778289794922,101.80732727050781,112.74180603027344
2024-04-12,-0.014620940090387391,0.03729538740392013,0.00202239957588235,0.004845467961519301,-0.05045171456417119,0.04110139315480876,0.034104096009365925,0.028200130850218885,-0.0049326339257339535,0.008134238193570509,0.005727549125433162,-0.008239329880017299,-0.03669195339621234,-0.0366951548898623,-0.00498924992262495,-0.07420550607831211,-0.07424685723743296,-0.03603986746458665,-0.032892981515896036,0.017368632388749417,-0.03218336267296973,-0.04433143896837943,-0.02822884217160193,-0.027777785261097976,-0.005004708029943128,-0.009053487995628884,0.001005769234437209,13.149999618530273,174.79669189453125,41.29999923706055,186.1300048828125,169.5500030517578,608091,403.260009765625,354.6408386230469,45.5617790222168,11.008702278137207,216.88999938964844,157.79872131347656,80.95843505859375,174.45286560058594,26.251861572265625,147.95799255371094,88.1362533569336,146.43814086914062,497.4313659667969,152.65191650390625,171.0500030517578,41.79999923706055,71.31605529785156,58.83147430419922,101.29938507080078,111.8128890991211
2024-04-19,-0.03071350862472133,-0.14030984841747052,-0.13591711358750436,-0.010143027786095438,-0.037272097163926876,-0.0654205028232786,-0.021797714586195838,-0.20645717688977805,0.024664347184580215,0.019088014206735338,-0.061784772461809134,-0.004070747585605661,0.004513159655226806,0.005185079206895038,-0.0627494019399567,0.0015924757747041163,0.01646723857540433,-0.026467207148242133,0.013122993591888843,0.015151610294491302,0.22918665085909629,0.07300380730005429,0.06681204597423229,0.08983048796629256,-0.004708999316206053,-0.007232599642815085,0.0010086538241459774,14.109999656677246,163.3614044189453,45.0099983215332,174.6300048828125,169.82000732421875,611244,405.0799865722656,345.2544860839844,46.252113342285156,10.598384857177734,221.02999877929688,154.35906982421875,80.57720184326172,177.32562255859375,28.005802154541016,117.41100311279297,76.15702819824219,150.04994201660156,482.15350341796875,154.65516662597656,147.0500030517578,51.380001068115234,70.80025482177734,58.234745025634766,94.94290924072266,111.35772705078125
2024-04-26,0.026456076337000756,0.1444405970321474,0.15137796289220629,0.010583006335235456,0.05354221623775368,0.02606067801084122,0.11539939004016975,0.09221455563753889,0.01991910855689416,-0.019952059387707166,0.028574644075189726,-0.016015957927853597,-0.00735652356949601,-0.007074098068856283,0.03791638250172347,-0.015310363863968779,0.041388540197012214,-0.03180522321561552,-0.021152720823017668,0.049400752875490506,0.028415707553939296,-0.016300464056176356,-0.07998634621312417,-0.023328133219641,0.007849421692074365,0.0021728609835569568,0.0010073076761685886,13.880000114440918,167.61871337890625,43.959999084472656,179.6199951171875,167.22000122070312,606920,402.1000061035156,334.2735900878906,48.53700256347656,11.16584587097168,216.6199951171875,172.17201232910156,81.209686279296875,184.6648712158203,25.76572036743164,128.23800659179688,87.6855239868164,153.03880310058594,494.9093933105469,151.3837890625,168.2899932861328,52.84000015258789,70.95409393310547,58.851043701171875,98.54280090332031,109.57422637939453
2024-05-03,0.005961513310165811,0.07665345338353169,0.012013364172660967,-0.005651744864089037,-0.0281470192184341,0.08316595448727626,-0.02705986148758377,-0.04629675902756314,0.019654020404303196,-0.016895893665496264,0.036688630307445624,-0.016615939451249284,-0.0030589678379946417,-0.006458841362947387,0.013611431595758505,0.07517038615996263,-0.01540150106629401,-0.019308024292195025,-0.04066993458781942,0.03265233559714309,-0.02252079150780817,-0.0021613640290952807,-0.03255652782089824,-0.029117352273762664,0.011597363325177579,0.01462114096683953,0.0010067307949066162,13.850000381469727,181.5588836669922,42.68000030517578,186.2100067138672,179.7899932861328,603000,400.8699951171875,327.8194274902344,50.121849060058594,10.851560592651367,212.9600067138672,167.5130615234375,82.15150451660156,181.8207550048828,24.926877975463867,122.3010025024414,88.738922119140625,156.046630859375,497.85980224609375,145.22702026367188,181.19000244140625,51.650001525878906,71.99152374267578,58.5184326171875,99.88410949707031,107.75354766845703
2024-05-10,0.018678400649263516,-0.07020255560080668,0.01226504119785532,0.01453280831819237,-0.02368252362355372,-4.4576511792138174e-4,0.007692836015148696,-0.034774906946166806,0.014532391378153209,0.02700037480617512,0.006820197453853094,0.016896693893916792,0.02788932275291134,0.031509121061359835,0.014761675250782647,-0.007119410573978802,0.04335745675596403,0.05357100134267534,0.032206970708365645,0.020368529391036283,0.020716353595616077,0.03971113515609748,0.04627158460533254,0.025304545656867017,-0.0026519902650151694,-0.001766094857468814,0.0010082692366379957,14.399999618530273,181.4779510498047,43.7599983215332,187.47999572753906,178.50999450683594,622000,412.04998779296875,345.38104248046875,51.142757415771484,10.594568252563477,218.7100067138672,168.8017120361328,81.93363952636719,189.70404052734375,26.080284118652344,118.0479965209961,89.82730865478516,158.31436157226562,507.1590270996094,149.9043426513672,168.47000122070312,52.720001220703125,71.8643798828125,59.36886978149414,101.35856628417969,109.57422637939453
2024-05-17,0.016530827801424897,0.053362648709112115,0.02893914434919087,0.06894844778960207,0.02418677835777694,0.03725757753983139,0.04110647155019498,0.3422506236271461,0.004734711029763972,0.022632695333040465,-0.014828242173298256,0.02248004872263576,0.011867527710968995,0.01185691318327975,0.03055391422229281,0.036076425071872587,0.030286241385844903,0.0041714358522231265,-0.011633293570698533,0.0038095687051173943,0.04267829946704227,0.022916661975560304,0.018274877537557854,-0.010740343327997448,0.004998600455191848,0.008089043387864647,0.0010076922636765699,14.729999542236328,188.2393798828125,43.290000915527344,184.6999969482422,184.9499969482422,629375,416.94000244140625,346.82177734375,51.337589263916016,10.85081672668457,223.66000366210938,175.7405548095703,82.34319305419922,195.449462890625,26.55689811706543,158.4499969482422,92.42683410644531,159.06393432617188,515.54278564453125,148.16046142578125,177.4600067138672,54.970001220703125,72.44569396972656,63.46226119995117,104.4554672241211,112.03746032714844
2024-05-24,-1.88240241431048e-5,0.01003042213430616,0.15127759383948414,0.011291305955891229,-0.009772009014664018,5.793398039113384e-4,-0.0054147952481707895,0.0633259499860317,-0.01377947959472825,-0.03460612253613815,-0.021386015232848554,-0.05198912847921966,-0.02285700274258562,-0.02141012909632567,0.015909504413313513,-0.05639358122671423,-0.01992282599327222,-0.020686591833487977,-0.09304938369761662,-0.016318739387692238,-0.058941269902073934,-0.06042087014982467,-0.036611653293437074,-0.013629016865561394,-0.0022225749236510772,-0.0025077925549111812,0.0010086538241459774,13.84000015258789,188.3484344482422,42.70000076293945,180.75,174.52000427246094,615900,407.4100036621094,339.647216796875,50.49982452392578,10.744782447814941,215.9199981689453,174.78895568847656,82.1601791381836,191.55555725097656,25.584606170654297,168.48399353027344,106.40894317626953,156.8721160888672,515.5330810546875,134.3742218017578,179.24000549316406,51.72999954223633,72.2640151977539,64.1788330078125,106.11730194091797,106.21273040771484
2024-05-31,-0.003910024680062518,-0.006471789927241511,0.029717650805718865,0.005812377675448399,-0.00246708869421719,0.011948699257420925,-0.013440717299191274,-0.09517217669961697,-0.004778338122695236,-0.002871411274755542,-0.02384507639609268,0.03385644450334602,0.017157139421083656,0.018671862315310817,-0.02337456584787112,0.017705685664931137,0.00956595958908002,-0.02975059211684916,0.07525990623355949,-0.015817980445416158,0.024357281024170563,-0.16907515366973047,0,-0.01592506541044314,7.426943088610916e-4,0.001131359661833642,0.0010086538241459774,11.5,190.5989532470703,42.02000045776367,176.44000244140625,177.61000061035156,627400,414.3999938964844,329.5425109863281,49.701019287109375,10.718274116516113,215.3000030517578,172.43966674804688,82.22119903564453,193.38796997070312,25.584606170654297,152.44900512695312,109.5711669921875,156.12252807617188,513.517333984375,144.48721313476562,178.0800018310547,52.9900016784668,72.34577178955078,64.55186462402344,103.63685607910156,109.8087158203125
2024-06-07,0.012591002901538362,-0.003369306476562417,0.1026607412820979,0.0018247377183298052,0.0016487341983331127,0.02413511771948218,0.011439158602340349,0.04703861454696057,0.015315424321756144,-0.01718530838735155,0.044547724447928205,-0.03846153311700362,-0.00164090899082181,-0.008143130379343333,0.025885000541082226,0.0711108881223459,-0.013226105924676212,-0.028299712301275814,-0.06506163089809669,-0.011368025233896795,1.886831707209602e-4,0,0.03390465957869049,-0.030461655529572473,0.0011829935834035687,0.002633797714844288,0.0010073076761685886,11.5,195.19908142089844,40.7400016784668,184.3000030517578,190.24000549316406,622291,413.7200012207031,320.216552734375,49.136016845703125,10.735945701599121,211.60000610351562,174.4122314453125,82.31846618652344,190.8302001953125,26.452043533325195,159.6199951171875,120.81982421875,158.51361083984375,519.9830322265625,135.08663940429688,177.47999572753906,53,72.53631591796875,64.6696548461914,106.31949615478516,105.5853042602539
2024-06-14,0.01642310105803202,0.002986245165965018,0.09101675059307546,0.017304318906854244,-0.03621386894284717,0.07923226042122744,0.014907771288192428,-0.06306223888370133,-0.0016162338804976972,0.019517908813306173,-0.003472595654101518,-0.032283839683243554,-0.01977180859432892,-0.018304940935992997,0.05598324395614118,-0.0681770439770576,-0.030857616129154053,-0.022709355775014872,-0.03315054109109217,-0.03409997832417955,-0.062452856099830534,-0.019130458002505124,0.022702689528758313,-0.010063815182138725,0.0023423382009011284,0.011689322512379752,0.0010076922636765699,11.279999732971191,210.66514587402344,40.33000183105469,183.66000366210938,177.27000427246094,610900,405.5400085449219,312.94464111328125,47.460479736328125,10.347155570983887,215.72999572753906,177.0123291015625,82.51128387451172,184.94163513183594,27.052576065063477,149.5540008544922,131.8164520263672,158.25741577148438,528.52276611328125,130.6084442138672,178.00999450683594,49.689998626708984,73.38421630859375,65.7887191772461,112.2716064453125,102.17660522460938
2024-06-21,0.006423601307123938,0.028088310512295322,-0.040263937158304564,0.013279510206296807,0.011101608613410363,-0.02353059878890218,0.010595758179692938,-0.007876711874530096,0.008813429959124708,-0.004403638655062214,0.029511042474532623,0.015122278960480351,0.010060626538191952,0.006713046325094174,0.0032504139806399657,-0.004005227600581085,0.013004508538749127,0.01981526285353752,0.03520825556936069,0.013546780608094888,-0.030388375191492956,-0.0070921919858044635,0.005586765487764822,0.021076083201825746,0.004460967298969054,-0.0017395434020861522,0.0010028846447284405,11.199999809265137,205.70806884765625,41.18000030517578,189.0800018310547,176.55999755859375,615001,409.6199951171875,319.1457214355469,48.103416442871094,10.46202564239502,214.77999877929688,178.88790893554688,82.879364013671875,187.34671020507812,27.203712463378906,148.37600708007812,126.50900268554688,159.65220642089844,531.91778564453125,135.20693969726562,183.00999450683594,48.18000030517578,73.256561279296875,66.66236114501953,112.63653564453125,103.72174835205078
2024-06-28,-5.327632166414187e-4,0.08125244971482215,-0.023939276029822598,-0.0029449838965506236,0.05912164641230366,0.015084987453717336,0.017530369089762354,-0.07162887174682764,-0.01985001004017317,0.0010708433226849223,0.022054147073000685,0.03936442300881282,-0.006884447433802565,-0.004487797580816966,-0.007806822990977236,0.030867676844147818,0.03036157327189848,0.016044342927127753,0.013070536000655553,-0.03928708451103413,0.009962630535408357,0.011607153272750637,0.008815235392194198,-0.01894120382507236,-0.0031721881396616913,-0.005227099181785544,0.0010024999655210054,11.329999923706055,208.81117248535156,40.400001525878906,193.25,182.00999450683594,612241,406.79998779296875,324.2662048339844,46.21357345581055,11.080557823181152,215.00999450683594,182.0238800048828,82.616455078125,193.03485107421875,27.443519592285156,137.7480010986328,123.48046875,156.4831085205078,531.6343994140625,136.9741668701172,197.8800048828125,48.65999984741211,72.87364196777344,66.4660415649414,111.7572021484375,107.80469512939453
2024-07-05,0.019146646877064466,0.2710733680313726,0.01853649145076086,0.03441145650452371,0.023923454447603687,0.07463669692953023,0.04655985853772737,-0.06951827940837796,0.0017584117913147512,0.027533595275530676,0.03492884864165591,-0.015201508091512217,0.010742442885690595,0.010296598888346331,0.029394862454465542,0.015493694903182087,0.018119188676196663,-0.01425977278363344,-0.016144392746631042,-0.02993253353326819,-0.03411425919888067,-0.025595760265298195,-0.05837121362706443,-0.051237614273312526,0.009110323820837651,0.010534989919065652,0.0010048076739678016,11.039999961853027,224.39614868164062,38.33000183105469,200,184.8300018310547,618545,411.1700134277344,319.6422424316406,44.830284118652344,11.345643043518066,220.92999267578125,190.49888610839844,83.3691177368164,196.53248596191406,25.84160804748535,128.1719970703125,125.76936340332031,156.75827026367188,541.81341552734375,134.76280212402344,251.52000427246094,47,73.64136505126953,68.75323486328125,115.04228973388672,106.16590118408203
2024-07-12,0.009645974443597494,-0.013080504488851452,0.02710016874896337,-0.0114220255971621,0.09267911312727017,0.018556202743011507,-0.026984825626264808,0.08975437744348724,0.00847389984338065,0.009867415049298112,-0.02754997253417968,-8.820458116226559e-4,0.032273727607337266,0.03387789085676873,0.003950573595830287,-0.013634173280831163,7.323008088615524e-4,0.022049473378793705,0.04943378003275667,-0.052151507957375776,-0.048510612325465385,-0.03260866466677248,0.021900520687060387,0.0020870861606014923,0.006871927035970282,0.008324837103946381,9.996153758122372e-4,10.680000305175781,228.56008911132812,38.40999984741211,194.49000549316406,182.30999755859375,639500,424.44000244140625,326.690185546875,42.49231719970703,12.397147178649902,223.11000061035156,185.35830688476562,83.94202423095703,196.67640686035156,26.40755271911621,139.67599487304688,129.177734375,158.0866241455078,547.03973388671875,141.4246368408203,248.22999572753906,44.720001220703125,74.2544174194336,67.96793365478516,115.49677276611328,106.07225799560547
2024-07-19,-0.01964307849677871,-0.03637754878426669,-0.08751171774595923,0.021808137287927742,-0.00356387022705984,-0.027023320916322757,-0.03956529176608925,0.27330402239243434,0.014165910177875052,-0.006185311635683255,-0.05840917419661873,0.02471973342929279,0.023631134486861827,0.019609069585613703,-0.0553037564819463,-0.014480826202633024,0.023616642686986156,0.03587721382862408,-0.020412142110751486,0.04172417427394981,0.07177994179004155,-0.009363331330736413,-0.012713393117870786,-0.01249673377097571,-3.150207740113542e-4,-0.004929066263899662,9.986538153428299e-4,10.579999923706055,222.38363647460938,37.93000030517578,183.1300048828125,179.6699981689453,652040,434.4700012207031,338.4109191894531,44.26527404785156,12.352965354919434,221.72999572753906,178.02455139160156,83.91558074951172,201.3212432861328,26.071823120117188,177.85000610351562,117.8731689453125,160.32606506347656,536.294189453125,138.53785705566406,239.1999969482422,47.93000030517578,73.88841247558594,69.45018768310547,109.10936737060547,108.6943359375
2024-07-26,-0.008288033519965099,-0.08110365444813161,-0.04129581138277394,-0.013710133225676269,-0.19957078745247347,-0.02830905767711478,-0.059702321510288314,-0.014501039759675538,0.006846875107367589,-0.0049609473951293115,-0.0034402056791056346,0.010855432355821426,0.007342284697317458,0.007882951966136975,-0.020781357738027695,0.04018479041734113,0.011726654109748047,0.012304301297613618,-0.0048754204244705335,-0.028829160187509806,-0.011683733981335709,0.0037807147581732092,0.0018395445976719937,0.04033743124141487,0.0034663204770841727,0.0037153440549848593,9.913461941939135e-4,10.619999885559082,216.08816528320312,39.459999084472656,182.5,186.88999938964844,657180,437.6600036621094,342.5748291015625,42.98914337158203,9.887674331665039,220.6300048828125,167.3960723876953,84.20645904541016,203.68206787109375,26.119783401489258,175.27099609375,113.00550079345703,161.42379760742188,531.849365234375,137.8624267578125,219.8000030517578,47.369998931884766,74.162933349609375,68.498016357421875,106.84192657470703,109.87425994873047
2024-08-02,-0.021196099988294415,-0.05518655466058464,-0.051211742052330145,-0.018916656976498136,-0.10366399311418295,0.008717051815076315,-0.0016600019561606727,-0.17385648967140732,0.005735948434030691,0.02134791891782739,-0.08000003344392126,-0.0038353806171730342,-0.02124941331793906,-0.023958428436653634,-0.053449214634263,-0.09064156721456185,-0.06172255356179135,-0.0844841366418505,-0.0659733444073638,-0.09429313821760377,-0.15157273521369918,-0.09322031843562928,-0.08005877486593138,-0.12493665533600373,-0.002385407265616424,0.019673101193290465,9.673077326554519e-4,9.630000114440918,217.97181701660156,34.529998779296875,167.89999389648438,169.9499969482422,641435,428.3599853515625,313.6326904296875,38.93556213378906,8.862678527832031,225.33999633789062,167.11819458007812,84.0055923461914,191.11029052734375,24.02866554260254,144.7989959716797,107.21829223632812,162.34971618652344,520.57623291015625,128.76718139648438,207.6699981689453,40.189998626708984,75.6219482421875,67.20226287841797,101.13130950927734,109.45285034179688
2024-08-09,1.6883334167738795e-4,-0.036933588079995805,-0.023491964458779657,-0.007449762071946586,0.02266433320219785,-0.016464892092062144,-0.017874213700955544,-0.06511786073666104,0.0027045745713409897,-0.0034614306912799098,-0.005717638415579596,0.016854911584973875,0.007727211199373141,0.009491218907605514,0.004445103961885133,-0.012003491160721191,0.033443692111942314,0.05419633290117587,-0.026370542272996733,-0.013306424274821205,0.03159991294251174,0.02388364896189632,0.011177699593925672,0.004344092996865223,0.0027428572051337863,-0.0064368961815672865,9.759615017817571e-4,9.859999656677246,214.3829345703125,34.68000030517578,166.94000244140625,167.91000366210938,647523,431.6700134277344,330.63043212890625,38.4174690246582,9.063545227050781,224.55999755859375,164.13108825683594,84.23600769042969,197.50172424316406,24.297250747680664,135.3699951171875,104.69952392578125,162.78880310058594,520.66412353515625,125.37152099609375,200,41.459999084472656,75.13517761230469,66.70162200927734,101.58084869384766,111.29766845703125
2024-08-16,0.04000065177425016,0.08059997558593746,0.18930778123081704,0.08402298370700634,0.040593799374903705,0.046576250195732305,-0.003929997643284389,-0.01721209954272096,-0.015538883671569637,0.03308696123685895,0.06062055210966877,0.0022833138013085286,0.02974493464564021,0.03028000549787424,0.07669107256388852,0.07194331229581574,0.03969877327360294,0.01543201842922226,0.06302568975900247,0.021628236338944173,0.014712991409110199,0.019269831711297147,0.03947889107233937,0.0028834623195250764,0.011888435285919208,0.008312146544141807,9.759615017817571e-4,10.050000190734863,224.3680877685547,34.779998779296875,177.05999755859375,179.99000549316406,667130,444.510009765625,335.73272705078125,39.24837112426758,9.431468963623047,231.99000549316406,163.48605346679688,85.23744201660156,205.34230041503906,25.256479263305664,133.0399932861328,124.51995849609375,160.25924682617188,541.49102783203125,133.2731475830078,216.1199951171875,42.06999969482422,75.75971221923828,72.30609130859375,109.3711929321289,111.55179595947266
2024-08-23,0.014107639394940419,0.019433704895069237,0.03844904871491339,0.030633078774301215,0.07231234147507504,0.0034947188851719435,0.0163285771006052,0.1275556379817704,0.007624003237247434,1.2931065384957918e-4,-1.1298019166816609e-4,-0.01565542967162259,0.019954545279788682,0.01978624855725264,0.011562832718577498,-0.02794598936488124,0.020283246737294425,0.014352953153675685,0.1089947790229866,0.030635379991204026,0.029712384337235553,0.03383086031195681,0.07026198887768609,0.027027098171314323,0.007070022292750222,0.00800092487626114,9.615384615384616e-4,10.390000343322754,225.15219116210938,35.720001220703125,177.0399932861328,174.9600067138672,680330,453.3800048828125,340.5514831542969,40.45075988769531,10.113480567932129,232.02000427246094,166.15554809570312,85.84007263183594,209.50730895996094,27.031049728393555,150.00999450683594,129.30763244628906,161.48106384277344,549.13018798828125,147.79922485351562,220.32000732421875,43.31999969482422,76.36585998535156,74.52104949951172,110.63583374023438,109.80540466308594
2024-08-30,0.002757490344782454,-0.028186304046044497,-0.07729748929263225,0.020211672788763346,-0.007098703760474168,0.009522164302113945,-0.013856427992216092,-0.1172588292914647,0.014009494442078552,-0.0031463277859045125,0.008246762139826336,0.01392719803640996,0.049715488778001804,0.051401525730160325,-0.016208246731663323,-0.006973029114581197,0.02972832801333647,0.0220717612952408,-0.030788743125507834,0.026824503834618207,0.016620526910787303,0.022136625085305228,0.026259776722571182,0.010918235619275185,-4.127548721339913e-4,-0.004930752272907513,9.553846029134896e-4,10.619999885559082,227.29612731933594,36.11000061035156,178.5,173.74000549316406,715300,475.9200134277344,348.06805419921875,41.535831451416016,10.041687965393066,231.2899932861328,163.8532257080078,85.80464172363281,215.73561096191406,27.74087905883789,132.4199981689453,119.3124771118164,163.7433319091797,550.6444091796875,143.24867248535156,214.11000061035156,44.040000915527344,75.98931884765625,76.0272445678711,108.84262084960938,111.33468627929688
2024-09-06,-0.041370983349364954,-0.015786300841517442,-0.13856076580112253,-0.007639605769889757,-0.054512984647949625,-0.0357205409557777,-0.07861404311768594,-0.13683730076834377,0.023609732587102306,-0.002853510408916904,-0.03983193619244574,-0.044938140981274355,-0.03466969140709486,-0.03636655948553058,-0.07447922434954735,-0.092782375194588207,-0.054893079148922164,-0.07509135509606157,-0.015232407092287015,-0.010826323024136997,0.04473200193125537,0.016949181460966134,0.03325859568859357,0.04098586311881869,0.0020456874646226364,0.011171907191032338,9.438461523789626e-4,10.800000190734863,219.17698669433594,37.59000015258789,171.38999938964844,157.6199951171875,689287,459.4200134277344,321.93115234375,41.086151123046875,9.494285583496094,230.6300048828125,150.97206115722656,85.98017120361328,203.89321899414062,28.663501739501953,114.30000305175781,102.78044891357422,167.60926818847656,527.86370849609375,141.066650390625,210.72999572753906,46.0099983215332,76.83826446533203,75.44642639160156,100.7361068725586,106.33151245117188
2024-09-13,0.040065934988406715,0.09282018675634407,0.15832134456690827,0.05167008227597081,0.010396886940659877,0.007608056901766025,0.04238756309944147,0.2377077641602694,-0.00859943623894921,0.03490433864864673,0.08810319246916132,-0.013227946391081491,-0.025706385727642167,-0.025442232335732395,0.0810122448410795,-0.005392658742912726,-0.038313032756373766,0.04842743984286724,5.28937763170978e-4,0.07494655766758207,0.09150191377424144,-0.01018524151934086,-0.03434345249146087,0.10774139985689057,0.005803670105921199,0.005518130895128648,9.159615406623254e-4,10.6899995803833,220.84449768066406,41.63999938964844,186.49000549316406,156.77000427246094,671750,447.6099853515625,337.5214538574219,44.1654167175293,9.592996597290039,238.67999267578125,157.37139892578125,86.47917175292969,196.08145141601562,27.67909812927246,141.47000122070312,119.05278778076172,166.1679229736328,549.0130615234375,141.14126586914062,230.2899932861328,50.220001220703125,77.26226806640625,79.3447494506836,108.89696502685547,104.92496490478516
2024-09-20,0.014204177195629164,0.034565143714155866,-0.026028539099042458,-0.019106768110193628,0.01777375970102746,0.025617854713501087,0.039591052186785936,0.023397169223388303,8.041336343929117e-4,0.01478973582373544,0.02740093549162803,0.037066908558122114,0.017202503203728847,0.020454037960550897,0.009481030477583197,-0.022198194115501724,0.03313408133633877,0.06808377975828539,0.02239705058490782,0.038955322642262535,0.03882909002077661,0.029934580080410278,0.01255232028459008,-0.03890487405452492,0.00710966159852866,0.001431531008440956,8.74038476210374e-4,11.010000228881836,226.50205993652344,40.02000045776367,191.60000610351562,153.2899932861328,685490,455.30999755859375,360.5011901855469,45.885894775390625,9.763500213623047,242.2100067138672,163.60189819335938,87.09400939941406,202.57843017578125,28.026535034179688,144.77999877929688,115.95401763916016,166.30154418945312,556.81134033203125,144.3024139404297,238.25,52.16999816894531,77.37287139892578,77.82872772216797,109.9294204711914,108.814208984375
2024-09-27,0.005666463914520969,0.09322137022068477,0.04655170882317616,0.009106997268057748,-0.009191159951598804,-0.001796680809043938,0.003947932691240386,0.21715708458689442,-0.0038457663630413474,0.011601492426831506,-0.018945745131403124,0.004771464966580874,0.004744028625972341,0.0010094968562635032,0.013366050674076924,0.01976654818185075,-0.002794930469457335,0.06035442769656196,0.002778470092480667,0.0979976077239193,0.11155843806385057,0.04995460302462873,0.016873309171050677,0.12443776824770714,5.12019269093944e-4,1.190168987232898e-4,8.619230527144213e-4,11.5600004196167,226.09510803222656,45,187.97000122070312,156.32000732421875,686182,457.4700012207031,382.259033203125,50.38260269165039,9.673762321472168,245.02000427246094,164.24778747558594,87.13860321044922,202.01223754882812,28.499435424804688,176.22000122070312,121.35187530517578,165.6619873046875,559.96649169921875,144.70335388183594,260.4599914550781,57.9900016784668,77.382080078125,78.53751373291016,111.39874267578125,109.33341217041016
2024-10-04,0.00264232642443063,-0.03985253000291866,0.02899502339802007,0.014540120141024904,-0.019480415135540108,-0.004346048208693443,0.019783460699100752,0.001645632074247949,-0.026908698160714395,-8.164342548411252e-5,-0.007767232560438875,0.07779311176424564,0.009836710577725949,0.011158847069727917,8.438315169598809e-4,-0.008444263449149947,0.009569400397641203,0.015367802173167355,-0.014821350294555335,-0.043849565137133895,0.021210545035956763,-0.0043252758581232564,0.05824582556770519,-0.056000010172526093,-0.003208091875702812,-0.010188093337582083,8.663461758540227e-4,11.510000228881836,225.11248779296875,42.47999954223633,186.50999450683594,155,693839,461.9700012207031,388.1335144042969,48.17334747314453,9.485313415527344,245,167.49717712402344,86.85905456542969,203.94537353515625,30.159408569335938,176.50999450683594,124.87047576904297,161.20423889160156,561.44610595703125,142.55865478515625,250.0800018310547,59.220001220703125,76.59370422363281,79.67945861816406,111.49274444580078,117.83879852294922
2024-10-11,0.011518651536032154,-0.1290786889913097,0.07909068130471875,-0.010378076985020468,0.014190928841053996,0.0033069269025929326,-0.023967634424226114,0.20440769901931732,0.01308614997461821,0.0019183723294005084,0.012385463972002464,-0.009773351452251,-0.0038097923262860878,-0.0033710990590035683,0.02450187247105884,-0.0256773917905746,0.052409723828731325,0.012415280933648853,0.036499205156868664,0.0446728845263602,0.04356632832110541,0.024326648775261805,-0.020160045878452437,0.05061208919602822,-0.0016503598221837557,-0.003623363803615609,8.682692050933839e-4,11.789999961853027,225.85691833496094,44.630001068115234,188.82000732421875,151.02000427246094,691500,460.2099914550781,392.9523010253906,50.32538986206055,9.6199188232421875,245.47000122070312,163.482666015625,86.71570587158203,214.63409423828125,29.551393508911133,212.58999633789062,134.74656677246094,163.31378173828125,567.9132080078125,147.76193237304688,217.8000030517578,61.79999923706055,76.31617736816406,78.8525390625,114.22452545166016,116.68711853027344
2024-10-18,0.008644457794940053,0.013314939650369118,0.023738864338944676,0.015106005015790513,0.03544783813492236,0.03274002772238083,0.0032214859062908996,0.015381741045159991,0.006996774341834655,0.023628154246607913,9.003186227687365e-4,-0.02912383566967658,0.009973699882912301,0.010122921185827805,4.332859526317012e-4,0.02635409624514784,0.013855779716854366,-0.020297507172307272,-0.01022354411927806,0.08708350101068807,0.1998382272052237,0.11026295122485674,0.01175703964019359,0.006945945578639368,0.0030995070297812344,3.635940486941269e-4,8.678846175854023e-4,13.09000015258789,233.25148010253906,44.939998626708984,188.99000549316406,155,698500,464.79998779296875,384.9763488769531,54.70790100097656,9.96092414855957,251.27000427246094,164.0093231201172,86.98448181152344,217.60801696777344,29.89883041381836,215.86000061035156,137.94529724121094,164.45645141601562,572.822509765625,146.25128173828125,220.6999969482422,74.1500015258789,76.34392547607422,80.04368591308594,114.27401733398438,113.28874206542969
2024-10-25,-0.00949396086828469,0.21971004152091478,0.02565212115460147,0.014758347864163301,-0.002702879695189564,-0.015276551285658524,0.011754088820641773,0.08561102416050326,-0.01786558281091777,0.008158566549530955,-0.006137910092559595,-0.0043328896216588975,-0.023214239050603935,-0.02362347888332139,-0.0026850492090998435,6.448068926401263e-5,-0.013577648212182436,-0.01651165823286027,-0.03621512732135013,-0.03010756032138684,0.006608197622201217,0.004583610790143577,-0.05003228584963715,0.013351186184989317,-0.007518925589607428,-0.009935691128741597,8.6730773632343e-4,13.149999618530273,229.68820190429688,45.540000915527344,187.8300018310547,155.00999450683594,681999,454.010009765625,378.6197509765625,53.0607795715332,9.934000968933105,253.32000732421875,165.93710327148438,86.33045196533203,214.65341186523438,28.402923583984375,234.33999633789062,141.48388671875,161.51834106445312,567.3841552734375,140.95477294921875,269.19000244140625,74.63999938964844,75.58539581298828,81.2249984741211,113.9671859741211,112.7978744506836
2024-11-01,-0.013816017216826681,-0.07507710736124473,-0.043379907957992625,-0.00387824040281326,-0.07678402312472787,-0.03673139285421512,0.03389406423295438,-0.01975757316880533,-0.018547006754483064,-0.003355463757064081,0.053771978631034,-0.03799489781390053,-0.004118841164213238,-0.0058636449613562736,-0.02770414891457018,-0.002709490896258271,0.002834044877542796,-0.01642607989997591,-0.0021171055896264113,0.07889880093302692,0.07797427307631222,0.029657821645347138,0.04009512392192183,0.08102763619951614,-9.250139520949885e-4,-0.008006658639450492,8.461538644937369e-4,13.539999961853027,221.25143432617188,49.22999954223633,197.92999267578125,154.58999633789062,678000,452.1400146484375,372.4005126953125,57.24721145629883,9.171228408813477,252.47000122070312,171.56138610839844,86.25059509277344,215.26174926757812,29.5417423248291,229.7100067138672,135.34632873535156,158.5226593017578,559.545166015625,140.65635681152344,248.97999572753906,80.45999908447266,74.98020935058594,80.90998840332031,110.80982208251953,108.51213073730469
2024-11-08,0.04754489403319617,0.29014381369102815,0.09032489870132743,0.032120689099158106,0.08796971527743835,0.019288984349859817,0.04176085856944045,0.177223479709252,0.01580844476833576,-0.017863486691606645,0.051785986860465316,0.05358857144624918,0.024925882798572552,0.026368731563421788,0.0591755131913827,-0.01882401016265578,0.06297640797442816,0.03619319140985455,-0.007027187405586055,0.045555701191169806,0.08762121715109905,0.01994094966945048,0.03822291045138937,0.035953696409140035,0.013891505716300934,0.011270470743927952,8.505768959338848e-4,13.8100004196167,225.51914978027344,51,208.17999267578125,151.67999267578125,695878,463.4100036621094,385.8788757324219,59.85514831542969,9.978018760681152,247.9600067138672,178.72593688964844,87.44874572753906,228.8181610107422,30.670913696289062,270.4200134277344,147.57147216796875,161.02865600585938,586.148681640625,139.66793823242188,321.2200012207031,87.51000213623047,75.82527160644531,83.50887298583984,117.36705017089844,114.32714080810547
2024-11-15,-0.020796150554071136,-0.0015565655877588513,-0.038271395075959225,-0.0068373124544626185,0.00364628249791088,-0.008635944232136317,-0.03319248393001173,0.259707037132878,0.01091159872849623,-0.04585421063122064,-0.026755655016783342,-0.006767528276612644,0.014824874437101565,0.014544216083853811,-0.03562997943125423,-0.07575152155324183,0.035150645576266015,-0.023641859818818944,0.015689570446784096,0.049467619861691015,0.041823745210486596,0.041998544973407936,0.025802293874428006,0.058039197734758075,-0.007314290719609207,-0.009307677060180652,8.44807716516348e-4,14.390000343322754,223.5715789794922,53.959999084472656,202.61000061035156,140.19000244140625,705999,470.2799987792969,376.7559814453125,62.8160400390625,10.01440143585205,236.58999633789062,172.7935791015625,86.80912017822266,236.86126708984375,31.46229362487793,340.6499938964844,141.9237060546875,162.78573608398438,573.95904541015625,141.85926818847656,320.7200012207031,91.16999816894531,75.11951446533203,82.937896728515625,113.18526458740234,113.55342864990234
2024-11-22,0.01666251052107426,0.09927661579166669,-2.1126506163993142e-4,0.07347199424220907,0.015440448168964505,0.021644504598591352,-0.04209551226576713,0.23845592966900808,0.03975469066093407,0.056004058519349975,-0.02709641911369487,0.020786264145111977,0.013375028836541736,0.011729478370365864,0.021380858875640785,0.06491183883479845,0.013207871704715712,0.03494144444066438,-0.17232614049710604,-0.011393740927225449,0.04464187535994224,-6.949429216988046e-4,-0.019325137586135854,-0.028539676457675967,0.0030096908618157947,0.0016071395019228163,8.490384542025052e-4,14.380000114440918,228.41067504882812,52.41999816894531,197.1199951171875,149.2899932861328,714280,476.57000732421875,389.9203796386719,62.1003303527832,10.169028282165527,249.83999633789062,165.51974487304688,87.07038879394531,239.9897003173828,30.854280471801758,421.8800048828125,141.8937225341797,169.25723266601562,583.52264404296875,117.4132080078125,352.55999755859375,95.23999786376953,75.24024200439453,89.03150939941406,115.60526275634766,115.91378021240234
2024-11-29,0.011821742420716319,-0.02098931798198267,-0.02606540148252312,0.02277750841550019,-0.0044721002037043656,0.032453139202152315,0.02353352873315906,-0.08156348550263148,0.01690493400821924,-0.017010887217001835,0.054636792508330645,-0.03144760061688734,0.01353417460252615,0.013664109312874428,5.564716791750524e-4,0.041195052795576004,0.0047072841273489985,0.021686071069916713,0.05839514570374349,0.007578123017988103,0.01669470813680074,0.009735767886549729,0.012199032314039737,0.003433809833332191,0.007346074344862563,0.014193832439201026,8.409615663381724e-4,14.520000457763672,235.8233184814453,52.599998474121094,207.88999938964844,155.44000244140625,724040,483.0199890136719,398.376220703125,62.5709342956543,10.123551368713379,245.58999633789062,169.41500854492188,87.71001434326172,241.11940002441406,31.23067283630371,387.4700012207031,138.19520568847656,172.11851501464844,590.4208984375,124.26956939697266,345.1600036621094,96.83000183105469,76.30818939208984,91.0594253540039,115.66959381103516,112.26856994628906
2024-12-06,0.0087295584949163,0.12765093606189026,0.030378410118142574,0.034594487078333236,-0.05570537580945567,0.0232164947893283,0.03519271116013978,0.019459593055378477,-0.0303469188141553,-0.010749621031046597,0.09206791786926849,-0.03721604488834929,-0.02592022959388851,-0.025969559692834654,0.030419736898083194,-0.009714421911400817,-0.009450575278409312,-0.02728322493226598,6.046686015162006e-4,0.011125007963678879,0.035629421491301994,0.19834704338640008,0.05624224259302957,0.03307988077837809,0.0028293384487063644,0.0046292357216908275,8.25961553133451e-4,17.399999618530273,241.29830932617188,54.34000015258789,227.02999877929688,153.92999267578125,705237,470.5,387.5072326660156,63.26703643798828,9.559615135192871,242.9499969482422,175.37718200683594,87.95817565917969,238.84068298339844,32.98715591430664,395.010009765625,142.3933563232422,166.89524841308594,595.57501220703125,124.34471130371094,389.2200012207031,100.27999877929688,76.66143798828125,94.20957946777344,119.188232421875,108.09037780761719
2024-12-13,-0.005922892638488553,0.12078004629306927,-0.05749799263621913,-0.012969542699128422,-0.011417716889583707,0.021783986898470387,0.0855975441464012,0.03458141141844573,-0.01587855230654267,0.0055155231723509335,0.00189405777598739,-0.024038120158767606,-0.026780034226388194,-0.027370940549063638,-0.0074323528508075665,0.10212435502296002,-0.029996812682928087,-0.03675673266242119,0.01608873666946664,-0.046644832576568596,-0.051555626564413926,-0.02758618119308165,-0.033937947714829386,0.1514538004991961,-0.007002083641617807,-0.011185322538397102,8.111538336827204e-4,16.920000076293945,246.55474853515625,62.56999969482422,227.4600067138672,169.64999389648438,685934,457.8999938964844,373.26373291015625,60.315956115722656,9.45046615600586,244.2899932861328,190.3890380859375,87.34228515625,231.6762237548828,31.867639541625977,408.6700134277344,134.20602416992188,164.2451934814453,592.0474853515625,126.34526062011719,436.2300109863281,95.11000061035156,75.803955078125,92.98772430419922,118.30238342285156,105.4920883178711
2024-12-20,-0.018321964729045237,-0.03477526315402868,0.0033518939491270494,-0.0213263164268519,-0.04908566822328242,0.02563179638935309,0.008255928989970185,-0.10881640384551194,-0.01753776231136961,-0.008964702782778722,-0.011166835795081487,-0.044839253235268606,-0.01026420998493316,-0.005006312560683734,-0.012926113736954403,0.045387636216064786,-0.009752400904345593,-0.038027877446242364,-0.022598770096675658,-0.00959044531354647,0.024077393553061377,-0.0023641202923744276,0.007873857398879247,0.05513819666084441,-0.005468929068577877,-0.008852957232530212,8.105769524207483e-4,16.8799991607666,252.8743896484375,66.0199966430664,224.9199981689453,177.35000610351562,682500,453.20001220703125,359.0693054199219,59.73749923706055,8.986583709716797,242.10000610351562,191.96087646484375,86.86461639404297,229.4168243408203,32.118560791015625,364.20001220703125,134.65586853027344,161.3647003173828,581.20001220703125,123.4900131225586,421.05999755859375,97.4000015258789,75.13286590576172,91.004638671875,116.773193359375,100.76190185546875
2024-12-27,0.006529564402012467,0.025174574086773926,0.017149270233332015,-0.006287809687328116,0.015182132958991401,0.004322373569124904,0.005596983485671503,-0.09390447847538808,0.008746976533865025,-0.0028914175521826957,-0.005201841447937783,0.005761765067542557,0.007303613127622066,0.0035296703296703313,0.00813324660309478,0.01900194531270838,0.015025213399533222,-0.003223615060467089,0.03057496986763253,0.00541608792996251,0.023100615654530365,0.02784367559659162,0.028224798828650144,-0.002877837347355805,4.191288952219985e-4,-0.0020824924107530896,8.034615333263691e-4,17.350000381469727,253.9674072265625,65.83000183105469,223.75,180.72000122070312,684909,456.510009765625,357.91180419921875,60.06104278564453,9.123019218444824,241.39999389648438,193.0352783203125,86.9010238647461,232.86386108398438,33.02510070800781,330,136.96511840820312,162.77615356445312,584.9949951171875,127.26571655273438,431.6600036621094,99.6500015258789,74.97640228271484,90.43241882324219,117.72293853759766,101.34246826171875
2025-01-03,-0.005142751496730491,-0.049159062782461294,0.054448646445813154,-0.00960081692996917,-0.014955082901961125,-0.047850193294788124,-0.004689836816128001,0.029272738370028417,-0.025954146808430445,0.00865787758708847,0.00196649135824023,0.012960093833093822,-0.00646209753110516,-0.005035705473281804,-0.007326615287273741,-0.059871664736239616,0.008748987449418433,-0.0029327115990427366,0.002140223003791464,-0.03689197887128837,-0.039939822338085906,-0.02190207837234892,-0.01263229826463852,-0.02810272273068115,0.0055546429849773205,1.248561788087521e-4,8.063461230351375e-4,16.969999313354492,241.8150177001953,63.97999954223633,224.19000244140625,169.89999389648438,681460,453.55999755859375,356.8621520996094,57.845272064208984,8.986583709716797,243.49000549316406,192.12997436523438,87.38372802734375,234.90118408203125,32.60791778564453,339.6600036621094,144.4226837158203,158.5514373779297,581.98651123046875,127.53809356689453,410.44000244140625,95.66999816894531,74.98576354980469,89.56419372558594,116.86042785644531,102.65587615966797
2025-01-10,-0.01935991933943748,-0.03825166190830187,-0.05925101044545178,0.024454744458768607,-0.02327945448193569,-0.02675044134473703,2.072044239613824e-4,-0.03459341657338255,-0.03978672727396959,0.019384784238446473,-0.02341763657089091,-0.012238067184028645,-0.02403208826871084,-0.027088897367417042,-0.029565199224658945,0.012360248257543116,-0.00892456025158106,-0.035157601226442514,0.04293396179969533,0.13474565825920437,0.11957774286986145,0.08308779637383457,-0.014579017006376982,0.06564552661753043,-0.0063574993277198955,-0.009358669360049032,8.101922732133131e-4,18.3799991607666,235.3463592529297,68.18000030517578,218.94000244140625,172,663000,442.6600036621094,344.31573486328125,65.6396713256836,8.77738094329834,248.2100067138672,192.16978454589844,86.82818603515625,232.80479431152344,32.13252639770508,327.9100036621094,135.86549377441406,152.24319458007812,570.71929931640625,133.01380920410156,394.739990234375,107.11000061035156,74.28399658203125,91.75446319580078,113.40542602539062,101.39956665039062
2025-01-17,0.029440793783116037,0.08045804973235082,0.013244039446631328,-0.011397802558545833,0.05492238979520425,-0.029005698323594897,0.022674377933878054,0.20917323525319564,0.01620841480905355,0.004270567382143042,0.031972229478134606,0.054251998623994435,0.05713190334726104,0.059969834087481244,0.023297535648557632,-0.0052907189657521725,0.08041865112591884,0.09977205483376173,-0.05655994997472236,-0.016878202103952078,0.0025207416817092376,-0.005984695757643377,-0.030797073705482236,-0.026987444397906124,0.011642296848079603,0.010580542269994497,8.063461230351375e-4,18.270000457763672,228.5199737548828,66.339996337890625,225.94000244140625,171.08999633789062,702760,467.95001220703125,378.6688232421875,64.53179168701172,9.259455680847168,249.27000427246094,196.52711486816406,87.83906555175781,251.52664184570312,31.1429386138916,396.5,137.66490173339844,154.7108154296875,587.521728515625,125.49055480957031,426.5,107.37999725341797,75.06996154785156,90.70866394042969,116.04749298095703,106.90069580078125
2025-01-24,0.01738674060010248,-0.04670577591496927,0.0356545943712967,0.03067228311417103,-0.005893971342564974,-0.03130702974736388,0.022019703871261287,-0.1080201426791062,0.024767317268309386,0.02559469456681951,0.03943526407821496,-0.032585438670915345,-0.010172047529553363,-0.011608514998007857,0.022169047236012096,0.029049046274381318,0.02191706528432036,0.05985274277857733,0.032033587912864814,0.020662517611376607,-0.022164251390332512,-0.07170231748594957,0.0021806274903357625,0.05441665374783389,0.0037327453031907876,0.002368294549456973,8.086538314819337e-4,16.959999084472656,221.36569213867188,69.94999694824219,234.85000610351562,176.05999755859375,694602,463.19000244140625,401.33319091796875,65.86518096923828,9.204880714416504,255.64999389648438,200.85458374023438,88.16694641113281,257.03936767578125,31.21084976196289,353.6700134277344,142.5732879638672,158.54258728027344,597.73681640625,129.51046752929688,406.5799865722656,105,75.24774932861328,93.49090576171875,118.62015533447266,103.41728973388672
2025-01-31,-0.010115466460812073,-0.004869842427421278,-0.1581124916159934,0.035880085261676964,-0.003952438127699076,0.05934093597056744,0.018325778689477268,-0.05338310901687526,0.011394050593792393,0.011382764449772154,0.012050187348167318,-0.016841617896009797,0.011831021735019709,0.011534663015654978,-0.03547850333111846,0.0026127838250940005,0.009288507937985413,-0.08878147069330533,1.451529631821824e-4,0.0013396144435573465,0.007999965122767794,-0.0023584322133207714,-0.0453838225305947,0.04717660036782512,-5.166050000094957e-4,0.004725397964670197,8.053846542651836e-4,16.920000076293945,234.50173950195312,73.25,237.67999267578125,176.52000427246094,702614,468.6700134277344,365.7022399902344,65.95341491699219,9.168498992919922,258.55999755859375,204.535400390625,88.12139892578125,259.4268798828125,29.794382095336914,334.7900085449219,120.03067016601562,160.34902954101562,591.6904296875,129.52926635742188,404.6000061035156,105.83999633789062,75.60332489013672,96.845367431640625,114.41168975830078,101.67557525634766
2025-02-07,-0.001744744516752994,-0.10622839925348848,0.08136920266502923,0.03046042624555323,-0.0833335760382814,-0.03546604290674582,-0.08978590066330305,-0.021595659373920717,0.011928381938128174,0.02065283256618411,-0.03588858567045072,0.019282993296000583,0.00868409902497036,0.00895086064325512,0.008708490815220848,0.028155456041298654,0.03179945652813232,-0.0203531889422065,-0.047567214798741375,0.01293297608716415,0.029856422632717816,0.014775413644960045,0.009443155958928529,0.03645048694805886,1.6631677518952337e-4,0.0019007053751260994,8.130769546215351e-4,17.170000076293945,226.1848907470703,75.91999816894531,229.14999389648438,181.49000549316406,708903,472.739990234375,358.259033203125,66.80638885498047,8.404455184936523,263.8999938964844,186.17100524902344,88.13605499267578,267.676513671875,30.075735092163086,327.55999755859375,129.79747009277344,162.26173400878906,590.6580810546875,123.367919921875,361.6199951171875,109,75.74702453613281,99.795318603515625,115.40804290771484,103.63618469238281
2025-02-14,0.014864205481215809,-0.015983626064216327,0.06939310569080459,0.028571511574747355,0.025973962606281153,0.07573229708755558,-0.001442844025561052,0.03104778820226728,-0.030243507020181082,0.009056516497590428,-0.002051063640505446,0.0029220096111530758,0.014490007710410868,0.014449085417892249,0.030710403805493725,0.016144099328332384,0.002864480487557941,-0.029020569308634392,-0.018115309262539236,-0.040358149829491374,-0.043486218933665444,-0.06988933045620294,-0.023225769955468434,-0.0023709208313628105,0.004571955275238793,0.004216325148459266,8.101922732133131e-4,15.970000267028809,243.31439208984375,75.73999786376953,228.67999267578125,184.4199981689453,719146,479.5899963378906,347.8621520996094,64.1102066040039,8.62275218963623,266.2900085449219,185.9023895263672,88.53900909423828,268.4432678222656,29.3772029876709,337.7300109863281,138.8045196533203,157.3543701171875,599.437744140625,121.13307189941406,355.8399963378906,104.26000213623047,76.06639862060547,102.64662170410156,118.9522705078125,103.93901062011719
2025-02-21,-0.01600794119815241,-0.050696966981170544,-0.031832996892387166,-0.08900425729023231,0.010893523289157159,0.0038838313562674642,-0.02830850658758355,-0.11263437452249925,0.04506109940134073,0.016711035137100927,-0.052912328285237176,0.022634942254901702,-0.0017723599533063794,-5.506531358027145e-4,-0.0212527335736723,-0.03942091066393438,-0.044651025101436925,-0.03758632418107011,-0.02822955549842243,-0.08242855305089714,-0.08028009375681233,-0.04633692626294217,-0.015521829307208801,-0.07340900073161205,-5.171053646342294e-4,0.002840371407723641,8.071153897505541e-4,15.229999542236328,244.25938415527344,70.18000030517578,216.5800018310547,177.14999389648438,718750,478.739990234375,334.78729248046875,58.8256950378418,8.716684341430664,270.739990234375,180.6397705078125,88.49322509765625,256.4570007324219,28.921215057373047,299.69000244140625,134.38595581054688,164.44493103027344,589.84197998046875,117.71353912353516,337.79998779296875,95.88999938964844,76.28245544433594,93.51063537597656,116.42420959472656,106.29166412353516
2025-02-28,-0.009600918711366146,-0.13268199652544077,-0.07074306260004692,0.04040940793983605,0.02909495797969952,-0.015108900464230413,-0.051547556056523836,-0.14768597352285207,0.021206612599369512,-0.027591052264707816,-0.019854109407165255,0.005781854986925294,0.07329662775463963,0.07826086956521738,-0.03976669916567244,-0.01422517132653367,0.0015517190703060457,0.011498763480703778,-2.4142927687431648e-4,0.004441921733907117,-0.021691540768528084,-0.0577806426274774,0.04193220808009146,0.029923033128944176,0.005070788958757122,0.010220339183081073,8.063461230351375e-4,14.350000381469727,240.5688934326172,72.279998779296875,212.27999877929688,174.6300048828125,775000,513.83001708984375,338.6369323730469,59.08699417114258,8.970295906066895,263.2699890136719,171.32823181152344,88.94195556640625,256.8549499511719,30.13394546508789,255.42999267578125,124.87908172607422,167.9322509765625,584.178955078125,117.68511962890625,292.9800109863281,93.80999755859375,77.06208801269531,97.28934478759766,111.79440307617188,106.9062271118164
2025-03-07,-0.030731399278752014,-0.10345414848116774,-0.09790262809770023,-0.06987134240057702,0.036649015945822816,-0.011453880625955093,0.020497201368665063,0.12430020322750601,0.012137721060026863,0.01944781345548563,-0.06138118925110747,-0.020749174321367803,-0.03543977846174018,-0.04141806451612906,-0.03099368079799547,-0.1171048023548672,-0.08452683457486454,0.01846184209281243,-0.07372819999242797,-0.11377240328662996,-0.1165121052087108,-0.09198610546401542,-0.059884044842205775,-0.16104039272594006,-0.004989963801060204,-0.005174106065313211,8.071153897505541e-4,13.029999732971191,237.81344604492188,60.63999938964844,199.25,154.17999267578125,742901,495.6199951171875,344.8887939453125,52.364524841308594,9.29904842376709,268.3900146484375,174.83998107910156,88.498138427734375,235.14381408691406,28.329402923583984,287.17999267578125,112.65309143066406,169.97056579589844,566.226318359375,109.00840759277344,262.6700134277344,82.87999725341797,76.663360595703125,90.491607666015625,108.32948303222656,104.6880111694336
2025-03-14,-0.022763589122923977,-0.048311634566107764,0.07978691919484016,-0.06945053822149994,-0.017171791447209372,-0.10699797283883794,-0.04517235652403628,0.035900821162822005,-0.04535392202180566,0.025522468095209305,-0.0065244820665385506,0.026417271312588975,0.03829542927190066,0.03815986248504166,-0.021048721730503983,0.049487645902651645,-0.04061410535817245,-0.03043096927826816,-0.09019817398577124,-0.12256016334468467,-0.11112451001068102,-0.16577128869361624,0.09308845234618257,-0.11048814034261312,-0.00811569129630707,-0.0029511107218845867,8.053846542651836e-4,10.869999885559082,212.36788940429688,53.939998626708984,197.9499969482422,161.80999755859375,771250,514.5999755859375,334.39349365234375,45.946720123291016,9.13936710357666,275.239990234375,166.94204711914062,87.77991485595703,225.59365844726562,30.966543197631836,297.489990234375,121.6413345336914,162.26173400878906,553.33697509765625,99.1760482788086,249.97999572753906,73.66999816894531,76.43711853027344,84.20691680908203,106.04928588867188,107.45358276367188
2025-03-21,0.005093276731319651,-0.005080362570515695,-0.03262929044461438,0.01014789209080691,0.02774935745134699,0.02238983881149692,-0.008173232569647637,0.021883122052261728,-0.007620379378003639,0.01180787718104681,-0.008790049311442782,0.03217154084348395,0.014205203858143278,0.01352350081037268,9.366844478431169e-5,0.10073545082315039,0.03953699907186614,-0.011365098637396431,-0.00611268244676233,4.2790757760879927e-4,0.016288918249798057,0.04783812909276097,0.09769948816126162,-0.020578361585361082,0.004510716580581775,0.006782671638403404,8.048076813037578e-4,11.390000343322754,217.12277221679688,52.83000183105469,196.2100067138672,178.11000061035156,781680,521.90997314453125,330.59307861328125,45.96638107299805,9.39297866821289,278.489990234375,165.5775909423828,88.17586517333984,234.51295471191406,33.99195861816406,304,117.6722640991211,161.02523803710938,556.1552734375,98.56981658935547,248.7100067138672,74.87000274658203,76.95556640625,85.06143951416016,106.05921936035156,110.91053009033203
2025-03-28,-0.014752336686549516,0.05966780860640841,-0.06822429015804998,-0.009653451426397286,-0.027999994314289012,-0.001695157293814642,-0.061293248647879994,-0.04799340900621918,0.008038889599590648,0.020000745159749034,-0.017787092267182558,0.01930741442767947,0.008430619533005279,0.010963565653464347,-0.033733739220685344,-0.02694965490600776,0.005049176458049587,-0.018136738228470173,-0.00393993905296719,-0.06264704068802407,-0.06197407799427734,-0.06057950072513574,-0.035601565203885466,-0.04732159593699736,-0.005743772359617316,3.677112084008449e-4,8.053846542651836e-4,10.699999809265137,216.7547149658203,50.33000183105469,192.72000122070312,173.30999755859375,790250,526.30999755859375,324.5971984863281,43.08672332763672,9.129975318908691,284.05999755859375,155.42880249023438,87.669403076171875,235.69705200195312,32.78179168701172,289.4100036621094,109.64415740966797,162.3197021484375,547.95068359375,98.18145751953125,263.54998779296875,70.2300033569336,76.9838638305664,84.24030303955078,102.4814453125,113.05192565917969
2025-04-04,-0.09066691810661709,-0.09151962145463999,-0.14005649740708537,-0.023018155520807992,-0.014403341399719882,-0.13547496602837394,-0.053312811414522154,0.014512220159316414,-0.025471658382986484,-0.015278449535983674,-0.1127023717472343,-0.11373495725654748,-0.06226366431510477,-0.06037329958873772,-0.11633888327727004,-0.2118746854652086,-0.1287823592985453,-0.12620951391358792,-0.07650751738307415,-0.15031926725327815,-0.178841016483424,-0.11588783114224432,-0.22983027968650904,-0.11682894604003669,-0.023537368884389953,0.005391842110974654,7.99038501886221e-4,9.460000038146973,187.38987731933594,44.45000076293945,171,136.58999633789062,742540,493.5400085449219,283.62994384765625,36.60995864868164,8.998473167419434,279.7200012207031,147.1424560546875,85.60589599609375,205.3434295654297,25.247543334960938,293.6099853515625,94.28778076171875,158.18515014648438,498.2696838378906,90.66983795166016,239.42999267578125,57.66999816894531,77.3989486694336,82.3012466430664,90.558868408203125,100.1939697265625
2025-04-11,0.05672100979825134,0.05379445047326903,0.17622730223956196,0.1155187784551015,-0.026096108740710555,0.051863224030584965,0.07892231649315451,0.021695534731689392,0.01929781373693884,0.06510078426858779,0.08111108255665211,-0.011500671914462801,0.06194022019971279,0.05583537587200693,0.08762413506892996,0.14825390250327253,0.12326419683107881,0.018640656441703207,-0.030714531477177842,0.09744973497670806,0.13750651217197363,0.022198735443991424,0.012369509549909452,0.029471260654869713,-6.490777267681436e-4,-0.02726520441190028,8.101922732133131e-4,9.670000076293945,197.1085205078125,45.7599983215332,184.8699951171875,156.83999633789062,784000,524.1099853515625,288.9169921875,40.177589416503906,8.76364803314209,297.92999267578125,158.75527954101562,85.55033111572266,230.65492248535156,25.559843063354492,299.9800109863281,110.90386199951172,161.23777770996094,526.53204345703125,87.88495635986328,252.30999755859375,65.5999984741211,75.28865051269531,91.80858612060547,98.49401092529297,99.04167175292969
2025-04-17,-0.014102725943555994,-0.04335936961382458,-0.08509870159656552,0.004525769027970528,0.03215439262250408,-0.00590460967366957,-0.03789205613971147,0.05740382888874529,0.022287470122445807,0.027489687653968087,-0.06631684335288934,0.03664913157787297,-0.011257109278215105,-0.006590561224489755,-0.027678260410864408,0.032262163202890326,-0.017950806555165566,0.0027261400164271254,0.003556739814034815,-7.34026729548698e-4,0.01067080173657109,-0.021716653204769787,-0.055364715878304716,-0.01267478229090091,0.014395554974100833,0.014831833132453065,8.086538314819337e-4,9.460000038146973,195.94467163085938,45.18000030517578,172.61000061035156,161.89999389648438,778833,518.21002197265625,289.7046203613281,40.14809799194336,9.045437812805176,306.1199951171875,152.73971557617188,86.78187561035156,226.5144805908203,24.144729614257812,317.20001220703125,101.4660873413086,164.83135986328125,519.10650634765625,88.197540283203125,241.3699951171875,66.30000305175781,76.40531921386719,92.224090576171875,95.76786804199219,102.67146301269531
2025-04-25,0.04602870227198208,0.18055275291647255,0.09380246256907188,0.020059983474514764,0.04257546446013949,0.062442889927367906,0.0684010409642406,0.16238958784915547,-0.05043847712191041,-0.004540651225109493,0.09489603629507304,0.015432082711059003,0.024603924006457722,0.0217337991584845,0.08093950473236933,0.09913529127135035,0.04996553350848276,0.04647604492596202,0.03726769056804069,0.017870446743590618,0.028657523514759475,0.030655386964441478,0.07073565945312943,-0.07237716767764302,0.013870903025440473,0.009289039859613046,8.063461230351375e-4,9.75,208.18002319335938,41.90999984741211,188.99000549316406,177.9499969482422,795760,530.96002197265625,303.1689453125,40.865562438964844,9.430551528930664,304.7300109863281,163.18727111816406,87.9856185913086,237.8323974609375,25.852622985839844,368.7099914550781,110.98385620117188,156.51751708984375,543.00030517578125,91.48445892333984,284.95001220703125,68.19999694824219,77.11505126953125,94.07410430908203,103.51927185058594,104.25589752197266
2025-05-02,0.02927505224797522,0.007931142836396399,0.03143857141560846,0.0384899015699387,0.023904274092014566,-0.018778613891111018,0.011962252870386214,0.0695940014016021,-0.003105230380953228,-0.02215075560871771,0.005238320575692068,-0.0217371657242732,0.016649023381213768,0.017078013471398368,0.039046310131467976,0.04220292157582528,0.036789138659246934,0.056224331201984334,0.00817976672770393,0.0630109490992996,0.08607042535554443,0.07897440592447924,0.12684042313021338,0.12121216534359802,8.545451439594398e-4,-0.002785620042850767,8.092308044433594e-4,10.520000457763672,204.27069091796875,46.9900016784668,189.97999572753906,185.4600067138672,809350,539.79998779296875,320.21441650390625,43.4405403137207,9.65598201751709,297.9800109863281,165.1393585205078,88.06080627441406,246.58204650878906,29.13178062438965,394.3699951171875,114.47303009033203,156.031494140625,558.89666748046875,92.23278045654297,287.2099914550781,74.06999969482422,76.900238037109375,97.69500732421875,107.56131744384766,101.98966979980469
2025-05-09,-0.004269756249970613,0.038473655650225425,0.01877726443293337,-0.018188796946212005,0.014591461497747593,-0.03321163892002177,-0.06893425435892186,0.05492305177951762,-0.01781710360582378,0.029733488908318062,0.016212242869359184,0.010356830009597529,-0.048277136250304276,-0.04738493853091985,0.004570487585114025,0.05063085867421324,0.002257301840513426,0.005993641726801613,-0.009961920352448694,0.09366519615897073,0.04320233510768867,0.05608357160081301,0.04455603101409422,0.10725679763360518,-2.11396232260741e-4,-9.88048178733214e-4,8.105769524207483e-4,11.109999656677246,197.4865264892578,52.029998779296875,193.05999755859375,194.85000610351562,770999,513.739990234375,322.1336669921875,47.50940704345703,9.796876907348633,306.8399963378906,153.75559997558594,88.04219055175781,247.13865661621094,30.429777145385742,416.0299987792969,116.62252044677734,153.25146484375,556.51031494140625,91.31396484375,298.260009765625,77.2699966430664,76.82425689697266,95.91805267333984,108.05292510986328,103.04595947265625
2025-05-16,0.05291129008819495,0.1734057517846428,0.16073724447690418,0.015715424169779446,0.05058372766060182,0.0655167476828431,0.08453160498651968,-0.039011636261687244,0.035646381018227924,-0.04106376695963898,0.06490209747098974,0.017486251003225206,0.0011095249251644734,-4.396892862377211e-4,0.07945765758297862,0.056299722232881155,0.057215089773524186,0.08586688337156234,0.034304633149921715,0.05647066966236425,0.00854152569927158,0.06750675276117057,0.04778692346549285,0.03113593666326664,0.01258602136281306,0.003956796701805487,8.148076901069054e-4,11.859999656677246,210.42520141601562,53.650001525878906,205.58999633789062,205.82000732421875,770660,514.30999755859375,349.7942810058594,50.19229507446289,10.292439460754395,294.239990234375,166.7528076171875,89.1502914428711,261.2787170410156,31.883922576904297,399.79998779296875,135.36810302734375,158.71432495117188,585.95599365234375,94.44645690917969,349.9800109863281,77.93000030517578,77.12823486328125,97.425445556640625,116.63855743408203,104.84784698486328
2025-05-23,-0.025395448456158154,-0.030401778142846947,-0.030354560747671955,-0.01934039732029169,-0.04074087286383343,-0.0756887423202155,0.012900985989419134,-0.07576282879485485,0.01580098720357892,0.05271210671693738,-0.022374584983047563,-0.0476938999318689,-0.021096237979079002,-0.020962551579165933,-0.03439909173498856,-0.01681083758012314,-0.025601813496829662,-0.028819254900014024,-0.043517937948925334,-0.058916023420364616,-0.04208903845056233,-0.05649241953533546,-0.052647472613352786,-0.05479967116101747,-0.006476021143837163,-0.0033254356955816355,8.134615421295165e-4,11.1899995803833,194.49838256835938,50.709999084472656,200.99000549316406,202.36000061035156,754505,503.4599914550781,339.7134704589844,47.235164642333984,9.873116493225098,309.75,168.90408325195312,88.57295227050781,254.58950805664062,30.20531463623047,369.510009765625,131.25906372070312,161.22216796875,571.07537841796875,90.33634185791016,339.3399963378906,74.6500015258789,76.87174987792969,95.54119873046875,112.62629699707031,99.84724426269531
2025-05-30,0.017751404665356185,0.02098189189021471,0.029248352222700502,0.024704186994960242,0.0019306050500964567,0.02857590930194509,0.01922280888995842,-0.0012178620203460166,0.024297605418813095,-0.019854701844985834,0.02000093986667717,-0.007085255507337074,9.931275741592582e-4,0.0038369527040906792,0.01807683350275302,0.024510805983924522,0.012619526612820398,0.013512184223639645,-0.0029695373489356802,0.009808102862002288,0.06416611945904371,0.019660435681738697,0.07851349470620761,0.004338418944489497,0.008305572864275801,0.009886227643564283,8.138461296374981e-4,11.40999984741211,200.0563507080078,50.93000030517578,205.00999450683594,207.32000732421875,757400,503.9599914550781,344.3037414550781,47.69845199584961,9.89217758178711,303.6000061035156,172.15089416503906,89.30860137939453,257.80230712890625,32.576839447021484,369.05999755859375,135.09817504882812,165.1394805908203,581.2127685546875,90.068084716796875,346.4599914550781,79.44000244140625,77.63172149658203,97.9014663696289,114.66222381591797,99.139801025390625
2025-06-06,0.01654245326114001,-0.14812670459034738,0.04876768083829375,-0.012662033560884356,-0.011560731535665725,0.015284923765299663,0.011975716182147655,0.014658873077270984,-0.034551831952100875,0.005204171740783581,0.0417541244170776,0.019256987520520186,-0.020696072808610966,-0.022450488513335087,0.03226367517161988,0.016785624178069947,0.006553052641996127,0.015286011658244059,0.03520896023549902,0.05290349070523237,0.06029708922857058,0.03242768540816421,0.0029958466352288937,0.03082661860233027,0.0025790508119141187,-0.004447613324167432,8.138461296374981e-4,11.779999732971191,203.11419677734375,52.5,213.57000732421875,210.8000030517578,740396,493.5299987792969,349.5667724609375,50.221866607666016,9.7778167724609375,305.17999267578125,174.2125244140625,89.53893280029297,259.49169921875,32.674434661865234,374.4700012207031,141.6865997314453,159.43360900878906,590.82745361328125,93.239288330078125,295.1400146484375,84.2300033569336,77.28644561767578,96.661834716796875,118.36164855957031,101.04893493652344
2025-06-13,-0.003571754349663281,0.10222261100750396,0.0018337048236010123,-0.03108646956587624,0.01656925572605461,-0.036632056452521655,0.006696742946952217,0.022431687102042686,-0.022802008414300023,0.036404797613792894,-0.006882994663532149,0.0752854390055,-0.012137033714649026,-0.012393367873408279,0.003398178845832378,-0.04971534903140351,-0.002935191056734676,0.010471160766448051,-0.020037050795921107,-0.0767418379184589,-0.12145319896976459,-0.11969438704362978,-0.05226996218626856,-0.09600001743861608,8.366530911132486e-4,0.006540613809019824,8.153845713688777e-4,10.369999885559082,195.6737060546875,47.459999084472656,212.10000610351562,200.32000732421875,731220,487.5400085449219,353.2271423339844,46.36774826049805,9.939827919006348,316.2900085449219,175.37918090820312,89.61384582519531,258.73004150390625,30.966543197631836,382.8699951171875,141.9464111328125,155.79820251464844,588.7171630859375,91.37104797363281,325.30999755859375,74,77.79194641113281,93.6569595336914,118.76386260986328,108.65644836425781
2025-06-20,-0.001613387822063328,-0.009683052842287765,0.013242211854750385,0.01778913887928324,0.015340222486283528,0.023161228702667902,-0.04633836944747749,-0.034398054373848796,-0.007486980665089127,-0.019475808579753062,-0.011362581766891422,0.023011036933627382,-0.005517500911227047,-0.0016684445173819062,0.005728091081061537,-0.007837496339932137,0.037931528251844204,0.009718479695144833,0.0017826209445979124,0.003401391045861013,0.0036486032846811955,0.024108004123331028,-0.005018913315709694,-0.010113770575131964,0.005538203824221988,0.004046449581055711,8.067308022425725e-4,10.619999885559082,200.20574951171875,46.97999954223633,209.69000244140625,198.75,730000,484.8500061035156,356.65997314453125,46.52546310424805,10.092307090759277,310.1300048828125,167.2523956298828,90.11014556884766,268.5440673828125,30.811124801635742,369.70001220703125,143.8260955810547,154.63174438476562,587.767333984375,91.53392791748047,322.1600036621094,74.2699966430664,78.10672760009766,95.32303619384766,119.44415283203125,111.15674591064453
2025-06-27,0.0347142984720632,0.004562953824165383,0.09662843007167465,0.01196404950432517,0.019830190282097426,3.979975434207361e-4,0.06283903562914994,0.038355402238505976,0.004903321963626084,-0.02872989882251531,0.06490533860408831,-0.04638184452944527,0.0017118419342423419,0.0012876712328766526,0.04425725342148312,0.07949687070066824,0.04403628688952699,0.06709760577405688,0.03862260039249721,0.05063555380530804,0.06611019097935777,0.06214687895708626,0.024530108915473914,0.05087269929621341,0.007378089271137922,0.00854799535633588,8.071153897505541e-4,11.279999732971191,200.28543090820312,49.369998931884766,223.3000030517578,214.5500030517578,730940,485.67999267578125,380.59100341796875,48.88130569458008,10.292439460754395,301.2200012207031,177.7623748779297,90.77498626708984,280.3697509765625,31.566925048828125,383.8800048828125,157.72378540039062,155.38995361328125,608.1712646484375,95.06920623779297,323.6300048828125,79.18000030517578,78.774383544921875,96.46348571777344,124.73042297363281,106.00109100341797
2025-07-03,0.016961891267987417,-0.02558476857637193,0.01007924666809723,0.011205851595843086,0.09351845117005886,0.062015147754372224,0.012789623200671896,0.0523861235171692,0.006067773828522638,0.01965345396634799,4.926135640315188e-4,0.025781618026778252,-0.00140008377128098,-0.004767833201083538,0.024683909989964947,0.006385435085997093,0.03593059702044887,0.034181537856082134,0.048674691601601205,0.02561007577606289,0.04016166068349847,0.036347505063647256,0.05970165847339248,0.034028769323930064,0.005271279962555164,0.0020629308184043627,8.153845713688777e-4,11.6899995803833,212.70616149902344,51.04999923706055,223.41000366210938,215.9199981689453,727455,485,393.6001892089844,50.13315963745117,11.254972457885742,307.1400146484375,180.035888671875,91.25348663330078,290.443603515625,33.45152282714844,403.989990234375,159.3135223388672,156.33282470703125,618.48699951171875,99.69667053222656,315.3500061035156,82.36000061035156,78.9368896484375,97.54444122314453,127.80925750732422,108.73397064208984
2025-07-11,-0.0027505378065231234,-0.005834775019115224,0.03501944444524252,-0.04026015723470899,-0.0025402285468509866,-0.011191750076453122,0.004209484464224866,0.07571968879759572,-0.02350316648557771,0.006511688170260932,0.007206483970997768,0.02878793183739603,-0.018845391027706215,-0.02008784048497847,-0.0043196675782873895,0.05057427872151532,-0.030878543143107673,0.020258513845832438,0.0017297187927063362,0.11384186721352973,0.06471590324860643,0.0453379560025724,0.08949522391994824,0.029187104813610087,-0.004849768539284649,-0.005094711057432866,8.148076901069054e-4,12.220000267028809,210.3256072998047,52.540000915527344,225.02000427246094,226.83999633789062,712842,475.8599853515625,401.5739440917969,55.84041213989258,11.2263822555542,309.1400146484375,180.7937469482422,90.81092834472656,281.4751281738281,36.445274353027344,434.5799865722656,164.89259338378906,152.65850830078125,616.78582763671875,99.8691177368164,313.510009765625,87.69000244140625,78.53472900390625,93.6172866821289,127.25716400146484,111.86419677734375
2025-07-18,0.006350058320194307,0.05148155921058262,0.045416045545598305,0.006885561062392576,-0.052631583418388916,9.453058238451106e-5,0.025536230369770818,-0.026140148425066623,-0.005662579358272968,-0.002426085153851454,0.004932897472562203,-0.0663605565961709,-0.0043289993317505715,-0.002613482370567355,0.019699036879885723,0.011020984131370426,0.01537332801207203,0.01919092012744339,-0.007482632794616029,-0.00635479879430767,0.05200133916794791,0.023731583921113852,-0.016698084867870833,0.011610213165627936,0.0026959270825195336,0.0028043355433573502,8.134615421295165e-4,12.510000228881836,210.34548950195312,53.150001525878906,226.1300048828125,229.33999633789062,710979,473.79998779296875,409.280517578125,55.485557556152344,10.635519981384277,308.3900146484375,185.41053771972656,91.05574798583984,285.8023376464844,35.836708068847656,423.2200012207031,172.38136291503906,151.7940673828125,620.70245361328125,99.12183380126953,329.6499938964844,92.25,78.75496673583984,94.26189422607422,129.76400756835938,104.44082641601562
2025-07-25,0.015169344601831947,-0.041225531895984546,0.0063221059051437045,0.025460346521010147,0.027777690599777527,0.012785449208506439,0.0437776441818063,-0.040947938477104984,0.020631734535748736,-0.0032102879630578895,0.023482056533566054,0.024403788427547868,0.0216758543601685,0.02143663877554758,0.004216262666955517,0.016220464289283365,0.02523456325570561,0.05228037482410364,0.025033834030026014,-0.025404246595063684,-0.012357716960958665,-0.08073542848944548,-0.09038629273806098,-0.018626559737439763,0.003516254360441229,0.004619973066787297,8.163461318382851e-4,11.5,213.03485107421875,52.15999984741211,231.44000244140625,233.05999755859375,726220,484.07000732421875,430.6778564453125,54.07598876953125,10.930950164794922,307.3999938964844,193.52737426757812,91.37592315673828,293.0144348144531,32.59756088256836,405.8900146484375,173.47117614746094,154.92584228515625,630.11810302734375,101.60323333740234,316.05999755859375,91.11000061035156,79.11881256103516,96.661834716796875,130.31112670898438,106.98957824707031
2025-08-01,-0.02414078849422041,-0.04249190906638378,0.0012679653716589634,0.010464763853173631,-0.05666950388468539,-0.05376840460433485,-0.02127996429869561,-0.096725734432344,-0.048325851306285084,0.005562756958459758,-0.07211373256717657,-0.006884024331439531,-0.02319914643835086,-0.020296879733414097,-0.018779354267587922,-0.04788468110793498,-0.03097589886243779,-0.011665726126118936,-0.05921738569544566,-0.06434491823188082,-0.07178137275508145,-0.04086958843728772,-0.10267990832339113,-0.015145723118067389,-0.001556172023887803,0.009123878367188532,8.042308000417856e-4,11.029999732971191,201.58030700683594,51.369998931884766,214.75,221.89999389648438,711480,472.8399963378906,425.6536865234375,50.596473693847656,10.311498641967773,309.1099853515625,189.40911865234375,91.23372650146484,283.93804931640625,29.250446319580078,366.6300048828125,173.69113159179688,147.4389190673828,614.90655517578125,95.58655548095703,302.6300048828125,84.56999969482422,79.84068298339844,97.67337799072266,127.86396789550781,106.25305938720703
2025-08-08,0.02486662288010799,0.08928390634674455,0.051692336182781684,0.053203324885596315,0.046210597287001276,0.13326417762117826,0.06391159157781168,0.07773504519661345,0.018984312330576625,0.012746280056029624,0.03697323604845759,-0.02590300529173928,-0.015734714700593178,-0.018890200708382543,0.0344264402049097,0.032537185305517635,-0.0021079994780784927,-0.02838880914723596,0.056429782417534824,0.04868028663793322,0.05581176821255207,0.05349049563657249,-0.006040236421547718,0.01771461682564457,0.0038400469904007473,-0.0019268260939114823,7.948076725006103e-4,11.619999885559082,228.44374084472656,52.279998779296875,222.69000244140625,229.1199951171875,698040,465.3999938964844,413.56988525390625,53.05952453613281,10.787999153137207,313.04998779296875,201.51455688476562,91.58406829833984,283.3395080566406,29.073766708374023,395.1300048828125,182.6696319580078,150.23794555664062,630.19720458984375,100.98048400878906,329.6499938964844,89.29000091552734,79.68684387207031,102.86992645263672,132.265869140625,103.50078582763672
2025-08-15,0.009824650506321975,0.0027605147245812756,-0.012315229992857168,-0.03370715934677149,0.024171950639836126,0.01091255402256941,0.013954157882454243,-0.0729127051921511,0.0055370742659399674,-0.01795238887185069,0.03745114844158759,0.006375766573259556,0.025354573410612202,0.027519912898974264,-8.272790031028654e-4,0.026798182264747394,0.005991080373040081,-0.020959340040310304,-0.011980766583502778,0.12304263152915085,0.13036173446409127,0.13339072340793634,0.06347066104389887,0.09716912681081369,0.002067708993263695,0.002171912031291523,7.907692285684439e-4,13.170000076293945,230.9366455078125,57.36000061035156,231.02999877929688,235.25999450683594,717250,477.20001220703125,404.9017333984375,59.58810806274414,11.048766136169434,307.42999267578125,204.32652282714844,91.7734375,285.0370178222656,30.919097900390625,366.32000732421875,180.42001342773438,151.06982421875,636.388671875,99.770660400390625,330.55999755859375,100.93000030517578,79.85991668701172,99.40247344970703,132.1564483642578,104.16068267822266
2025-08-22,0.0029062228578617955,0.028587888059129707,-0.013632520145879456,-0.0316999594976729,0.026223793577317744,-0.016537796940850447,0.008833266384098426,-0.022357507855576997,0.027921687282435492,0.010246215306020545,-0.009479299021675325,0.04498075780574018,0.02472755132254556,0.023917741373300716,-0.012344641297401426,-0.021848165900127503,0.019794128388229026,0.06836857901298021,-0.036691967815592696,0.0240702940623847,0.020311136882585457,0.02885346334393124,0.04031729534514383,0.037308217693118984,0.005262148048437831,0.003852532993153357,7.861538116748517e-4,13.550000190734863,227.11746215820312,59.5,228.83999633789062,230.1199951171875,734405,489,432.58428955078125,61.02241134643555,11.338506698608398,310.5799865722656,206.1313934326172,92.25636291503906,290.6790771484375,32.165672302246094,358.1300048828125,177.96043395996094,155.28794860839844,638.2381591796875,96.10987854003906,340.010009765625,102.9800033569336,80.1675796508789,96.25141906738281,130.5250244140625,108.84590911865234
2025-08-29,-4.0289210161259525e-4,-0.018058334966873257,-0.0214058098323604,0.0015490811332332655,0.0025554099716333933,0.01923077698283504,0.0329430091449221,-0.06623293468098213,-0.010272919659336077,0.024116237606347957,6.991944794174643e-4,0.02704888484340162,0.028588979522143454,0.028424370749109862,1.1409749350255183e-4,0.01981573811641879,0.01748593066730275,-0.03817114478654626,-0.0328494629886974,0.0014589296427460763,0.019615426075147768,-0.013284155176533585,0.003967249673210604,0.055126029904149165,8.211060560727734e-4,4.797422848428212e-4,7.775000425485465e-4,13.369999885559082,231.485107421875,62.779998779296875,229,234.67999267578125,755280,502.9800109863281,416.0720520019531,61.1114387512207,11.367481231689453,318.07000732421875,212.92198181152344,92.33211517333984,295.7618713378906,32.29328155517578,334.4100036621094,174.1510467529297,153.69268798828125,637.98101806640625,92.95272064208984,333.8699951171875,105,80.20603942871094,96.40052032470703,130.5399169921875,111.79006958007812
2025-09-05,0.003395014159525145,0.05082817105127013,-0.04110674665734648,0.036399296611609566,-0.002548896496110453,0.03252341633242395,0.10134408958542873,0.004365872548936389,0.0189762046875801,0.04080856468657568,0.014541492712029314,-0.04427332365674552,-0.006382007043105986,-0.006853087596652929,0.0015621157246747952,-0.02160385300690737,-0.023356179754992157,0.009641077879034787,-0.0292770574364557,-0.009711861993482285,0.015142822265624911,-0.02169034886576593,-0.040541657954826005,0.0058936405507552525,0.005454730996256485,0.010807241405354162,7.519230934289786e-4,13.079999923706055,239.0137939453125,63.150001525878906,232.3300018310547,229.61000061035156,750104,499.7699890136719,420.08343505859375,60.5179328918457,11.338506698608398,331.04998779296875,234.5003662109375,92.83576202392578,288.85400390625,30.984058380126953,335.8699951171875,166.9922637939453,156.60919189453125,640.14697265625,90.23133850097656,350.8399963378906,106.58999633789062,81.072845458984375,99.90943145751953,130.74383544921875,106.84075164794922
2025-09-12,0.015712848993265638,0.12854864489304196,0.06472283227209785,0.029648739638385546,-0.005110651724586357,-0.023446808760567484,0.027323861143023986,-0.013189605324034903,-0.01324835290747639,0.013200500818319139,-0.017991683818820436,0.02682408835125183,-0.012065547975774749,-0.013047524076661321,0.030510614082303045,-0.05953572637344884,0.0425640622543626,0.019948938250065718,-0.03445310067759655,-0.021412201006113518,-9.376589904608323e-5,-0.012996947804704395,0.008601520384965644,0.003483727643548873,0.0018461282054842432,0.004167176404382245,7.55384610249446e-4,12.90999984741211,233.40968322753906,63.369998931884766,228.14999389648438,215.94000244140625,740317,493.739990234375,428.4636535644531,59.222110748291016,11.280559539794922,335.4200134277344,240.90782165527344,93.00714874267578,301.1488037109375,31.250568389892578,331.44000244140625,177.80047607421875,154.5343780517578,650.20550537109375,87.122589111328125,395.94000244140625,106.58000183105469,81.41069030761719,102.87162017822266,134.73291015625,109.70665740966797
2025-09-19,0.012366883329310907,0.07609740035618495,-0.00646728912289829,-0.011208736783656081,-0.0051370737380251885,0.04883145993815541,0.05741982824443803,0.040158090334756036,-0.01177973185064718,0.0112097641688782,0.014595669165634817,0.005884430658123607,-0.0018025360482486485,1.1211413489076172e-4,0.029681231494602,-0.0013430051942348031,0.02564256908461293,0.08115508254797033,-0.02034243334023389,-0.0018373921180290242,-0.0025333483563730885,-0.03563129694685341,0.02716356843607204,-0.09657565149185243,0.004094291083982293,-5.925592995074114e-4,7.457692348040066e-4,12.449999809265137,244.8074188232422,57.25,231.47999572753906,215.64999389648438,740400,492.8500061035156,463.23565673828125,59.11329650878906,11.222610473632812,339.17999267578125,254.74070739746094,93.38794708251953,308.87103271484375,32.09944534301758,344.75,176.6505889892578,152.71400451660156,658.24652099609375,85.35030364990234,426.07000732421875,106.30999755859375,81.3624496459961,101.71855926513672,138.73194885253906,110.35221862792969
2025-09-26,-0.0028326211059341855,0.03363293901455311,0.00860371705108065,0.008111034314385535,0.03356297205245529,0.040570257519790154,-0.031578130215918376,-0.10352430004758884,-0.022686349731946498,0.022289043345254944,-0.050544311232896044,0.03900025207261626,0.014568312035839082,0.012560777957860703,9.979171655061236e-4,0.02601437871148038,0.004066460852125919,-0.001671947320911804,-0.0031771599892196356,-0.04283799714458958,-0.07901414814589414,-0.09156621743881987,3.0755785397351687e-4,-0.11126635688881692,-0.00244662308745236,-0.00427124456565009,7.423076721338126e-4,11.3100004196167,254.73931884765625,50.880001068115234,219.77999877929688,221.25999450683594,749700,500.0299987792969,462.4611511230469,56.58100128173828,11.599274635314941,346.739990234375,246.69647216796875,93.15946197509766,310.1270446777344,32.109317779541016,309.05999755859375,178.17044067382812,149.24948120117188,656.3819580078125,85.079132080078125,440.3999938964844,97.910003662109375,81.01493072509766,102.5436019897461,138.87039184570312,114.6559829711914
